img/aan/0/aan-0001.png,912,1338,0.681614
img/aan/0/aan-0002.png,1419,2187,0.648834
img/aan/0/aan-0003.png,1419,2187,0.648834
img/aan/0/aan-0004.png,1419,2187,0.648834
img/aan/0/aan-0005.png,1419,2187,0.648834
img/aan/0/aan-0006.png,1419,2187,0.648834
img/aan/0/aan-0007.png,1419,2187,0.648834
img/aan/0/aan-0008.png,1419,2187,0.648834
img/aan/0/aan-0009.png,1419,2187,0.648834
img/aan/0/aan-0010.png,1419,2187,0.648834
img/aan/0/aan-0011.png,1419,2187,0.648834
img/aan/0/aan-0012.png,1419,2187,0.648834
img/aan/0/aan-0013.png,1419,2187,0.648834
img/aan/0/aan-0014.png,1419,2187,0.648834
img/aan/0/aan-0015.png,1419,2187,0.648834
img/aan/0/aan-0016.png,1419,2187,0.648834
img/aan/0/aan-0017.png,1419,2187,0.648834
img/aan/0/aan-0018.png,1419,2187,0.648834
img/aan/0/aan-0019.png,1419,2187,0.648834
img/aan/0/aan-0020.png,1419,2187,0.648834
img/aan/0/aan-0021.png,1419,2187,0.648834
img/aan/0/aan-0022.png,1419,2187,0.648834
img/aan/0/aan-0023.png,1419,2187,0.648834
img/aan/0/aan-0024.png,1419,2187,0.648834
img/aan/0/aan-0025.png,1419,2187,0.648834
img/aan/0/aan-0026.png,1419,2187,0.648834
img/aan/0/aan-0027.png,1419,2187,0.648834
img/aan/0/aan-0028.png,1419,2187,0.648834
img/aan/0/aan-0029.png,1419,2187,0.648834
img/aan/0/aan-0030.png,1419,2187,0.648834
img/aan/0/aan-0031.png,1419,2187,0.648834
img/aan/0/aan-0032.png,1419,2187,0.648834
img/aan/0/aan-0033.png,1419,2187,0.648834
img/aan/0/aan-0034.png,1419,2187,0.648834
img/aan/0/aan-0035.png,1419,2187,0.648834
img/aan/0/aan-0036.png,1419,2187,0.648834
img/aan/0/aan-0037.png,1419,2187,0.648834
img/aan/0/aan-0038.png,1419,2187,0.648834
img/aan/0/aan-0039.png,1419,2187,0.648834
img/aan/0/aan-0040.png,1419,2187,0.648834
img/aan/0/aan-0041.png,1419,2187,0.648834
img/aan/0/aan-0042.png,1419,2187,0.648834
img/aan/0/aan-0043.png,1419,2187,0.648834
img/aan/0/aan-0044.png,1419,2187,0.648834
img/aan/0/aan-0045.png,1419,2187,0.648834
img/aan/0/aan-0046.png,1419,2187,0.648834
img/aan/0/aan-0047.png,1419,2187,0.648834
img/aan/0/aan-0048.png,1419,2187,0.648834
img/aan/0/aan-0049.png,1419,2187,0.648834
img/aan/0/aan-0050.png,1419,2187,0.648834
img/aan/0/aan-0051.png,1419,2187,0.648834
img/aan/0/aan-0052.png,1419,2187,0.648834
img/aan/0/aan-0053.png,1419,2187,0.648834
img/aan/0/aan-0054.png,1419,2187,0.648834
img/aan/0/aan-0055.png,1419,2187,0.648834
img/aan/0/aan-0056.png,1419,2187,0.648834
img/aan/0/aan-0057.png,1419,2187,0.648834
img/aan/0/aan-0058.png,1419,2187,0.648834
img/aan/0/aan-0059.png,1419,2187,0.648834
img/aan/0/aan-0060.png,1419,2187,0.648834
img/aan/0/aan-0061.png,1419,2187,0.648834
img/aan/0/aan-0062.png,1419,2187,0.648834
img/aan/0/aan-0063.png,1419,2187,0.648834
img/aan/0/aan-0064.png,1419,2187,0.648834
img/aan/0/aan-0065.png,1419,2187,0.648834
img/aan/0/aan-0066.png,1419,2187,0.648834
img/aan/0/aan-0067.png,1419,2187,0.648834
img/aan/0/aan-0068.png,1419,2187,0.648834
img/aan/0/aan-0069.png,1419,2187,0.648834
img/aan/0/aan-0070.png,1419,2187,0.648834
img/aan/0/aan-0071.png,1419,2187,0.648834
img/aan/0/aan-0072.png,1419,2187,0.648834
img/aan/0/aan-0073.png,1419,2187,0.648834
img/aan/0/aan-0074.png,1419,2187,0.648834
img/aan/0/aan-0075.png,1419,2187,0.648834
img/aan/0/aan-0076.png,1419,2187,0.648834
img/aan/0/aan-0077.png,1419,2187,0.648834
img/aan/0/aan-0078.png,1419,2187,0.648834
img/aan/0/aan-0079.png,1419,2187,0.648834
img/aan/0/aan-0080.png,1419,2187,0.648834
img/aan/0/aan-0081.png,1419,2187,0.648834
img/aan/0/aan-0082.png,1419,2187,0.648834
img/aan/0/aan-0083.png,1419,2187,0.648834
img/aan/0/aan-0084.png,1419,2187,0.648834
img/aan/0/aan-0085.png,1419,2187,0.648834
img/aan/0/aan-0086.png,1419,2187,0.648834
img/aan/0/aan-0087.png,1419,2187,0.648834
img/aan/0/aan-0088.png,1419,2187,0.648834
img/aan/0/aan-0089.png,1419,2187,0.648834
img/aan/0/aan-0090.png,1419,2187,0.648834
img/aan/0/aan-0091.png,1419,2187,0.648834
img/aan/0/aan-0092.png,1419,2187,0.648834
img/aan/0/aan-0093.png,1419,2187,0.648834
img/aan/0/aan-0094.png,1419,2187,0.648834
img/aan/0/aan-0095.png,1419,2187,0.648834
img/aan/0/aan-0096.png,1419,2187,0.648834
img/aan/0/aan-0097.png,1419,2187,0.648834
img/aan/0/aan-0098.png,1419,2187,0.648834
img/aan/0/aan-0099.png,1419,2187,0.648834
img/aan/1/aan-0100.png,1419,2187,0.648834
img/aan/1/aan-0101.png,1419,2187,0.648834
img/aan/1/aan-0102.png,1419,2187,0.648834
img/aan/1/aan-0103.png,1419,2187,0.648834
img/aan/1/aan-0104.png,1419,2187,0.648834
img/aan/1/aan-0105.png,1419,2187,0.648834
img/aan/1/aan-0106.png,1419,2187,0.648834
img/aan/1/aan-0107.png,1419,2187,0.648834
img/aan/1/aan-0108.png,1419,2187,0.648834
img/aan/1/aan-0109.png,1419,2187,0.648834
img/aan/1/aan-0110.png,1419,2187,0.648834
img/aan/1/aan-0111.png,1419,2187,0.648834
img/aan/1/aan-0112.png,1419,2187,0.648834
img/aan/1/aan-0113.png,1419,2187,0.648834
img/aan/1/aan-0114.png,1419,2187,0.648834
img/aan/1/aan-0115.png,1419,2187,0.648834
img/aan/1/aan-0116.png,1419,2187,0.648834
img/aan/1/aan-0117.png,1419,2187,0.648834
img/aan/1/aan-0118.png,1419,2187,0.648834
img/aan/1/aan-0119.png,1419,2187,0.648834
img/aan/1/aan-0120.png,1419,2187,0.648834
img/aan/1/aan-0121.png,1419,2187,0.648834
img/aan/1/aan-0122.png,1419,2187,0.648834
img/aan/1/aan-0123.png,1419,2187,0.648834
img/aan/1/aan-0124.png,1419,2187,0.648834
img/aan/1/aan-0125.png,1419,2187,0.648834
img/aan/1/aan-0126.png,1419,2187,0.648834
img/aan/1/aan-0127.png,1419,2187,0.648834
img/aan/1/aan-0128.png,1419,2187,0.648834
img/aan/1/aan-0129.png,1419,2187,0.648834
img/aan/1/aan-0130.png,1419,2187,0.648834
img/aan/1/aan-0131.png,1419,2187,0.648834
img/aan/1/aan-0132.png,1419,2187,0.648834
img/aan/1/aan-0133.png,1419,2187,0.648834
img/aan/1/aan-0134.png,1419,2187,0.648834
img/aan/1/aan-0135.png,1419,2187,0.648834
img/aan/1/aan-0136.png,1419,2187,0.648834
img/aan/1/aan-0137.png,1419,2187,0.648834
img/aan/1/aan-0138.png,1419,2187,0.648834
img/aan/1/aan-0139.png,1419,2187,0.648834
img/aan/1/aan-0140.png,1419,2187,0.648834
img/aan/1/aan-0141.png,1419,2187,0.648834
img/aan/1/aan-0142.png,1419,2187,0.648834
img/aan/1/aan-0143.png,1419,2187,0.648834
img/aan/1/aan-0144.png,1419,2187,0.648834
img/aan/1/aan-0145.png,1419,2187,0.648834
img/aan/1/aan-0146.png,1419,2187,0.648834
img/aan/1/aan-0147.png,1419,2187,0.648834
img/aan/1/aan-0148.png,1419,2187,0.648834
img/aan/1/aan-0149.png,1419,2187,0.648834
img/aan/1/aan-0150.png,1419,2187,0.648834
img/aan/1/aan-0151.png,1419,2187,0.648834
img/aan/1/aan-0152.png,1419,2187,0.648834
img/aan/1/aan-0153.png,1419,2187,0.648834
img/aan/1/aan-0154.png,1419,2187,0.648834
img/aan/1/aan-0155.png,1419,2187,0.648834
img/aan/1/aan-0156.png,1419,2187,0.648834
img/aan/1/aan-0157.png,1419,2187,0.648834
img/aan/1/aan-0158.png,1419,2187,0.648834
img/aan/1/aan-0159.png,1419,2187,0.648834
img/aan/1/aan-0160.png,1419,2187,0.648834
img/aan/1/aan-0161.png,1419,2187,0.648834
img/aan/1/aan-0162.png,1419,2187,0.648834
img/aan/1/aan-0163.png,1419,2187,0.648834
img/aan/1/aan-0164.png,1419,2187,0.648834
img/aan/1/aan-0165.png,1419,2187,0.648834
img/aan/1/aan-0166.png,1419,2187,0.648834
img/aan/1/aan-0167.png,1419,2187,0.648834
img/aan/1/aan-0168.png,1419,2187,0.648834
img/aan/1/aan-0169.png,1419,2187,0.648834
img/aan/1/aan-0170.png,1419,2187,0.648834
img/aan/1/aan-0171.png,1419,2187,0.648834
img/aan/1/aan-0172.png,1419,2187,0.648834
img/aan/1/aan-0173.png,1419,2187,0.648834
img/aan/1/aan-0174.png,1419,2187,0.648834
img/aan/1/aan-0175.png,1419,2187,0.648834
img/aan/1/aan-0176.png,1419,2187,0.648834
img/aan/1/aan-0177.png,1419,2187,0.648834
img/aan/1/aan-0178.png,1419,2187,0.648834
img/aan/1/aan-0179.png,1419,2187,0.648834
img/aan/1/aan-0180.png,1419,2187,0.648834
img/aan/1/aan-0181.png,1419,2187,0.648834
img/aan/1/aan-0182.png,1419,2187,0.648834
img/aan/1/aan-0183.png,1419,2187,0.648834
img/aan/1/aan-0184.png,1419,2187,0.648834
img/aan/1/aan-0185.png,1419,2187,0.648834
img/aan/1/aan-0186.png,1419,2187,0.648834
img/aan/1/aan-0187.png,1419,2187,0.648834
img/aan/1/aan-0188.png,1419,2187,0.648834
img/aan/1/aan-0189.png,1419,2187,0.648834
img/aan/1/aan-0190.png,1419,2187,0.648834
img/aan/1/aan-0191.png,1419,2187,0.648834
img/aan/1/aan-0192.png,1419,2187,0.648834
img/aan/1/aan-0193.png,1419,2187,0.648834
img/aan/1/aan-0194.png,1419,2187,0.648834
img/aan/1/aan-0195.png,1419,2187,0.648834
img/aan/1/aan-0196.png,1419,2187,0.648834
img/aan/1/aan-0197.png,1419,2187,0.648834
img/aan/1/aan-0198.png,1419,2187,0.648834
img/aan/1/aan-0199.png,1419,2187,0.648834
img/aan/2/aan-0200.png,1419,2187,0.648834
img/aan/2/aan-0201.png,1419,2187,0.648834
img/aan/2/aan-0202.png,1419,2187,0.648834
img/aan/2/aan-0203.png,1419,2187,0.648834
img/aan/2/aan-0204.png,1419,2187,0.648834
img/aan/2/aan-0205.png,1419,2187,0.648834
img/aan/2/aan-0206.png,1419,2187,0.648834
img/aan/2/aan-0207.png,1419,2187,0.648834
img/aan/2/aan-0208.png,1419,2187,0.648834
img/aan/2/aan-0209.png,1419,2187,0.648834
img/aan/2/aan-0210.png,1419,2187,0.648834
img/aan/2/aan-0211.png,1419,2187,0.648834
img/aan/2/aan-0212.png,1419,2187,0.648834
img/aan/2/aan-0213.png,1419,2187,0.648834
img/aan/2/aan-0214.png,1419,2187,0.648834
img/aan/2/aan-0215.png,1419,2187,0.648834
img/aan/2/aan-0216.png,1419,2187,0.648834
img/aan/2/aan-0217.png,1419,2187,0.648834
img/aan/2/aan-0218.png,1419,2187,0.648834
img/aan/2/aan-0219.png,1419,2187,0.648834
img/aan/2/aan-0220.png,1419,2187,0.648834
img/aan/2/aan-0221.png,1419,2187,0.648834
img/aan/2/aan-0222.png,1419,2187,0.648834
img/aan/2/aan-0223.png,1419,2187,0.648834
img/aan/2/aan-0224.png,1419,2187,0.648834
img/aan/2/aan-0225.png,1419,2187,0.648834
img/aan/2/aan-0226.png,1419,2187,0.648834
img/aan/2/aan-0227.png,1419,2187,0.648834
img/aan/2/aan-0228.png,1419,2187,0.648834
img/aan/2/aan-0229.png,1419,2187,0.648834
img/aan/2/aan-0230.png,1419,2187,0.648834
img/aan/2/aan-0231.png,1419,2187,0.648834
img/aan/2/aan-0232.png,1419,2187,0.648834
img/aan/2/aan-0233.png,1419,2187,0.648834
img/aan/2/aan-0234.png,1419,2187,0.648834
img/aan/2/aan-0235.png,1419,2187,0.648834
img/aan/2/aan-0236.png,1419,2187,0.648834
img/aan/2/aan-0237.png,1419,2187,0.648834
img/aan/2/aan-0238.png,1419,2187,0.648834
img/aan/2/aan-0239.png,1419,2187,0.648834
img/aan/2/aan-0240.png,1419,2187,0.648834
img/aan/2/aan-0241.png,1419,2187,0.648834
img/aan/2/aan-0242.png,1419,2187,0.648834
img/aan/2/aan-0243.png,1419,2187,0.648834
img/aan/2/aan-0244.png,1419,2187,0.648834
img/aan/2/aan-0245.png,1419,2187,0.648834
img/aan/2/aan-0246.png,1419,2187,0.648834
img/aan/2/aan-0247.png,1419,2187,0.648834
img/aan/2/aan-0248.png,1419,2187,0.648834
img/aan/2/aan-0249.png,1419,2187,0.648834
img/aan/2/aan-0250.png,1419,2187,0.648834
img/aan/2/aan-0251.png,1419,2187,0.648834
img/aan/2/aan-0252.png,1419,2187,0.648834
img/aan/2/aan-0253.png,1419,2187,0.648834
img/aan/2/aan-0254.png,1419,2187,0.648834
img/aan/2/aan-0255.png,1419,2187,0.648834
img/aan/2/aan-0256.png,1419,2187,0.648834
img/aan/2/aan-0257.png,1419,2187,0.648834
img/aan/2/aan-0258.png,1419,2187,0.648834
img/aan/2/aan-0259.png,1419,2187,0.648834
img/aan/2/aan-0260.png,1419,2187,0.648834
img/aan/2/aan-0261.png,1419,2187,0.648834
img/aan/2/aan-0262.png,1419,2187,0.648834
img/aan/2/aan-0263.png,1419,2187,0.648834
img/aan/2/aan-0264.png,1419,2187,0.648834
img/aan/2/aan-0265.png,1419,2187,0.648834
img/aan/2/aan-0266.png,1419,2187,0.648834
img/aan/2/aan-0267.png,1419,2187,0.648834
img/aan/2/aan-0268.png,1419,2187,0.648834
img/aan/2/aan-0269.png,1419,2187,0.648834
img/aan/2/aan-0270.png,1419,2187,0.648834
img/aan/2/aan-0271.png,1419,2187,0.648834
img/aan/2/aan-0272.png,1419,2187,0.648834
img/aan/2/aan-0273.png,1419,2187,0.648834
img/aan/2/aan-0274.png,1419,2187,0.648834
img/aan/2/aan-0275.png,1419,2187,0.648834
img/aan/2/aan-0276.png,1419,2187,0.648834
img/aan/2/aan-0277.png,1419,2187,0.648834
img/aan/2/aan-0278.png,1419,2187,0.648834
img/aan/2/aan-0279.png,1419,2187,0.648834
img/aan/2/aan-0280.png,1419,2187,0.648834
img/aan/2/aan-0281.png,1419,2187,0.648834
img/aan/2/aan-0282.png,1419,2187,0.648834
img/aan/2/aan-0283.png,1419,2187,0.648834
img/aan/2/aan-0284.png,1419,2187,0.648834
img/aan/2/aan-0285.png,1419,2187,0.648834
img/aan/2/aan-0286.png,1419,2187,0.648834
img/aan/2/aan-0287.png,1419,2187,0.648834
img/aan/2/aan-0288.png,1419,2187,0.648834
img/aan/2/aan-0289.png,1419,2187,0.648834
img/aan/2/aan-0290.png,1419,2187,0.648834
img/aan/2/aan-0291.png,1419,2187,0.648834
img/aan/2/aan-0292.png,1419,2187,0.648834
img/aan/2/aan-0293.png,1419,2187,0.648834
img/aan/2/aan-0294.png,1419,2187,0.648834
img/aan/2/aan-0295.png,1419,2187,0.648834
img/aan/2/aan-0296.png,1419,2187,0.648834
img/aan/2/aan-0297.png,1419,2187,0.648834
img/aan/2/aan-0298.png,1419,2187,0.648834
img/aan/2/aan-0299.png,1419,2187,0.648834
img/aan/3/aan-0300.png,1419,2187,0.648834
img/aan/3/aan-0301.png,1419,2187,0.648834
img/aan/3/aan-0302.png,1419,2187,0.648834
img/aan/3/aan-0303.png,1419,2187,0.648834
img/aan/3/aan-0304.png,1419,2187,0.648834
img/aan/3/aan-0305.png,1419,2187,0.648834
img/aan/3/aan-0306.png,1419,2187,0.648834
img/aan/3/aan-0307.png,1419,2187,0.648834
img/aan/3/aan-0308.png,1419,2187,0.648834
img/aan/3/aan-0309.png,1419,2187,0.648834
img/aan/3/aan-0310.png,1419,2187,0.648834
img/aan/3/aan-0311.png,1419,2187,0.648834
img/aan/3/aan-0312.png,1419,2187,0.648834
img/aan/3/aan-0313.png,1419,2187,0.648834
img/aan/3/aan-0314.png,1419,2187,0.648834
img/aan/3/aan-0315.png,1419,2187,0.648834
img/aan/3/aan-0316.png,1419,2187,0.648834
img/aan/3/aan-0317.png,1419,2187,0.648834
img/aan/3/aan-0318.png,1419,2187,0.648834
img/aan/3/aan-0319.png,1419,2187,0.648834
img/aan/3/aan-0320.png,1419,2187,0.648834
img/aan/3/aan-0321.png,1419,2187,0.648834
img/aan/3/aan-0322.png,1419,2187,0.648834
img/aan/3/aan-0323.png,1419,2187,0.648834
img/aan/3/aan-0324.png,1419,2187,0.648834
img/aan/3/aan-0325.png,1419,2187,0.648834
img/aan/3/aan-0326.png,1419,2187,0.648834
img/aan/3/aan-0327.png,1419,2187,0.648834
img/aan/3/aan-0328.png,1419,2187,0.648834
img/aan/3/aan-0329.png,1419,2187,0.648834
img/aan/3/aan-0330.png,1419,2187,0.648834
img/aan/3/aan-0331.png,1419,2187,0.648834
img/aan/3/aan-0332.png,1419,2187,0.648834
img/aan/3/aan-0333.png,1419,2187,0.648834
img/aan/3/aan-0334.png,1419,2187,0.648834
img/aan/3/aan-0335.png,1419,2187,0.648834
img/aan/3/aan-0336.png,1419,2187,0.648834
img/aan/3/aan-0337.png,1419,2187,0.648834
img/aan/3/aan-0338.png,1419,2187,0.648834
img/aan/3/aan-0339.png,1419,2187,0.648834
img/aan/3/aan-0340.png,1419,2187,0.648834
img/aan/3/aan-0341.png,1419,2187,0.648834
img/aan/3/aan-0342.png,1419,2187,0.648834
img/aan/3/aan-0343.png,1419,2187,0.648834
img/aan/3/aan-0344.png,1419,2187,0.648834
img/aan/3/aan-0345.png,1419,2187,0.648834
img/aan/3/aan-0346.png,1419,2187,0.648834
img/aan/3/aan-0347.png,1419,2187,0.648834
img/aan/3/aan-0348.png,1419,2187,0.648834
img/aan/3/aan-0349.png,1419,2187,0.648834
img/aan/3/aan-0350.png,1419,2187,0.648834
img/aan/3/aan-0351.png,1419,2187,0.648834
img/aan/3/aan-0352.png,1419,2187,0.648834
img/aan/3/aan-0353.png,1419,2187,0.648834
img/aan/3/aan-0354.png,1419,2187,0.648834
img/aan/3/aan-0355.png,1419,2187,0.648834
img/aan/3/aan-0356.png,1419,2187,0.648834
img/aan/3/aan-0357.png,1419,2187,0.648834
img/aan/3/aan-0358.png,1419,2187,0.648834
img/aan/3/aan-0359.png,1419,2187,0.648834
img/aan/3/aan-0360.png,1419,2187,0.648834
img/aan/3/aan-0361.png,1419,2187,0.648834
img/aan/3/aan-0362.png,1419,2187,0.648834
img/aan/3/aan-0363.png,1419,2187,0.648834
img/aan/3/aan-0364.png,1419,2187,0.648834
img/aan/3/aan-0365.png,1419,2187,0.648834
img/aan/3/aan-0366.png,1419,2187,0.648834
img/aan/3/aan-0367.png,1419,2187,0.648834
img/aan/3/aan-0368.png,1419,2187,0.648834
img/aan/3/aan-0369.png,1419,2187,0.648834
img/aan/3/aan-0370.png,1419,2187,0.648834
img/aan/3/aan-0371.png,1419,2187,0.648834
img/aan/3/aan-0372.png,1419,2187,0.648834
img/aan/3/aan-0373.png,1419,2187,0.648834
img/aan/3/aan-0374.png,1419,2187,0.648834
img/aan/3/aan-0375.png,1419,2187,0.648834
img/aan/3/aan-0376.png,1419,2187,0.648834
img/aan/3/aan-0377.png,1419,2187,0.648834
img/aan/3/aan-0378.png,1419,2187,0.648834
img/aan/3/aan-0379.png,1419,2187,0.648834
img/aan/3/aan-0380.png,1419,2187,0.648834
img/aan/3/aan-0381.png,1419,2187,0.648834
img/aan/3/aan-0382.png,1419,2187,0.648834
img/aan/3/aan-0383.png,1419,2187,0.648834
img/aan/3/aan-0384.png,1419,2187,0.648834
img/aan/3/aan-0385.png,1419,2187,0.648834
img/aan/3/aan-0386.png,1419,2187,0.648834
img/aan/3/aan-0387.png,1419,2187,0.648834
img/aan/3/aan-0388.png,1419,2187,0.648834
img/aan/3/aan-0389.png,1419,2187,0.648834
img/aan/3/aan-0390.png,1419,2187,0.648834
img/aan/3/aan-0391.png,1419,2187,0.648834
img/aan/3/aan-0392.png,1419,2187,0.648834
img/aan/3/aan-0393.png,1419,2187,0.648834
img/aan/3/aan-0394.png,1419,2187,0.648834
img/aan/3/aan-0395.png,1419,2187,0.648834
img/aan/3/aan-0396.png,1419,2187,0.648834
img/aan/3/aan-0397.png,1419,2187,0.648834
img/aan/3/aan-0398.png,1419,2187,0.648834
img/aan/3/aan-0399.png,1419,2187,0.648834
img/aan/4/aan-0400.png,1419,2187,0.648834
img/aan/4/aan-0401.png,1419,2187,0.648834
img/aan/4/aan-0402.png,1419,2187,0.648834
img/aan/4/aan-0403.png,1419,2187,0.648834
img/aan/4/aan-0404.png,1419,2187,0.648834
img/aan/4/aan-0405.png,1419,2187,0.648834
img/aan/4/aan-0406.png,1419,2187,0.648834
img/aan/4/aan-0407.png,1419,2187,0.648834
img/aan/4/aan-0408.png,1419,2187,0.648834
img/aan/4/aan-0409.png,1419,2187,0.648834
img/aan/4/aan-0410.png,1419,2187,0.648834
img/aan/4/aan-0411.png,1419,2187,0.648834
img/aan/4/aan-0412.png,1419,2187,0.648834
img/aan/4/aan-0413.png,1419,2187,0.648834
img/aan/4/aan-0414.png,1419,2187,0.648834
img/aan/4/aan-0415.png,1419,2187,0.648834
img/aan/4/aan-0416.png,1419,2187,0.648834
img/aan/4/aan-0417.png,1419,2187,0.648834
img/aan/4/aan-0418.png,1419,2187,0.648834
img/aan/4/aan-0419.png,1419,2187,0.648834
img/aan/4/aan-0420.png,1419,2187,0.648834
img/aan/4/aan-0421.png,1419,2187,0.648834
img/aan/4/aan-0422.png,1419,2187,0.648834
img/aan/4/aan-0423.png,1419,2187,0.648834
img/aan/4/aan-0424.png,1419,2187,0.648834
img/aan/4/aan-0425.png,1419,2187,0.648834
img/aan/4/aan-0426.png,1419,2187,0.648834
img/aan/4/aan-0427.png,1419,2187,0.648834
img/aan/4/aan-0428.png,1419,2187,0.648834
img/aan/4/aan-0429.png,1419,2187,0.648834
img/aan/4/aan-0430.png,1419,2187,0.648834
img/aan/4/aan-0431.png,1419,2187,0.648834
img/aan/4/aan-0432.png,1419,2187,0.648834
img/aan/4/aan-0433.png,1419,2187,0.648834
img/aan/4/aan-0434.png,1419,2187,0.648834
img/aan/4/aan-0435.png,1419,2187,0.648834
img/aan/4/aan-0436.png,1419,2187,0.648834
img/aan/4/aan-0437.png,1419,2187,0.648834
img/aan/4/aan-0438.png,1419,2187,0.648834
img/aan/4/aan-0439.png,1419,2187,0.648834
img/aan/4/aan-0440.png,1419,2187,0.648834
img/aan/4/aan-0441.png,1419,2187,0.648834
img/aan/4/aan-0442.png,1419,2187,0.648834
img/aan/4/aan-0443.png,1419,2187,0.648834
img/aan/4/aan-0444.png,1419,2187,0.648834
img/aan/4/aan-0445.png,1419,2187,0.648834
img/aan/4/aan-0446.png,1419,2187,0.648834
img/aan/4/aan-0447.png,1419,2187,0.648834
img/aan/4/aan-0448.png,1419,2187,0.648834
img/aan/4/aan-0449.png,1419,2187,0.648834
img/aan/4/aan-0450.png,1419,2187,0.648834
img/aan/4/aan-0451.png,1419,2187,0.648834
img/aan/4/aan-0452.png,1419,2187,0.648834
img/aan/4/aan-0453.png,1419,2187,0.648834
img/aan/4/aan-0454.png,1419,2187,0.648834
img/aan/4/aan-0455.png,1419,2187,0.648834
img/aan/4/aan-0456.png,1419,2187,0.648834
img/aan/4/aan-0457.png,1419,2187,0.648834
img/aan/4/aan-0458.png,1419,2187,0.648834
img/aan/4/aan-0459.png,1419,2187,0.648834
img/aan/4/aan-0460.png,1419,2187,0.648834
img/aan/4/aan-0461.png,1419,2187,0.648834
img/aan/4/aan-0462.png,1419,2187,0.648834
img/aan/4/aan-0463.png,1419,2187,0.648834
img/aan/4/aan-0464.png,1419,2187,0.648834
img/aan/4/aan-0465.png,1419,2187,0.648834
img/aan/4/aan-0466.png,1419,2187,0.648834
img/aan/4/aan-0467.png,1419,2187,0.648834
img/aan/4/aan-0468.png,1419,2187,0.648834
img/aan/4/aan-0469.png,1419,2187,0.648834
img/aan/4/aan-0470.png,1419,2187,0.648834
img/aan/4/aan-0471.png,1419,2187,0.648834
img/aan/4/aan-0472.png,1419,2187,0.648834
img/aan/4/aan-0473.png,1419,2187,0.648834
img/aan/4/aan-0474.png,1419,2187,0.648834
img/aan/4/aan-0475.png,1419,2187,0.648834
img/aan/4/aan-0476.png,1419,2187,0.648834
img/aan/4/aan-0477.png,1419,2187,0.648834
img/aan/4/aan-0478.png,1419,2187,0.648834
img/aan/4/aan-0479.png,1419,2187,0.648834
img/aan/4/aan-0480.png,1419,2187,0.648834
img/aan/4/aan-0481.png,1419,2187,0.648834
img/aan/4/aan-0482.png,1419,2187,0.648834
img/aan/4/aan-0483.png,1419,2187,0.648834
img/aan/4/aan-0484.png,1419,2187,0.648834
img/aan/4/aan-0485.png,1419,2187,0.648834
img/aan/4/aan-0486.png,1419,2187,0.648834
img/aan/4/aan-0487.png,1419,2187,0.648834
img/aan/4/aan-0488.png,1419,2187,0.648834
img/aan/4/aan-0489.png,1419,2187,0.648834
img/aan/4/aan-0490.png,1419,2187,0.648834
img/aan/4/aan-0491.png,1419,2187,0.648834
img/aan/4/aan-0492.png,1419,2187,0.648834
img/aan/4/aan-0493.png,1419,2187,0.648834
img/aan/4/aan-0494.png,1419,2187,0.648834
img/aan/4/aan-0495.png,1419,2187,0.648834
img/aan/4/aan-0496.png,1419,2187,0.648834
img/aan/4/aan-0497.png,1419,2187,0.648834
img/aan/4/aan-0498.png,1419,2187,0.648834
img/aan/4/aan-0499.png,1419,2187,0.648834
img/aan/5/aan-0500.png,1419,2187,0.648834
img/aan/5/aan-0501.png,1419,2187,0.648834
img/aan/5/aan-0502.png,1419,2187,0.648834
img/aan/5/aan-0503.png,1419,2187,0.648834
img/aan/5/aan-0504.png,1419,2187,0.648834
img/aan/5/aan-0505.png,1419,2187,0.648834
img/aan/5/aan-0506.png,1419,2187,0.648834
img/aan/5/aan-0507.png,1419,2187,0.648834
img/aan/5/aan-0508.png,1419,2187,0.648834
img/aan/5/aan-0509.png,1419,2187,0.648834
img/aan/5/aan-0510.png,1419,2187,0.648834
img/aan/5/aan-0511.png,1419,2187,0.648834
img/aan/5/aan-0512.png,1419,2187,0.648834
img/aan/5/aan-0513.png,1419,2187,0.648834
img/aan/5/aan-0514.png,1419,2187,0.648834
img/aan/5/aan-0515.png,1419,2187,0.648834
img/aan/5/aan-0516.png,1419,2187,0.648834
img/aan/5/aan-0517.png,1419,2187,0.648834
img/aan/5/aan-0518.png,1419,2187,0.648834
img/aan/5/aan-0519.png,1419,2187,0.648834
img/aan/5/aan-0520.png,1419,2187,0.648834
img/aan/5/aan-0521.png,1419,2187,0.648834
img/aan/5/aan-0522.png,1419,2187,0.648834
img/aan/5/aan-0523.png,1419,2187,0.648834
img/aan/5/aan-0524.png,1419,2187,0.648834
img/aan/5/aan-0525.png,1419,2187,0.648834
img/aan/5/aan-0526.png,1419,2187,0.648834
img/aan/5/aan-0527.png,1419,2187,0.648834
img/aan/5/aan-0528.png,1419,2187,0.648834
img/aan/5/aan-0529.png,1419,2187,0.648834
img/aan/5/aan-0530.png,1419,2187,0.648834
img/aan/5/aan-0531.png,1419,2187,0.648834
img/aan/5/aan-0532.png,1419,2187,0.648834
img/aan/5/aan-0533.png,1419,2187,0.648834
img/aan/5/aan-0534.png,1419,2187,0.648834
img/aan/5/aan-0535.png,1419,2187,0.648834
img/aan/5/aan-0536.png,1419,2187,0.648834
img/aan/5/aan-0537.png,1419,2187,0.648834
img/aan/5/aan-0538.png,1419,2187,0.648834
img/aan/5/aan-0539.png,1419,2187,0.648834
img/aan/5/aan-0540.png,1419,2187,0.648834
img/aan/5/aan-0541.png,1419,2187,0.648834
img/aan/5/aan-0542.png,1419,2187,0.648834
img/aan/5/aan-0543.png,1419,2187,0.648834
img/aan/5/aan-0544.png,1419,2187,0.648834
img/aan/5/aan-0545.png,1419,2187,0.648834
img/aan/5/aan-0546.png,1419,2187,0.648834
img/aan/5/aan-0547.png,1419,2187,0.648834
img/aan/5/aan-0548.png,1419,2187,0.648834
img/aan/5/aan-0549.png,1419,2187,0.648834
img/aan/5/aan-0550.png,1419,2187,0.648834
img/aan/5/aan-0551.png,1419,2187,0.648834
img/aan/5/aan-0552.png,1419,2187,0.648834
img/aan/5/aan-0553.png,1419,2187,0.648834
img/aan/5/aan-0554.png,1419,2187,0.648834
img/aan/5/aan-0555.png,1419,2187,0.648834
img/aan/5/aan-0556.png,1419,2187,0.648834
img/aan/5/aan-0557.png,1419,2187,0.648834
img/aan/5/aan-0558.png,1419,2187,0.648834
img/aan/5/aan-0559.png,1419,2187,0.648834
img/aan/5/aan-0560.png,1419,2187,0.648834
img/aan/5/aan-0561.png,1419,2187,0.648834
img/aan/5/aan-0562.png,1419,2187,0.648834
img/aan/5/aan-0563.png,1419,2187,0.648834
img/aan/5/aan-0564.png,1419,2187,0.648834
img/aan/5/aan-0565.png,1419,2187,0.648834
img/aan/5/aan-0566.png,1419,2187,0.648834
img/aan/5/aan-0567.png,1419,2187,0.648834
img/aan/5/aan-0568.png,1419,2187,0.648834
img/aan/5/aan-0569.png,1419,2187,0.648834
img/aan/5/aan-0570.png,1419,2187,0.648834
img/aan/5/aan-0571.png,1419,2187,0.648834
img/aan/5/aan-0572.png,1419,2187,0.648834
img/aan/5/aan-0573.png,1419,2187,0.648834
img/aan/5/aan-0574.png,1419,2187,0.648834
img/aan/5/aan-0575.png,1419,2187,0.648834
img/aan/5/aan-0576.png,1419,2187,0.648834
img/aan/5/aan-0577.png,1419,2187,0.648834
img/aan/5/aan-0578.png,1419,2187,0.648834
img/aan/5/aan-0579.png,1419,2187,0.648834
img/aan/5/aan-0580.png,1419,2187,0.648834
img/aan/5/aan-0581.png,1419,2187,0.648834
img/aan/5/aan-0582.png,1419,2187,0.648834
img/aan/5/aan-0583.png,1419,2187,0.648834
img/aan/5/aan-0584.png,1419,2187,0.648834
img/aan/5/aan-0585.png,1419,2187,0.648834
img/aan/5/aan-0586.png,1419,2187,0.648834
img/aan/5/aan-0587.png,1419,2187,0.648834
img/aan/5/aan-0588.png,1419,2187,0.648834
img/aan/5/aan-0589.png,1419,2187,0.648834
img/aan/5/aan-0590.png,1419,2187,0.648834
img/aan/5/aan-0591.png,1419,2187,0.648834
img/aan/5/aan-0592.png,1419,2187,0.648834
img/aan/5/aan-0593.png,1419,2187,0.648834
img/aan/5/aan-0594.png,1419,2187,0.648834
img/aan/5/aan-0595.png,1419,2187,0.648834
img/aan/5/aan-0596.png,1419,2187,0.648834
img/aan/5/aan-0597.png,1419,2187,0.648834
img/aan/5/aan-0598.png,1419,2187,0.648834
img/aan/5/aan-0599.png,1419,2187,0.648834
img/aan/6/aan-0600.png,1419,2187,0.648834
img/aan/6/aan-0601.png,1419,2187,0.648834
img/aan/6/aan-0602.png,1419,2187,0.648834
img/aan/6/aan-0603.png,1419,2187,0.648834
img/aan/6/aan-0604.png,1419,2187,0.648834
img/aan/6/aan-0605.png,1419,2187,0.648834
img/aan/6/aan-0606.png,1419,2187,0.648834
img/aan/6/aan-0607.png,1419,2187,0.648834
img/aan/6/aan-0608.png,1419,2187,0.648834
img/aan/6/aan-0609.png,1419,2187,0.648834
img/aan/6/aan-0610.png,1419,2187,0.648834
img/aan/6/aan-0611.png,1419,2187,0.648834
img/aan/6/aan-0612.png,1419,2187,0.648834
img/aan/6/aan-0613.png,1419,2187,0.648834
img/aan/6/aan-0614.png,1419,2187,0.648834
img/aan/6/aan-0615.png,1419,2187,0.648834
img/aan/6/aan-0616.png,1419,2187,0.648834
img/aan/6/aan-0617.png,1419,2187,0.648834
img/aan/6/aan-0618.png,1419,2187,0.648834
img/aan/6/aan-0619.png,1419,2187,0.648834
img/aan/6/aan-0620.png,1419,2187,0.648834
img/aan/6/aan-0621.png,1419,2187,0.648834
img/aan/6/aan-0622.png,1419,2187,0.648834
img/aan/6/aan-0623.png,1419,2187,0.648834
img/aan/6/aan-0624.png,1419,2187,0.648834
img/aan/6/aan-0625.png,1419,2187,0.648834
img/aan/6/aan-0626.png,1419,2187,0.648834
img/aan/6/aan-0627.png,1419,2187,0.648834
img/aan/6/aan-0628.png,1419,2187,0.648834
img/aan/6/aan-0629.png,1419,2187,0.648834
img/aan/6/aan-0630.png,1419,2187,0.648834
img/aan/6/aan-0631.png,1419,2187,0.648834
img/aan/6/aan-0632.png,1419,2187,0.648834
img/aan/6/aan-0633.png,1419,2187,0.648834
img/aan/6/aan-0634.png,1419,2187,0.648834
img/aan/6/aan-0635.png,1419,2187,0.648834
img/aan/6/aan-0636.png,1419,2187,0.648834
img/aan/6/aan-0637.png,1419,2187,0.648834
img/aan/6/aan-0638.png,1419,2187,0.648834
img/aan/6/aan-0639.png,1419,2187,0.648834
img/aan/6/aan-0640.png,1419,2187,0.648834
img/aan/6/aan-0641.png,1419,2187,0.648834
img/aan/6/aan-0642.png,1419,2187,0.648834
img/aan/6/aan-0643.png,1419,2187,0.648834
img/aan/6/aan-0644.png,1419,2187,0.648834
img/aan/6/aan-0645.png,1419,2187,0.648834
img/aan/6/aan-0646.png,1419,2187,0.648834
img/aan/6/aan-0647.png,1419,2187,0.648834
img/aan/6/aan-0648.png,1419,2187,0.648834
img/aan/6/aan-0649.png,1419,2187,0.648834
img/aan/6/aan-0650.png,1419,2187,0.648834
img/aan/6/aan-0651.png,1419,2187,0.648834
img/aan/6/aan-0652.png,1419,2187,0.648834
img/aan/6/aan-0653.png,1419,2187,0.648834
img/aan/6/aan-0654.png,1419,2187,0.648834
img/aan/6/aan-0655.png,1419,2187,0.648834
img/aan/6/aan-0656.png,1419,2187,0.648834
img/aan/6/aan-0657.png,1419,2187,0.648834
img/aan/6/aan-0658.png,1419,2187,0.648834
img/aan/6/aan-0659.png,1419,2187,0.648834
img/aan/6/aan-0660.png,1419,2187,0.648834
img/aan/6/aan-0661.png,1419,2187,0.648834
img/aan/6/aan-0662.png,1419,2187,0.648834
img/aan/6/aan-0663.png,1419,2187,0.648834
img/aan/6/aan-0664.png,1419,2187,0.648834
img/aan/6/aan-0665.png,1419,2187,0.648834
img/aan/6/aan-0666.png,1419,2187,0.648834
img/aan/6/aan-0667.png,1419,2187,0.648834
img/aan/6/aan-0668.png,1419,2187,0.648834
img/aan/6/aan-0669.png,1419,2187,0.648834
img/aan/6/aan-0670.png,1419,2187,0.648834
img/aan/6/aan-0671.png,1419,2187,0.648834
img/aan/6/aan-0672.png,1419,2187,0.648834
img/aan/6/aan-0673.png,1419,2187,0.648834
img/aan/6/aan-0674.png,1419,2187,0.648834
img/aan/6/aan-0675.png,1419,2187,0.648834
img/aan/6/aan-0676.png,1419,2187,0.648834
img/aan/6/aan-0677.png,1419,2187,0.648834
img/aan/6/aan-0678.png,1419,2187,0.648834
img/aan/6/aan-0679.png,1419,2187,0.648834
img/aan/6/aan-0680.png,1419,2187,0.648834
img/aan/6/aan-0681.png,1419,2187,0.648834
img/aan/6/aan-0682.png,1419,2187,0.648834
img/aan/6/aan-0683.png,1419,2187,0.648834
img/aan/6/aan-0684.png,1419,2187,0.648834
img/aan/6/aan-0685.png,1419,2187,0.648834
img/aan/6/aan-0686.png,1419,2187,0.648834
img/aan/6/aan-0687.png,1419,2187,0.648834
img/aan/6/aan-0688.png,1419,2187,0.648834
img/aan/6/aan-0689.png,1419,2187,0.648834
img/aan/6/aan-0690.png,1419,2187,0.648834
img/aan/6/aan-0691.png,1419,2187,0.648834
img/aan/6/aan-0692.png,1419,2187,0.648834
img/aan/6/aan-0693.png,1419,2187,0.648834
img/aan/6/aan-0694.png,1419,2187,0.648834
img/aan/6/aan-0695.png,1419,2187,0.648834
img/aan/6/aan-0696.png,1419,2187,0.648834
img/aan/6/aan-0697.png,1419,2187,0.648834
img/aan/6/aan-0698.png,1419,2187,0.648834
img/aan/6/aan-0699.png,1419,2187,0.648834
img/aan/7/aan-0700.png,1419,2187,0.648834
img/aan/7/aan-0701.png,1419,2187,0.648834
img/aan/7/aan-0702.png,1419,2187,0.648834
img/aan/7/aan-0703.png,1419,2187,0.648834
img/aan/7/aan-0704.png,1419,2187,0.648834
img/aan/7/aan-0705.png,1419,2187,0.648834
img/aan/7/aan-0706.png,1419,2187,0.648834
img/aan/7/aan-0707.png,1419,2187,0.648834
img/aan/7/aan-0708.png,1419,2187,0.648834
img/aan/7/aan-0709.png,1419,2187,0.648834
img/aan/7/aan-0710.png,1419,2187,0.648834
img/aan/7/aan-0711.png,1419,2187,0.648834
img/aan/7/aan-0712.png,1419,2187,0.648834
img/aan/7/aan-0713.png,1419,2187,0.648834
img/aan/7/aan-0714.png,1419,2187,0.648834
img/aan/7/aan-0715.png,1419,2187,0.648834
img/aan/7/aan-0716.png,1419,2187,0.648834
img/aan/7/aan-0717.png,1419,2187,0.648834
img/aan/7/aan-0718.png,1419,2187,0.648834
img/aan/7/aan-0719.png,1419,2187,0.648834
img/aan/7/aan-0720.png,1419,2187,0.648834
img/aan/7/aan-0721.png,1419,2187,0.648834
img/aan/7/aan-0722.png,1419,2187,0.648834
img/aan/7/aan-0723.png,1419,2187,0.648834
img/aan/7/aan-0724.png,1419,2187,0.648834
img/aan/7/aan-0725.png,1419,2187,0.648834
img/aan/7/aan-0726.png,1419,2187,0.648834
img/aan/7/aan-0727.png,1419,2187,0.648834
img/aan/7/aan-0728.png,1419,2187,0.648834
img/aan/7/aan-0729.png,1419,2187,0.648834
img/aan/7/aan-0730.png,1419,2187,0.648834
img/aan/7/aan-0731.png,1419,2187,0.648834
img/aan/7/aan-0732.png,1419,2187,0.648834
img/aan/7/aan-0733.png,1419,2187,0.648834
img/aan/7/aan-0734.png,1419,2187,0.648834
img/aan/7/aan-0735.png,1419,2187,0.648834
img/aan/7/aan-0736.png,1419,2187,0.648834
img/aan/7/aan-0737.png,1419,2187,0.648834
img/aan/7/aan-0738.png,1419,2187,0.648834
img/aan/7/aan-0739.png,1419,2187,0.648834
img/aan/7/aan-0740.png,1419,2187,0.648834
img/aan/7/aan-0741.png,1419,2187,0.648834
img/aan/7/aan-0742.png,1419,2187,0.648834
img/aan/7/aan-0743.png,1419,2187,0.648834
img/aan/7/aan-0744.png,1419,2187,0.648834
img/aan/7/aan-0745.png,1419,2187,0.648834
img/aan/7/aan-0746.png,1419,2187,0.648834
img/aan/7/aan-0747.png,1419,2187,0.648834
img/aan/7/aan-0748.png,1419,2187,0.648834
img/aan/7/aan-0749.png,1419,2187,0.648834
img/aan/7/aan-0750.png,1419,2187,0.648834
img/aan/7/aan-0751.png,1419,2187,0.648834
img/aan/7/aan-0752.png,1419,2187,0.648834
img/aan/7/aan-0753.png,1419,2187,0.648834
img/aan/7/aan-0754.png,1419,2187,0.648834
img/aan/7/aan-0755.png,1419,2187,0.648834
img/aan/7/aan-0756.png,1419,2187,0.648834
img/aan/7/aan-0757.png,1419,2187,0.648834
img/aan/7/aan-0758.png,1419,2187,0.648834
img/aan/7/aan-0759.png,1419,2187,0.648834
img/aan/7/aan-0760.png,1419,2187,0.648834
img/aan/7/aan-0761.png,1419,2187,0.648834
img/aan/7/aan-0762.png,1419,2187,0.648834
img/aan/7/aan-0763.png,1419,2187,0.648834
img/aan/7/aan-0764.png,1419,2187,0.648834
img/aan/7/aan-0765.png,1419,2187,0.648834
img/aan/7/aan-0766.png,1419,2187,0.648834
img/aan/7/aan-0767.png,1419,2187,0.648834
img/aan/7/aan-0768.png,1419,2187,0.648834
img/aan/7/aan-0769.png,1419,2187,0.648834
img/aan/7/aan-0770.png,1419,2187,0.648834
img/aan/7/aan-0771.png,1419,2187,0.648834
img/aan/7/aan-0772.png,1419,2187,0.648834
img/aan/7/aan-0773.png,1419,2187,0.648834
img/aan/7/aan-0774.png,1419,2187,0.648834
img/aan/7/aan-0775.png,1419,2187,0.648834
img/aan/7/aan-0776.png,1419,2187,0.648834
img/aan/7/aan-0777.png,1419,2187,0.648834
img/aan/7/aan-0778.png,1419,2187,0.648834
img/aan/7/aan-0779.png,1419,2187,0.648834
img/aan/7/aan-0780.png,1419,2187,0.648834
img/aan/7/aan-0781.png,1419,2187,0.648834
img/aan/7/aan-0782.png,1419,2187,0.648834
img/aan/7/aan-0783.png,1419,2187,0.648834
img/aan/7/aan-0784.png,1419,2187,0.648834
img/aan/7/aan-0785.png,1419,2187,0.648834
img/aan/7/aan-0786.png,1419,2187,0.648834
img/aan/7/aan-0787.png,1419,2187,0.648834
img/aan/7/aan-0788.png,1419,2187,0.648834
img/aan/7/aan-0789.png,1419,2187,0.648834
img/aan/7/aan-0790.png,1419,2187,0.648834
img/aan/7/aan-0791.png,1419,2187,0.648834
img/aan/7/aan-0792.png,1419,2187,0.648834
img/aan/7/aan-0793.png,1419,2187,0.648834
img/aan/7/aan-0794.png,1419,2187,0.648834
img/aan/7/aan-0795.png,1419,2187,0.648834
img/aan/7/aan-0796.png,1419,2187,0.648834
img/aan/7/aan-0797.png,1419,2187,0.648834
img/aan/7/aan-0798.png,1419,2187,0.648834
img/aan/7/aan-0799.png,1419,2187,0.648834
img/aan/8/aan-0800.png,1419,2187,0.648834
img/aan/8/aan-0801.png,1419,2187,0.648834
img/aan/8/aan-0802.png,1419,2187,0.648834
img/aan/8/aan-0803.png,1419,2187,0.648834
img/aan/8/aan-0804.png,1419,2187,0.648834
img/aan/8/aan-0805.png,1419,2187,0.648834
img/aan/8/aan-0806.png,1419,2187,0.648834
img/aan/8/aan-0807.png,1419,2187,0.648834
img/aan/8/aan-0808.png,1419,2187,0.648834
img/aan/8/aan-0809.png,1419,2187,0.648834
img/aan/8/aan-0810.png,1419,2187,0.648834
img/aan/8/aan-0811.png,1419,2187,0.648834
img/aan/8/aan-0812.png,1419,2187,0.648834
img/aan/8/aan-0813.png,1419,2187,0.648834
img/aan/8/aan-0814.png,1419,2187,0.648834
img/aan/8/aan-0815.png,1419,2187,0.648834
img/aan/8/aan-0816.png,1419,2187,0.648834
img/aan/8/aan-0817.png,1419,2187,0.648834
img/aan/8/aan-0818.png,1419,2187,0.648834
img/aan/8/aan-0819.png,1419,2187,0.648834
img/aan/8/aan-0820.png,1419,2187,0.648834
img/aan/8/aan-0821.png,1419,2187,0.648834
img/aan/8/aan-0822.png,1419,2187,0.648834
img/aan/8/aan-0823.png,1419,2187,0.648834
img/aan/8/aan-0824.png,1419,2187,0.648834
img/aan/8/aan-0825.png,1419,2187,0.648834
img/aan/8/aan-0826.png,1419,2187,0.648834
img/aan/8/aan-0827.png,1419,2187,0.648834
img/aan/8/aan-0828.png,1419,2187,0.648834
img/aan/8/aan-0829.png,1419,2187,0.648834
img/aan/8/aan-0830.png,1419,2187,0.648834
img/aan/8/aan-0831.png,1419,2187,0.648834
img/aan/8/aan-0832.png,1419,2187,0.648834
img/aan/8/aan-0833.png,1419,2187,0.648834
img/aan/8/aan-0834.png,1419,2187,0.648834
img/aan/8/aan-0835.png,1419,2187,0.648834
img/aan/8/aan-0836.png,1419,2187,0.648834
img/aan/8/aan-0837.png,1419,2187,0.648834
img/aan/8/aan-0838.png,1419,2187,0.648834
img/aan/8/aan-0839.png,1419,2187,0.648834
img/aan/8/aan-0840.png,1419,2187,0.648834
img/aan/8/aan-0841.png,1419,2187,0.648834
img/aan/8/aan-0842.png,1419,2187,0.648834
img/aan/8/aan-0843.png,1419,2187,0.648834
img/aan/8/aan-0844.png,1419,2187,0.648834
img/aan/8/aan-0845.png,1419,2187,0.648834
img/aan/8/aan-0846.png,1419,2187,0.648834
img/aan/8/aan-0847.png,1419,2187,0.648834
img/aan/8/aan-0848.png,1419,2187,0.648834
img/aan/8/aan-0849.png,1419,2187,0.648834
img/aan/8/aan-0850.png,1419,2187,0.648834
img/aan/8/aan-0851.png,1419,2187,0.648834
img/aan/8/aan-0852.png,1419,2187,0.648834
img/aan/8/aan-0853.png,1419,2187,0.648834
img/aan/8/aan-0854.png,1419,2187,0.648834
img/aan/8/aan-0855.png,1419,2187,0.648834
img/aan/8/aan-0856.png,1419,2187,0.648834
img/aan/8/aan-0857.png,1419,2187,0.648834
img/aan/8/aan-0858.png,1419,2187,0.648834
img/aan/8/aan-0859.png,1419,2187,0.648834
img/aan/8/aan-0860.png,1419,2187,0.648834
img/aan/8/aan-0861.png,1419,2187,0.648834
img/aan/8/aan-0862.png,1419,2187,0.648834
img/aan/8/aan-0863.png,1419,2187,0.648834
img/aan/8/aan-0864.png,1419,2187,0.648834
img/aan/8/aan-0865.png,1419,2187,0.648834
img/aan/8/aan-0866.png,1419,2187,0.648834
img/aan/8/aan-0867.png,1419,2187,0.648834
img/aan/8/aan-0868.png,1419,2187,0.648834
img/aan/8/aan-0869.png,1419,2187,0.648834
img/aan/8/aan-0870.png,1419,2187,0.648834
img/aan/8/aan-0871.png,1419,2187,0.648834
img/aan/8/aan-0872.png,1419,2187,0.648834
img/aan/8/aan-0873.png,1419,2187,0.648834
img/aan/8/aan-0874.png,1419,2187,0.648834
img/aan/8/aan-0875.png,1419,2187,0.648834
img/aan/8/aan-0876.png,1419,2187,0.648834
img/aan/8/aan-0877.png,1419,2187,0.648834
img/aan/8/aan-0878.png,1419,2187,0.648834
img/aan/8/aan-0879.png,1419,2187,0.648834
img/aan/8/aan-0880.png,1419,2187,0.648834
img/aan/8/aan-0881.png,1419,2187,0.648834
img/aan/8/aan-0882.png,1419,2187,0.648834
img/aan/8/aan-0883.png,1419,2187,0.648834
img/aan/8/aan-0884.png,1419,2187,0.648834
img/aan/8/aan-0885.png,1419,2187,0.648834
img/aan/8/aan-0886.png,1419,2187,0.648834
img/aan/8/aan-0887.png,1419,2187,0.648834
img/aan/8/aan-0888.png,1419,2187,0.648834
img/aan/8/aan-0889.png,1419,2187,0.648834
img/aan/8/aan-0890.png,1419,2187,0.648834
img/aan/8/aan-0891.png,1419,2187,0.648834
img/aan/8/aan-0892.png,1419,2187,0.648834
img/aan/8/aan-0893.png,1419,2187,0.648834
img/aan/8/aan-0894.png,1419,2187,0.648834
img/aan/8/aan-0895.png,1419,2187,0.648834
img/aan/8/aan-0896.png,1419,2187,0.648834
img/aan/8/aan-0897.png,1419,2187,0.648834
