img/amj/0/amj-0001.png,1250,1760,0.710227
img/amj/0/amj-0002.png,1250,2440,0.512295
img/amj/0/amj-0003.png,1250,1006,1.24254
img/amj/0/amj-0004.png,1250,1402,0.891583
img/amj/0/amj-0005.png,1250,1825,0.684932
img/amj/0/amj-0006.png,1250,2041,0.612445
img/amj/0/amj-0007.png,1250,1413,0.884643
img/amj/0/amj-0008.png,1250,1430,0.874126
img/amj/0/amj-0009.png,1250,2012,0.621272
img/amj/0/amj-0010.png,1250,2185,0.572082
img/amj/0/amj-0011.png,1250,2194,0.569736
img/amj/0/amj-0012.png,1250,2179,0.573658
img/amj/0/amj-0013.png,1250,2189,0.571037
img/amj/0/amj-0014.png,1250,2195,0.569476
img/amj/0/amj-0015.png,1250,2204,0.567151
img/amj/0/amj-0016.png,1250,2180,0.573394
img/amj/0/amj-0017.png,1250,2136,0.585206
img/amj/0/amj-0018.png,1250,2197,0.568958
img/amj/0/amj-0019.png,1250,2181,0.573132
img/amj/0/amj-0020.png,1250,2166,0.577101
img/amj/0/amj-0021.png,1250,1486,0.841184
img/amj/0/amj-0022.png,1250,1966,0.635809
img/amj/0/amj-0023.png,1250,2149,0.581666
img/amj/0/amj-0024.png,1250,2140,0.584112
img/amj/0/amj-0025.png,1250,2154,0.580316
img/amj/0/amj-0026.png,1250,2146,0.582479
img/amj/0/amj-0027.png,1250,2166,0.577101
img/amj/0/amj-0028.png,1250,2178,0.573921
img/amj/0/amj-0029.png,1250,2139,0.584385
img/amj/0/amj-0030.png,1250,2218,0.563571
img/amj/0/amj-0031.png,1250,2159,0.578972
img/amj/0/amj-0032.png,1250,2174,0.574977
img/amj/0/amj-0033.png,1250,2163,0.577901
img/amj/0/amj-0034.png,1250,2151,0.581125
img/amj/0/amj-0035.png,1250,2179,0.573658
img/amj/0/amj-0036.png,1250,2162,0.578168
img/amj/0/amj-0037.png,1250,2159,0.578972
img/amj/0/amj-0038.png,1250,2155,0.580046
img/amj/0/amj-0039.png,1250,2159,0.578972
img/amj/0/amj-0040.png,1250,2146,0.582479
img/amj/0/amj-0041.png,1250,2111,0.592136
img/amj/0/amj-0042.png,1250,2149,0.581666
img/amj/0/amj-0043.png,1250,2140,0.584112
img/amj/0/amj-0044.png,1250,690,1.81159
img/amj/0/amj-0045.png,1250,1944,0.643004
img/amj/0/amj-0046.png,1250,2161,0.578436
img/amj/0/amj-0047.png,1250,2132,0.586304
img/amj/0/amj-0048.png,1250,2169,0.576302
img/amj/0/amj-0049.png,1250,2155,0.580046
img/amj/0/amj-0050.png,1250,2138,0.584659
img/amj/0/amj-0051.png,1250,2164,0.577634
img/amj/0/amj-0052.png,1250,2153,0.580585
img/amj/0/amj-0053.png,1250,2151,0.581125
img/amj/0/amj-0054.png,1250,2156,0.579777
img/amj/0/amj-0055.png,1250,2142,0.583567
img/amj/0/amj-0056.png,1250,2176,0.574449
img/amj/0/amj-0057.png,1250,2149,0.581666
img/amj/0/amj-0058.png,1250,2143,0.583294
img/amj/0/amj-0059.png,1250,2163,0.577901
img/amj/0/amj-0060.png,1250,2150,0.581395
img/amj/0/amj-0061.png,1250,2158,0.57924
img/amj/0/amj-0062.png,1250,2209,0.565867
img/amj/0/amj-0063.png,1250,2124,0.588512
img/amj/0/amj-0064.png,1250,2140,0.584112
img/amj/0/amj-0065.png,1250,2161,0.578436
img/amj/0/amj-0066.png,1250,2151,0.581125
img/amj/0/amj-0067.png,1250,2154,0.580316
img/amj/0/amj-0068.png,1250,2167,0.576834
img/amj/0/amj-0069.png,1250,2145,0.582751
img/amj/0/amj-0070.png,1250,2155,0.580046
img/amj/0/amj-0071.png,1250,2144,0.583022
img/amj/0/amj-0072.png,1250,2145,0.582751
img/amj/0/amj-0073.png,1250,2146,0.582479
img/amj/0/amj-0074.png,1250,2163,0.577901
img/amj/0/amj-0075.png,1250,2150,0.581395
img/amj/0/amj-0076.png,1250,2164,0.577634
img/amj/0/amj-0077.png,1250,2141,0.583839
img/amj/0/amj-0078.png,1250,1616,0.773515
img/amj/0/amj-0079.png,1250,1975,0.632911
img/amj/0/amj-0080.png,1250,2141,0.583839
img/amj/0/amj-0081.png,1250,2142,0.583567
img/amj/0/amj-0082.png,1250,2140,0.584112
img/amj/0/amj-0083.png,1250,2169,0.576302
img/amj/0/amj-0084.png,1250,2140,0.584112
img/amj/0/amj-0085.png,1250,2144,0.583022
img/amj/0/amj-0086.png,1250,2118,0.590179
img/amj/0/amj-0087.png,1250,2103,0.594389
img/amj/0/amj-0088.png,1250,2140,0.584112
img/amj/0/amj-0089.png,1250,1956,0.639059
img/amj/0/amj-0090.png,1250,2142,0.583567
img/amj/0/amj-0091.png,1250,2124,0.588512
img/amj/0/amj-0092.png,1250,2139,0.584385
img/amj/0/amj-0093.png,1250,2168,0.576568
img/amj/0/amj-0094.png,1250,2169,0.576302
img/amj/0/amj-0095.png,1250,2146,0.582479
img/amj/0/amj-0096.png,1250,2147,0.582208
img/amj/0/amj-0097.png,1250,1197,1.04428
img/amj/0/amj-0098.png,1250,1986,0.629406
img/amj/0/amj-0099.png,1250,2186,0.571821
img/amj/10/amj-1000.png,1250,1946,0.642343
img/amj/10/amj-1001.png,1250,1922,0.650364
img/amj/10/amj-1002.png,1250,2096,0.596374
img/amj/10/amj-1003.png,1250,2234,0.559534
img/amj/10/amj-1004.png,1250,2112,0.591856
img/amj/10/amj-1005.png,1250,2098,0.595806
img/amj/10/amj-1006.png,1250,2098,0.595806
img/amj/10/amj-1007.png,1250,2068,0.604449
img/amj/10/amj-1008.png,1250,2136,0.585206
img/amj/10/amj-1009.png,1250,1933,0.646663
img/amj/10/amj-1010.png,1250,2024,0.617589
img/amj/10/amj-1011.png,1250,2102,0.594672
img/amj/10/amj-1012.png,1250,1883,0.663834
img/amj/10/amj-1013.png,1250,2011,0.621581
img/amj/10/amj-1014.png,1250,1896,0.659283
img/amj/10/amj-1015.png,1250,2055,0.608273
img/amj/10/amj-1016.png,1250,1944,0.643004
img/amj/10/amj-1017.png,1250,1863,0.670961
img/amj/10/amj-1018.png,1250,2006,0.623131
img/amj/10/amj-1019.png,1250,1974,0.633232
img/amj/10/amj-1020.png,1250,1982,0.630676
img/amj/10/amj-1021.png,1250,2086,0.599233
img/amj/10/amj-1022.png,1250,2047,0.61065
img/amj/10/amj-1023.png,1250,1884,0.663482
img/amj/10/amj-1024.png,1250,1880,0.664894
img/amj/10/amj-1025.png,1250,1901,0.657549
img/amj/10/amj-1026.png,1250,2111,0.592136
img/amj/10/amj-1027.png,1250,2052,0.609162
img/amj/10/amj-1028.png,1250,2108,0.592979
img/amj/10/amj-1029.png,1250,2066,0.605034
img/amj/10/amj-1030.png,1250,1966,0.635809
img/amj/10/amj-1031.png,1250,2027,0.616675
img/amj/10/amj-1032.png,1250,2098,0.595806
img/amj/10/amj-1033.png,1250,2167,0.576834
img/amj/10/amj-1034.png,1250,1936,0.645661
img/amj/10/amj-1035.png,1250,1941,0.643998
img/amj/1/amj-0100.png,1250,2149,0.581666
img/amj/1/amj-0101.png,1250,2170,0.576037
img/amj/1/amj-0102.png,1250,2179,0.573658
img/amj/1/amj-0103.png,1250,2168,0.576568
img/amj/1/amj-0104.png,1250,2153,0.580585
img/amj/1/amj-0105.png,1250,2176,0.574449
img/amj/1/amj-0106.png,1250,2171,0.575772
img/amj/1/amj-0107.png,1250,2161,0.578436
img/amj/1/amj-0108.png,1250,2165,0.577367
img/amj/1/amj-0109.png,1250,2148,0.581937
img/amj/1/amj-0110.png,1250,2156,0.579777
img/amj/1/amj-0111.png,1250,2143,0.583294
img/amj/1/amj-0112.png,1250,2164,0.577634
img/amj/1/amj-0113.png,1250,2151,0.581125
img/amj/1/amj-0114.png,1250,2137,0.584932
img/amj/1/amj-0115.png,1250,2172,0.575506
img/amj/1/amj-0116.png,1250,2155,0.580046
img/amj/1/amj-0117.png,1250,2151,0.581125
img/amj/1/amj-0118.png,1250,2169,0.576302
img/amj/1/amj-0119.png,1250,2176,0.574449
img/amj/1/amj-0120.png,1250,2156,0.579777
img/amj/1/amj-0121.png,1250,2152,0.580855
img/amj/1/amj-0122.png,1250,2152,0.580855
img/amj/1/amj-0123.png,1250,2178,0.573921
img/amj/1/amj-0124.png,1250,2143,0.583294
img/amj/1/amj-0125.png,1250,2165,0.577367
img/amj/1/amj-0126.png,1250,2150,0.581395
img/amj/1/amj-0127.png,1250,2147,0.582208
img/amj/1/amj-0128.png,1250,2254,0.55457
img/amj/1/amj-0129.png,1250,2151,0.581125
img/amj/1/amj-0130.png,1250,2147,0.582208
img/amj/1/amj-0131.png,1250,2180,0.573394
img/amj/1/amj-0132.png,1250,2153,0.580585
img/amj/1/amj-0133.png,1250,1847,0.676773
img/amj/1/amj-0134.png,1250,1986,0.629406
img/amj/1/amj-0135.png,1250,2179,0.573658
img/amj/1/amj-0136.png,1250,2148,0.581937
img/amj/1/amj-0137.png,1250,2176,0.574449
img/amj/1/amj-0138.png,1250,2167,0.576834
img/amj/1/amj-0139.png,1250,2118,0.590179
img/amj/1/amj-0140.png,1250,2160,0.578704
img/amj/1/amj-0141.png,1250,2157,0.579509
img/amj/1/amj-0142.png,1250,2163,0.577901
img/amj/1/amj-0143.png,1250,2177,0.574185
img/amj/1/amj-0144.png,1250,2144,0.583022
img/amj/1/amj-0145.png,1250,2175,0.574713
img/amj/1/amj-0146.png,1250,2150,0.581395
img/amj/1/amj-0147.png,1250,2156,0.579777
img/amj/1/amj-0148.png,1250,2187,0.571559
img/amj/1/amj-0149.png,1250,2152,0.580855
img/amj/1/amj-0150.png,1250,2176,0.574449
img/amj/1/amj-0151.png,1250,2182,0.572869
img/amj/1/amj-0152.png,1250,2155,0.580046
img/amj/1/amj-0153.png,1250,2147,0.582208
img/amj/1/amj-0154.png,1250,2143,0.583294
img/amj/1/amj-0155.png,1250,2160,0.578704
img/amj/1/amj-0156.png,1250,2153,0.580585
img/amj/1/amj-0157.png,1250,2163,0.577901
img/amj/1/amj-0158.png,1250,2265,0.551876
img/amj/1/amj-0159.png,1250,2139,0.584385
img/amj/1/amj-0160.png,1250,2187,0.571559
img/amj/1/amj-0161.png,1250,2141,0.583839
img/amj/1/amj-0162.png,1250,2150,0.581395
img/amj/1/amj-0163.png,1250,2170,0.576037
img/amj/1/amj-0164.png,1250,2151,0.581125
img/amj/1/amj-0165.png,1250,2146,0.582479
img/amj/1/amj-0166.png,1250,2124,0.588512
img/amj/1/amj-0167.png,1250,2142,0.583567
img/amj/1/amj-0168.png,1250,2195,0.569476
img/amj/1/amj-0169.png,1250,2155,0.580046
img/amj/1/amj-0170.png,1250,2187,0.571559
img/amj/1/amj-0171.png,1250,2150,0.581395
img/amj/1/amj-0172.png,1250,2171,0.575772
img/amj/1/amj-0173.png,1250,2192,0.570255
img/amj/1/amj-0174.png,1250,2158,0.57924
img/amj/1/amj-0175.png,1250,2161,0.578436
img/amj/1/amj-0176.png,1250,2138,0.584659
img/amj/1/amj-0177.png,1250,2173,0.575242
img/amj/1/amj-0178.png,1250,2130,0.586854
img/amj/1/amj-0179.png,1250,2146,0.582479
img/amj/1/amj-0180.png,1250,2157,0.579509
img/amj/1/amj-0181.png,1250,2151,0.581125
img/amj/1/amj-0182.png,1250,2179,0.573658
img/amj/1/amj-0183.png,1250,2156,0.579777
img/amj/1/amj-0184.png,1250,2173,0.575242
img/amj/1/amj-0185.png,1250,2156,0.579777
img/amj/1/amj-0186.png,1250,1919,0.651381
img/amj/1/amj-0187.png,1250,2009,0.6222
img/amj/1/amj-0188.png,1250,2159,0.578972
img/amj/1/amj-0189.png,1250,2158,0.57924
img/amj/1/amj-0190.png,1250,2225,0.561798
img/amj/1/amj-0191.png,1250,2152,0.580855
img/amj/1/amj-0192.png,1250,2152,0.580855
img/amj/1/amj-0193.png,1250,2147,0.582208
img/amj/1/amj-0194.png,1250,2175,0.574713
img/amj/1/amj-0195.png,1250,2146,0.582479
img/amj/1/amj-0196.png,1250,2161,0.578436
img/amj/1/amj-0197.png,1250,2164,0.577634
img/amj/1/amj-0198.png,1250,2166,0.577101
img/amj/1/amj-0199.png,1250,2149,0.581666
img/amj/2/amj-0200.png,1250,2175,0.574713
img/amj/2/amj-0201.png,1250,2161,0.578436
img/amj/2/amj-0202.png,1250,2159,0.578972
img/amj/2/amj-0203.png,1250,2161,0.578436
img/amj/2/amj-0204.png,1250,2166,0.577101
img/amj/2/amj-0205.png,1250,2073,0.602991
img/amj/2/amj-0206.png,1250,2130,0.586854
img/amj/2/amj-0207.png,1250,2161,0.578436
img/amj/2/amj-0208.png,1250,2154,0.580316
img/amj/2/amj-0209.png,1250,2158,0.57924
img/amj/2/amj-0210.png,1250,2157,0.579509
img/amj/2/amj-0211.png,1250,2168,0.576568
img/amj/2/amj-0212.png,1250,2161,0.578436
img/amj/2/amj-0213.png,1250,2146,0.582479
img/amj/2/amj-0214.png,1250,2181,0.573132
img/amj/2/amj-0215.png,1250,2172,0.575506
img/amj/2/amj-0216.png,1250,2164,0.577634
img/amj/2/amj-0217.png,1250,2150,0.581395
img/amj/2/amj-0218.png,1250,2153,0.580585
img/amj/2/amj-0219.png,1250,2149,0.581666
img/amj/2/amj-0220.png,1250,2156,0.579777
img/amj/2/amj-0221.png,1250,2154,0.580316
img/amj/2/amj-0222.png,1250,2258,0.553587
img/amj/2/amj-0223.png,1250,2168,0.576568
img/amj/2/amj-0224.png,1250,929,1.34553
img/amj/2/amj-0225.png,1250,1987,0.629089
img/amj/2/amj-0226.png,1250,2164,0.577634
img/amj/2/amj-0227.png,1250,2163,0.577901
img/amj/2/amj-0228.png,1250,2170,0.576037
img/amj/2/amj-0229.png,1250,2155,0.580046
img/amj/2/amj-0230.png,1250,2152,0.580855
img/amj/2/amj-0231.png,1250,2157,0.579509
img/amj/2/amj-0232.png,1250,2169,0.576302
img/amj/2/amj-0233.png,1250,2149,0.581666
img/amj/2/amj-0234.png,1250,2166,0.577101
img/amj/2/amj-0235.png,1250,2145,0.582751
img/amj/2/amj-0236.png,1250,2134,0.585754
img/amj/2/amj-0237.png,1250,2153,0.580585
img/amj/2/amj-0238.png,1250,2155,0.580046
img/amj/2/amj-0239.png,1250,2159,0.578972
img/amj/2/amj-0240.png,1250,2154,0.580316
img/amj/2/amj-0241.png,1250,2151,0.581125
img/amj/2/amj-0242.png,1250,2143,0.583294
img/amj/2/amj-0243.png,1250,2195,0.569476
img/amj/2/amj-0244.png,1250,2157,0.579509
img/amj/2/amj-0245.png,1250,2143,0.583294
img/amj/2/amj-0246.png,1250,2151,0.581125
img/amj/2/amj-0247.png,1250,2162,0.578168
img/amj/2/amj-0248.png,1250,2144,0.583022
img/amj/2/amj-0249.png,1250,2159,0.578972
img/amj/2/amj-0250.png,1250,2167,0.576834
img/amj/2/amj-0251.png,1250,2159,0.578972
img/amj/2/amj-0252.png,1250,2129,0.58713
img/amj/2/amj-0253.png,1250,2011,0.621581
img/amj/2/amj-0254.png,1250,2167,0.576834
img/amj/2/amj-0255.png,1250,2154,0.580316
img/amj/2/amj-0256.png,1250,2140,0.584112
img/amj/2/amj-0257.png,1250,2146,0.582479
img/amj/2/amj-0258.png,1250,2162,0.578168
img/amj/2/amj-0259.png,1250,2161,0.578436
img/amj/2/amj-0260.png,1250,2177,0.574185
img/amj/2/amj-0261.png,1250,2153,0.580585
img/amj/2/amj-0262.png,1250,2053,0.608865
img/amj/2/amj-0263.png,1250,2000,0.625
img/amj/2/amj-0264.png,1250,2156,0.579777
img/amj/2/amj-0265.png,1250,2195,0.569476
img/amj/2/amj-0266.png,1250,2160,0.578704
img/amj/2/amj-0267.png,1250,2174,0.574977
img/amj/2/amj-0268.png,1250,2155,0.580046
img/amj/2/amj-0269.png,1250,2163,0.577901
img/amj/2/amj-0270.png,1250,2165,0.577367
img/amj/2/amj-0271.png,1250,2157,0.579509
img/amj/2/amj-0272.png,1250,2166,0.577101
img/amj/2/amj-0273.png,1250,2154,0.580316
img/amj/2/amj-0274.png,1250,2152,0.580855
img/amj/2/amj-0275.png,1250,2173,0.575242
img/amj/2/amj-0276.png,1250,2155,0.580046
img/amj/2/amj-0277.png,1250,2172,0.575506
img/amj/2/amj-0278.png,1250,2163,0.577901
img/amj/2/amj-0279.png,1250,2174,0.574977
img/amj/2/amj-0280.png,1250,2143,0.583294
img/amj/2/amj-0281.png,1250,2158,0.57924
img/amj/2/amj-0282.png,1250,2164,0.577634
img/amj/2/amj-0283.png,1250,2148,0.581937
img/amj/2/amj-0284.png,1250,2156,0.579777
img/amj/2/amj-0285.png,1250,2170,0.576037
img/amj/2/amj-0286.png,1250,2244,0.557041
img/amj/2/amj-0287.png,1250,2152,0.580855
img/amj/2/amj-0288.png,1250,2158,0.57924
img/amj/2/amj-0289.png,1250,2142,0.583567
img/amj/2/amj-0290.png,1250,2153,0.580585
img/amj/2/amj-0291.png,1250,2160,0.578704
img/amj/2/amj-0292.png,1250,2167,0.576834
img/amj/2/amj-0293.png,1250,2140,0.584112
img/amj/2/amj-0294.png,1250,2168,0.576568
img/amj/2/amj-0295.png,1250,2156,0.579777
img/amj/2/amj-0296.png,1250,2164,0.577634
img/amj/2/amj-0297.png,1250,2163,0.577901
img/amj/2/amj-0298.png,1250,2172,0.575506
img/amj/2/amj-0299.png,1250,2125,0.588235
img/amj/3/amj-0300.png,1250,2165,0.577367
img/amj/3/amj-0301.png,1250,2148,0.581937
img/amj/3/amj-0302.png,1250,2164,0.577634
img/amj/3/amj-0303.png,1250,2161,0.578436
img/amj/3/amj-0304.png,1250,2149,0.581666
img/amj/3/amj-0305.png,1250,2156,0.579777
img/amj/3/amj-0306.png,1250,2158,0.57924
img/amj/3/amj-0307.png,1250,2162,0.578168
img/amj/3/amj-0308.png,1250,2147,0.582208
img/amj/3/amj-0309.png,1250,2126,0.587959
img/amj/3/amj-0310.png,1250,2158,0.57924
img/amj/3/amj-0311.png,1250,2133,0.586029
img/amj/3/amj-0312.png,1250,465,2.68817
img/amj/3/amj-0313.png,1250,2015,0.620347
img/amj/3/amj-0314.png,1250,2150,0.581395
img/amj/3/amj-0315.png,1250,2142,0.583567
img/amj/3/amj-0316.png,1250,2164,0.577634
img/amj/3/amj-0317.png,1250,2185,0.572082
img/amj/3/amj-0318.png,1250,2253,0.554816
img/amj/3/amj-0319.png,1250,2147,0.582208
img/amj/3/amj-0320.png,1250,2159,0.578972
img/amj/3/amj-0321.png,1250,2153,0.580585
img/amj/3/amj-0322.png,1250,2185,0.572082
img/amj/3/amj-0323.png,1250,2182,0.572869
img/amj/3/amj-0324.png,1250,2147,0.582208
img/amj/3/amj-0325.png,1250,2153,0.580585
img/amj/3/amj-0326.png,1250,2166,0.577101
img/amj/3/amj-0327.png,1250,2163,0.577901
img/amj/3/amj-0328.png,1250,2174,0.574977
img/amj/3/amj-0329.png,1250,2157,0.579509
img/amj/3/amj-0330.png,1250,2179,0.573658
img/amj/3/amj-0331.png,1250,2160,0.578704
img/amj/3/amj-0332.png,1250,2186,0.571821
img/amj/3/amj-0333.png,1250,2160,0.578704
img/amj/3/amj-0334.png,1250,2179,0.573658
img/amj/3/amj-0335.png,1250,2148,0.581937
img/amj/3/amj-0336.png,1250,799,1.56446
img/amj/3/amj-0337.png,1250,1966,0.635809
img/amj/3/amj-0338.png,1250,2167,0.576834
img/amj/3/amj-0339.png,1250,2157,0.579509
img/amj/3/amj-0340.png,1250,2161,0.578436
img/amj/3/amj-0341.png,1250,2149,0.581666
img/amj/3/amj-0342.png,1250,2147,0.582208
img/amj/3/amj-0343.png,1250,2165,0.577367
img/amj/3/amj-0344.png,1250,2156,0.579777
img/amj/3/amj-0345.png,1250,2159,0.578972
img/amj/3/amj-0346.png,1250,2132,0.586304
img/amj/3/amj-0347.png,1250,2140,0.584112
img/amj/3/amj-0348.png,1250,2161,0.578436
img/amj/3/amj-0349.png,1250,2154,0.580316
img/amj/3/amj-0350.png,1250,2235,0.559284
img/amj/3/amj-0351.png,1250,2146,0.582479
img/amj/3/amj-0352.png,1250,2169,0.576302
img/amj/3/amj-0353.png,1250,2159,0.578972
img/amj/3/amj-0354.png,1250,2157,0.579509
img/amj/3/amj-0355.png,1250,2150,0.581395
img/amj/3/amj-0356.png,1250,2171,0.575772
img/amj/3/amj-0357.png,1250,2154,0.580316
img/amj/3/amj-0358.png,1250,2167,0.576834
img/amj/3/amj-0359.png,1250,2147,0.582208
img/amj/3/amj-0360.png,1250,2172,0.575506
img/amj/3/amj-0361.png,1250,2135,0.58548
img/amj/3/amj-0362.png,1250,2171,0.575772
img/amj/3/amj-0363.png,1250,2162,0.578168
img/amj/3/amj-0364.png,1250,2163,0.577901
img/amj/3/amj-0365.png,1250,2171,0.575772
img/amj/3/amj-0366.png,1250,2167,0.576834
img/amj/3/amj-0367.png,1250,2151,0.581125
img/amj/3/amj-0368.png,1250,2135,0.58548
img/amj/3/amj-0369.png,1250,2157,0.579509
img/amj/3/amj-0370.png,1250,2166,0.577101
img/amj/3/amj-0371.png,1250,2174,0.574977
img/amj/3/amj-0372.png,1250,2139,0.584385
img/amj/3/amj-0373.png,1250,2168,0.576568
img/amj/3/amj-0374.png,1250,2171,0.575772
img/amj/3/amj-0375.png,1250,2154,0.580316
img/amj/3/amj-0376.png,1250,2155,0.580046
img/amj/3/amj-0377.png,1250,1997,0.625939
img/amj/3/amj-0378.png,1250,1878,0.665602
img/amj/3/amj-0379.png,1250,2004,0.623752
img/amj/3/amj-0380.png,1250,2160,0.578704
img/amj/3/amj-0381.png,1250,2163,0.577901
img/amj/3/amj-0382.png,1250,2234,0.559534
img/amj/3/amj-0383.png,1250,2133,0.586029
img/amj/3/amj-0384.png,1250,2156,0.579777
img/amj/3/amj-0385.png,1250,2147,0.582208
img/amj/3/amj-0386.png,1250,2187,0.571559
img/amj/3/amj-0387.png,1250,2167,0.576834
img/amj/3/amj-0388.png,1250,2173,0.575242
img/amj/3/amj-0389.png,1250,2147,0.582208
img/amj/3/amj-0390.png,1250,1420,0.880282
img/amj/3/amj-0391.png,1250,1997,0.625939
img/amj/3/amj-0392.png,1250,2162,0.578168
img/amj/3/amj-0393.png,1250,2163,0.577901
img/amj/3/amj-0394.png,1250,2166,0.577101
img/amj/3/amj-0395.png,1250,2139,0.584385
img/amj/3/amj-0396.png,1250,2176,0.574449
img/amj/3/amj-0397.png,1250,2170,0.576037
img/amj/3/amj-0398.png,1250,2179,0.573658
img/amj/3/amj-0399.png,1250,2150,0.581395
img/amj/4/amj-0400.png,1250,2169,0.576302
img/amj/4/amj-0401.png,1250,2163,0.577901
img/amj/4/amj-0402.png,1250,2156,0.579777
img/amj/4/amj-0403.png,1250,2165,0.577367
img/amj/4/amj-0404.png,1250,2184,0.572344
img/amj/4/amj-0405.png,1250,2162,0.578168
img/amj/4/amj-0406.png,1250,2155,0.580046
img/amj/4/amj-0407.png,1250,2156,0.579777
img/amj/4/amj-0408.png,1250,2179,0.573658
img/amj/4/amj-0409.png,1250,2165,0.577367
img/amj/4/amj-0410.png,1250,2144,0.583022
img/amj/4/amj-0411.png,1250,2174,0.574977
img/amj/4/amj-0412.png,1250,2185,0.572082
img/amj/4/amj-0413.png,1250,2151,0.581125
img/amj/4/amj-0414.png,1250,2241,0.557787
img/amj/4/amj-0415.png,1250,2139,0.584385
img/amj/4/amj-0416.png,1250,2153,0.580585
img/amj/4/amj-0417.png,1250,2165,0.577367
img/amj/4/amj-0418.png,1250,2162,0.578168
img/amj/4/amj-0419.png,1250,2152,0.580855
img/amj/4/amj-0420.png,1250,2167,0.576834
img/amj/4/amj-0421.png,1250,2144,0.583022
img/amj/4/amj-0422.png,1250,2161,0.578436
img/amj/4/amj-0423.png,1250,2159,0.578972
img/amj/4/amj-0424.png,1250,2190,0.570776
img/amj/4/amj-0425.png,1250,2161,0.578436
img/amj/4/amj-0426.png,1250,2148,0.581937
img/amj/4/amj-0427.png,1250,2156,0.579777
img/amj/4/amj-0428.png,1250,2154,0.580316
img/amj/4/amj-0429.png,1250,2156,0.579777
img/amj/4/amj-0430.png,1250,2163,0.577901
img/amj/4/amj-0431.png,1250,2160,0.578704
img/amj/4/amj-0432.png,1250,2161,0.578436
img/amj/4/amj-0433.png,1250,1585,0.788644
img/amj/4/amj-0434.png,1250,1950,0.641026
img/amj/4/amj-0435.png,1250,2137,0.584932
img/amj/4/amj-0436.png,1250,2156,0.579777
img/amj/4/amj-0437.png,1250,2143,0.583294
img/amj/4/amj-0438.png,1250,2170,0.576037
img/amj/4/amj-0439.png,1250,2170,0.576037
img/amj/4/amj-0440.png,1250,2152,0.580855
img/amj/4/amj-0441.png,1250,2165,0.577367
img/amj/4/amj-0442.png,1250,2176,0.574449
img/amj/4/amj-0443.png,1250,2152,0.580855
img/amj/4/amj-0444.png,1250,2177,0.574185
img/amj/4/amj-0445.png,1250,2150,0.581395
img/amj/4/amj-0446.png,1250,2227,0.561293
img/amj/4/amj-0447.png,1250,2169,0.576302
img/amj/4/amj-0448.png,1250,2161,0.578436
img/amj/4/amj-0449.png,1250,2169,0.576302
img/amj/4/amj-0450.png,1250,2167,0.576834
img/amj/4/amj-0451.png,1250,2177,0.574185
img/amj/4/amj-0452.png,1250,2177,0.574185
img/amj/4/amj-0453.png,1250,2141,0.583839
img/amj/4/amj-0454.png,1250,2179,0.573658
img/amj/4/amj-0455.png,1250,2172,0.575506
img/amj/4/amj-0456.png,1250,2173,0.575242
img/amj/4/amj-0457.png,1250,2150,0.581395
img/amj/4/amj-0458.png,1250,2170,0.576037
img/amj/4/amj-0459.png,1250,2164,0.577634
img/amj/4/amj-0460.png,1250,2186,0.571821
img/amj/4/amj-0461.png,1250,2169,0.576302
img/amj/4/amj-0462.png,1250,2166,0.577101
img/amj/4/amj-0463.png,1250,2158,0.57924
img/amj/4/amj-0464.png,1250,649,1.92604
img/amj/4/amj-0465.png,1250,2019,0.619118
img/amj/4/amj-0466.png,1250,2173,0.575242
img/amj/4/amj-0467.png,1250,2150,0.581395
img/amj/4/amj-0468.png,1250,2181,0.573132
img/amj/4/amj-0469.png,1250,2176,0.574449
img/amj/4/amj-0470.png,1250,2151,0.581125
img/amj/4/amj-0471.png,1250,2174,0.574977
img/amj/4/amj-0472.png,1250,2167,0.576834
img/amj/4/amj-0473.png,1250,2156,0.579777
img/amj/4/amj-0474.png,1250,2179,0.573658
img/amj/4/amj-0475.png,1250,2166,0.577101
img/amj/4/amj-0476.png,1250,2147,0.582208
img/amj/4/amj-0477.png,1250,2168,0.576568
img/amj/4/amj-0478.png,1250,2250,0.555556
img/amj/4/amj-0479.png,1250,511,2.44618
img/amj/4/amj-0480.png,1250,1985,0.629723
img/amj/4/amj-0481.png,1250,2150,0.581395
img/amj/4/amj-0482.png,1250,2164,0.577634
img/amj/4/amj-0483.png,1250,2147,0.582208
img/amj/4/amj-0484.png,1250,2160,0.578704
img/amj/4/amj-0485.png,1250,2173,0.575242
img/amj/4/amj-0486.png,1250,2183,0.572607
img/amj/4/amj-0487.png,1250,2173,0.575242
img/amj/4/amj-0488.png,1250,2166,0.577101
img/amj/4/amj-0489.png,1250,2164,0.577634
img/amj/4/amj-0490.png,1250,2176,0.574449
img/amj/4/amj-0491.png,1250,2172,0.575506
img/amj/4/amj-0492.png,1250,2175,0.574713
img/amj/4/amj-0493.png,1250,2170,0.576037
img/amj/4/amj-0494.png,1250,2161,0.578436
img/amj/4/amj-0495.png,1250,2165,0.577367
img/amj/4/amj-0496.png,1250,2163,0.577901
img/amj/4/amj-0497.png,1250,2160,0.578704
img/amj/4/amj-0498.png,1250,2143,0.583294
img/amj/4/amj-0499.png,1250,656,1.90549
img/amj/5/amj-0500.png,1250,1992,0.62751
img/amj/5/amj-0501.png,1250,2170,0.576037
img/amj/5/amj-0502.png,1250,2156,0.579777
img/amj/5/amj-0503.png,1250,2161,0.578436
img/amj/5/amj-0504.png,1250,1970,0.634518
img/amj/5/amj-0505.png,1250,2164,0.577634
img/amj/5/amj-0506.png,1250,2163,0.577901
img/amj/5/amj-0507.png,1250,2169,0.576302
img/amj/5/amj-0508.png,1250,2163,0.577901
img/amj/5/amj-0509.png,1250,2173,0.575242
img/amj/5/amj-0510.png,1250,2222,0.562556
img/amj/5/amj-0511.png,1250,2167,0.576834
img/amj/5/amj-0512.png,1250,2161,0.578436
img/amj/5/amj-0513.png,1250,2187,0.571559
img/amj/5/amj-0514.png,1250,2163,0.577901
img/amj/5/amj-0515.png,1250,2176,0.574449
img/amj/5/amj-0516.png,1250,2160,0.578704
img/amj/5/amj-0517.png,1250,2158,0.57924
img/amj/5/amj-0518.png,1250,2152,0.580855
img/amj/5/amj-0519.png,1250,2164,0.577634
img/amj/5/amj-0520.png,1250,2171,0.575772
img/amj/5/amj-0521.png,1250,2156,0.579777
img/amj/5/amj-0522.png,1250,2182,0.572869
img/amj/5/amj-0523.png,1250,2151,0.581125
img/amj/5/amj-0524.png,1250,2147,0.582208
img/amj/5/amj-0525.png,1250,2155,0.580046
img/amj/5/amj-0526.png,1250,2160,0.578704
img/amj/5/amj-0527.png,1250,2153,0.580585
img/amj/5/amj-0528.png,1250,2166,0.577101
img/amj/5/amj-0529.png,1250,2165,0.577367
img/amj/5/amj-0530.png,1250,2178,0.573921
img/amj/5/amj-0531.png,1250,2176,0.574449
img/amj/5/amj-0532.png,1250,2171,0.575772
img/amj/5/amj-0533.png,1250,2170,0.576037
img/amj/5/amj-0534.png,1250,2141,0.583839
img/amj/5/amj-0535.png,1250,2169,0.576302
img/amj/5/amj-0536.png,1250,2177,0.574185
img/amj/5/amj-0537.png,1250,2164,0.577634
img/amj/5/amj-0538.png,1250,2156,0.579777
img/amj/5/amj-0539.png,1250,2181,0.573132
img/amj/5/amj-0540.png,1250,2175,0.574713
img/amj/5/amj-0541.png,1250,2153,0.580585
img/amj/5/amj-0542.png,1250,2250,0.555556
img/amj/5/amj-0543.png,1250,2159,0.578972
img/amj/5/amj-0544.png,1250,2154,0.580316
img/amj/5/amj-0545.png,1250,2173,0.575242
img/amj/5/amj-0546.png,1250,2164,0.577634
img/amj/5/amj-0547.png,1250,2174,0.574977
img/amj/5/amj-0548.png,1250,2188,0.571298
img/amj/5/amj-0549.png,1250,2169,0.576302
img/amj/5/amj-0550.png,1250,2140,0.584112
img/amj/5/amj-0551.png,1250,2174,0.574977
img/amj/5/amj-0552.png,1250,2185,0.572082
img/amj/5/amj-0553.png,1250,2176,0.574449
img/amj/5/amj-0554.png,1250,2163,0.577901
img/amj/5/amj-0555.png,1250,2158,0.57924
img/amj/5/amj-0556.png,1250,2144,0.583022
img/amj/5/amj-0557.png,1250,2148,0.581937
img/amj/5/amj-0558.png,1250,2139,0.584385
img/amj/5/amj-0559.png,1250,2158,0.57924
img/amj/5/amj-0560.png,1250,2156,0.579777
img/amj/5/amj-0561.png,1250,2145,0.582751
img/amj/5/amj-0562.png,1250,2146,0.582479
img/amj/5/amj-0563.png,1250,1657,0.754375
img/amj/5/amj-0564.png,1250,2023,0.617894
img/amj/5/amj-0565.png,1250,2149,0.581666
img/amj/5/amj-0566.png,1250,2144,0.583022
img/amj/5/amj-0567.png,1250,2144,0.583022
img/amj/5/amj-0568.png,1250,2176,0.574449
img/amj/5/amj-0569.png,1250,2156,0.579777
img/amj/5/amj-0570.png,1250,2153,0.580585
img/amj/5/amj-0571.png,1250,2154,0.580316
img/amj/5/amj-0572.png,1250,2152,0.580855
img/amj/5/amj-0573.png,1250,2149,0.581666
img/amj/5/amj-0574.png,1250,2243,0.557289
img/amj/5/amj-0575.png,1250,2125,0.588235
img/amj/5/amj-0576.png,1250,2144,0.583022
img/amj/5/amj-0577.png,1250,2143,0.583294
img/amj/5/amj-0578.png,1250,2160,0.578704
img/amj/5/amj-0579.png,1250,2155,0.580046
img/amj/5/amj-0580.png,1250,2149,0.581666
img/amj/5/amj-0581.png,1250,2143,0.583294
img/amj/5/amj-0582.png,1250,2147,0.582208
img/amj/5/amj-0583.png,1250,2165,0.577367
img/amj/5/amj-0584.png,1250,2154,0.580316
img/amj/5/amj-0585.png,1250,2152,0.580855
img/amj/5/amj-0586.png,1250,503,2.48509
img/amj/5/amj-0587.png,1250,1983,0.630358
img/amj/5/amj-0588.png,1250,2174,0.574977
img/amj/5/amj-0589.png,1250,2153,0.580585
img/amj/5/amj-0590.png,1250,2173,0.575242
img/amj/5/amj-0591.png,1250,2158,0.57924
img/amj/5/amj-0592.png,1250,2179,0.573658
img/amj/5/amj-0593.png,1250,2168,0.576568
img/amj/5/amj-0594.png,1250,2172,0.575506
img/amj/5/amj-0595.png,1250,2169,0.576302
img/amj/5/amj-0596.png,1250,2165,0.577367
img/amj/5/amj-0597.png,1250,2168,0.576568
img/amj/5/amj-0598.png,1250,2152,0.580855
img/amj/5/amj-0599.png,1250,2170,0.576037
img/amj/6/amj-0600.png,1250,2169,0.576302
img/amj/6/amj-0601.png,1250,2150,0.581395
img/amj/6/amj-0602.png,1250,2165,0.577367
img/amj/6/amj-0603.png,1250,2164,0.577634
img/amj/6/amj-0604.png,1250,2166,0.577101
img/amj/6/amj-0605.png,1250,2162,0.578168
img/amj/6/amj-0606.png,1250,2244,0.557041
img/amj/6/amj-0607.png,1250,2160,0.578704
img/amj/6/amj-0608.png,1250,2188,0.571298
img/amj/6/amj-0609.png,1250,2161,0.578436
img/amj/6/amj-0610.png,1250,2158,0.57924
img/amj/6/amj-0611.png,1250,2184,0.572344
img/amj/6/amj-0612.png,1250,2169,0.576302
img/amj/6/amj-0613.png,1250,2153,0.580585
img/amj/6/amj-0614.png,1250,2176,0.574449
img/amj/6/amj-0615.png,1250,2178,0.573921
img/amj/6/amj-0616.png,1250,2071,0.603573
img/amj/6/amj-0617.png,1250,2164,0.577634
img/amj/6/amj-0618.png,1250,2171,0.575772
img/amj/6/amj-0619.png,1250,2158,0.57924
img/amj/6/amj-0620.png,1250,2159,0.578972
img/amj/6/amj-0621.png,1250,2162,0.578168
img/amj/6/amj-0622.png,1250,2144,0.583022
img/amj/6/amj-0623.png,1250,2160,0.578704
img/amj/6/amj-0624.png,1250,1517,0.823995
img/amj/6/amj-0625.png,1250,1985,0.629723
img/amj/6/amj-0626.png,1250,2163,0.577901
img/amj/6/amj-0627.png,1250,2158,0.57924
img/amj/6/amj-0628.png,1250,2184,0.572344
img/amj/6/amj-0629.png,1250,2156,0.579777
img/amj/6/amj-0630.png,1250,2166,0.577101
img/amj/6/amj-0631.png,1250,2162,0.578168
img/amj/6/amj-0632.png,1250,2154,0.580316
img/amj/6/amj-0633.png,1250,2172,0.575506
img/amj/6/amj-0634.png,1250,2177,0.574185
img/amj/6/amj-0635.png,1250,2171,0.575772
img/amj/6/amj-0636.png,1250,2162,0.578168
img/amj/6/amj-0637.png,1250,2147,0.582208
img/amj/6/amj-0638.png,1250,2261,0.552853
img/amj/6/amj-0639.png,1250,2156,0.579777
img/amj/6/amj-0640.png,1250,2169,0.576302
img/amj/6/amj-0641.png,1250,2141,0.583839
img/amj/6/amj-0642.png,1250,2158,0.57924
img/amj/6/amj-0643.png,1250,2148,0.581937
img/amj/6/amj-0644.png,1250,2172,0.575506
img/amj/6/amj-0645.png,1250,2156,0.579777
img/amj/6/amj-0646.png,1250,2162,0.578168
img/amj/6/amj-0647.png,1250,2149,0.581666
img/amj/6/amj-0648.png,1250,2170,0.576037
img/amj/6/amj-0649.png,1250,2154,0.580316
img/amj/6/amj-0650.png,1250,2157,0.579509
img/amj/6/amj-0651.png,1250,2150,0.581395
img/amj/6/amj-0652.png,1250,2156,0.579777
img/amj/6/amj-0653.png,1250,2177,0.574185
img/amj/6/amj-0654.png,1250,2166,0.577101
img/amj/6/amj-0655.png,1250,2153,0.580585
img/amj/6/amj-0656.png,1250,2167,0.576834
img/amj/6/amj-0657.png,1250,2161,0.578436
img/amj/6/amj-0658.png,1250,2190,0.570776
img/amj/6/amj-0659.png,1250,2158,0.57924
img/amj/6/amj-0660.png,1250,2170,0.576037
img/amj/6/amj-0661.png,1250,2175,0.574713
img/amj/6/amj-0662.png,1250,2190,0.570776
img/amj/6/amj-0663.png,1250,2146,0.582479
img/amj/6/amj-0664.png,1250,2149,0.581666
img/amj/6/amj-0665.png,1250,2160,0.578704
img/amj/6/amj-0666.png,1250,2146,0.582479
img/amj/6/amj-0667.png,1250,2158,0.57924
img/amj/6/amj-0668.png,1250,2145,0.582751
img/amj/6/amj-0669.png,1250,2171,0.575772
img/amj/6/amj-0670.png,1250,2236,0.559034
img/amj/6/amj-0671.png,1250,2145,0.582751
img/amj/6/amj-0672.png,1250,2176,0.574449
img/amj/6/amj-0673.png,1250,2151,0.581125
img/amj/6/amj-0674.png,1250,2163,0.577901
img/amj/6/amj-0675.png,1250,2149,0.581666
img/amj/6/amj-0676.png,1250,2190,0.570776
img/amj/6/amj-0677.png,1250,2147,0.582208
img/amj/6/amj-0678.png,1250,2156,0.579777
img/amj/6/amj-0679.png,1250,2175,0.574713
img/amj/6/amj-0680.png,1250,2167,0.576834
img/amj/6/amj-0681.png,1250,2150,0.581395
img/amj/6/amj-0682.png,1250,2184,0.572344
img/amj/6/amj-0683.png,1250,2165,0.577367
img/amj/6/amj-0684.png,1250,2156,0.579777
img/amj/6/amj-0685.png,1250,2176,0.574449
img/amj/6/amj-0686.png,1250,2187,0.571559
img/amj/6/amj-0687.png,1250,2154,0.580316
img/amj/6/amj-0688.png,1250,224,5.58036
img/amj/6/amj-0689.png,1250,1959,0.638081
img/amj/6/amj-0690.png,1250,2145,0.582751
img/amj/6/amj-0691.png,1250,2152,0.580855
img/amj/6/amj-0692.png,1250,2146,0.582479
img/amj/6/amj-0693.png,1250,2135,0.58548
img/amj/6/amj-0694.png,1250,2136,0.585206
img/amj/6/amj-0695.png,1250,2139,0.584385
img/amj/6/amj-0696.png,1250,2127,0.587682
img/amj/6/amj-0697.png,1250,2144,0.583022
img/amj/6/amj-0698.png,1250,2170,0.576037
img/amj/6/amj-0699.png,1250,2140,0.584112
img/amj/7/amj-0700.png,1250,2169,0.576302
img/amj/7/amj-0701.png,1250,2150,0.581395
img/amj/7/amj-0702.png,1250,2241,0.557787
img/amj/7/amj-0703.png,1250,2162,0.578168
img/amj/7/amj-0704.png,1250,2154,0.580316
img/amj/7/amj-0705.png,1250,2140,0.584112
img/amj/7/amj-0706.png,1250,2187,0.571559
img/amj/7/amj-0707.png,1250,2141,0.583839
img/amj/7/amj-0708.png,1250,2125,0.588235
img/amj/7/amj-0709.png,1250,2146,0.582479
img/amj/7/amj-0710.png,1250,2145,0.582751
img/amj/7/amj-0711.png,1250,2157,0.579509
img/amj/7/amj-0712.png,1250,2146,0.582479
img/amj/7/amj-0713.png,1250,2136,0.585206
img/amj/7/amj-0714.png,1250,2186,0.571821
img/amj/7/amj-0715.png,1250,2170,0.576037
img/amj/7/amj-0716.png,1250,2127,0.587682
img/amj/7/amj-0717.png,1250,2160,0.578704
img/amj/7/amj-0718.png,1250,2149,0.581666
img/amj/7/amj-0719.png,1250,2151,0.581125
img/amj/7/amj-0720.png,1250,2149,0.581666
img/amj/7/amj-0721.png,1250,2132,0.586304
img/amj/7/amj-0722.png,1250,2137,0.584932
img/amj/7/amj-0723.png,1250,2140,0.584112
img/amj/7/amj-0724.png,1250,2136,0.585206
img/amj/7/amj-0725.png,1250,2150,0.581395
img/amj/7/amj-0726.png,1250,2145,0.582751
img/amj/7/amj-0727.png,1250,1287,0.971251
img/amj/7/amj-0728.png,1250,1903,0.656858
img/amj/7/amj-0729.png,1250,1997,0.625939
img/amj/7/amj-0730.png,1250,2170,0.576037
img/amj/7/amj-0731.png,1250,2164,0.577634
img/amj/7/amj-0732.png,1250,2167,0.576834
img/amj/7/amj-0733.png,1250,2188,0.571298
img/amj/7/amj-0734.png,1250,2259,0.553342
img/amj/7/amj-0735.png,1250,2141,0.583839
img/amj/7/amj-0736.png,1250,2171,0.575772
img/amj/7/amj-0737.png,1250,2167,0.576834
img/amj/7/amj-0738.png,1250,2164,0.577634
img/amj/7/amj-0739.png,1250,2153,0.580585
img/amj/7/amj-0740.png,1250,2164,0.577634
img/amj/7/amj-0741.png,1250,2163,0.577901
img/amj/7/amj-0742.png,1250,2190,0.570776
img/amj/7/amj-0743.png,1250,2168,0.576568
img/amj/7/amj-0744.png,1250,2172,0.575506
img/amj/7/amj-0745.png,1250,2156,0.579777
img/amj/7/amj-0746.png,1250,2162,0.578168
img/amj/7/amj-0747.png,1250,2168,0.576568
img/amj/7/amj-0748.png,1250,2134,0.585754
img/amj/7/amj-0749.png,1250,2161,0.578436
img/amj/7/amj-0750.png,1250,2181,0.573132
img/amj/7/amj-0751.png,1250,2168,0.576568
img/amj/7/amj-0752.png,1250,2192,0.570255
img/amj/7/amj-0753.png,1250,2158,0.57924
img/amj/7/amj-0754.png,1250,2170,0.576037
img/amj/7/amj-0755.png,1250,2153,0.580585
img/amj/7/amj-0756.png,1250,2153,0.580585
img/amj/7/amj-0757.png,1250,2165,0.577367
img/amj/7/amj-0758.png,1250,2146,0.582479
img/amj/7/amj-0759.png,1250,2143,0.583294
img/amj/7/amj-0760.png,1250,2170,0.576037
img/amj/7/amj-0761.png,1250,2151,0.581125
img/amj/7/amj-0762.png,1250,2169,0.576302
img/amj/7/amj-0763.png,1250,2161,0.578436
img/amj/7/amj-0764.png,1250,989,1.2639
img/amj/7/amj-0765.png,1250,2008,0.62251
img/amj/7/amj-0766.png,1250,2243,0.557289
img/amj/7/amj-0767.png,1250,2153,0.580585
img/amj/7/amj-0768.png,1250,2161,0.578436
img/amj/7/amj-0769.png,1250,2154,0.580316
img/amj/7/amj-0770.png,1250,2163,0.577901
img/amj/7/amj-0771.png,1250,2163,0.577901
img/amj/7/amj-0772.png,1250,2166,0.577101
img/amj/7/amj-0773.png,1250,2158,0.57924
img/amj/7/amj-0774.png,1250,2157,0.579509
img/amj/7/amj-0775.png,1250,2155,0.580046
img/amj/7/amj-0776.png,1250,2171,0.575772
img/amj/7/amj-0777.png,1250,2188,0.571298
img/amj/7/amj-0778.png,1250,2155,0.580046
img/amj/7/amj-0779.png,1250,2177,0.574185
img/amj/7/amj-0780.png,1250,2166,0.577101
img/amj/7/amj-0781.png,1250,2166,0.577101
img/amj/7/amj-0782.png,1250,2170,0.576037
img/amj/7/amj-0783.png,1250,2161,0.578436
img/amj/7/amj-0784.png,1250,2169,0.576302
img/amj/7/amj-0785.png,1250,2167,0.576834
img/amj/7/amj-0786.png,1250,2154,0.580316
img/amj/7/amj-0787.png,1250,2151,0.581125
img/amj/7/amj-0788.png,1250,2162,0.578168
img/amj/7/amj-0789.png,1250,2142,0.583567
img/amj/7/amj-0790.png,1250,2162,0.578168
img/amj/7/amj-0791.png,1250,2141,0.583839
img/amj/7/amj-0792.png,1250,2151,0.581125
img/amj/7/amj-0793.png,1250,2163,0.577901
img/amj/7/amj-0794.png,1250,2158,0.57924
img/amj/7/amj-0795.png,1250,2149,0.581666
img/amj/7/amj-0796.png,1250,2170,0.576037
img/amj/7/amj-0797.png,1250,2157,0.579509
img/amj/7/amj-0798.png,1250,2264,0.55212
img/amj/7/amj-0799.png,1250,2168,0.576568
img/amj/8/amj-0800.png,1250,2175,0.574713
img/amj/8/amj-0801.png,1250,2164,0.577634
img/amj/8/amj-0802.png,1250,2150,0.581395
img/amj/8/amj-0803.png,1250,1630,0.766871
img/amj/8/amj-0804.png,1250,1974,0.633232
img/amj/8/amj-0805.png,1250,2150,0.581395
img/amj/8/amj-0806.png,1250,2159,0.578972
img/amj/8/amj-0807.png,1250,2160,0.578704
img/amj/8/amj-0808.png,1250,2195,0.569476
img/amj/8/amj-0809.png,1250,2169,0.576302
img/amj/8/amj-0810.png,1250,2178,0.573921
img/amj/8/amj-0811.png,1250,2156,0.579777
img/amj/8/amj-0812.png,1250,2171,0.575772
img/amj/8/amj-0813.png,1250,2156,0.579777
img/amj/8/amj-0814.png,1250,2161,0.578436
img/amj/8/amj-0815.png,1250,2176,0.574449
img/amj/8/amj-0816.png,1250,2165,0.577367
img/amj/8/amj-0817.png,1250,2168,0.576568
img/amj/8/amj-0818.png,1250,2155,0.580046
img/amj/8/amj-0819.png,1250,2164,0.577634
img/amj/8/amj-0820.png,1250,2175,0.574713
img/amj/8/amj-0821.png,1250,2165,0.577367
img/amj/8/amj-0822.png,1250,2153,0.580585
img/amj/8/amj-0823.png,1250,2146,0.582479
img/amj/8/amj-0824.png,1250,2172,0.575506
img/amj/8/amj-0825.png,1250,2159,0.578972
img/amj/8/amj-0826.png,1250,2159,0.578972
img/amj/8/amj-0827.png,1250,2171,0.575772
img/amj/8/amj-0828.png,1250,2172,0.575506
img/amj/8/amj-0829.png,1250,2156,0.579777
img/amj/8/amj-0830.png,1250,2257,0.553833
img/amj/8/amj-0831.png,1250,2147,0.582208
img/amj/8/amj-0832.png,1250,2167,0.576834
img/amj/8/amj-0833.png,1250,2166,0.577101
img/amj/8/amj-0834.png,1250,2189,0.571037
img/amj/8/amj-0835.png,1250,2180,0.573394
img/amj/8/amj-0836.png,1250,2168,0.576568
img/amj/8/amj-0837.png,1250,2147,0.582208
img/amj/8/amj-0838.png,1250,2170,0.576037
img/amj/8/amj-0839.png,1250,2179,0.573658
img/amj/8/amj-0840.png,1250,2157,0.579509
img/amj/8/amj-0841.png,1250,2144,0.583022
img/amj/8/amj-0842.png,1250,2185,0.572082
img/amj/8/amj-0843.png,1250,2161,0.578436
img/amj/8/amj-0844.png,1250,2154,0.580316
img/amj/8/amj-0845.png,1250,2158,0.57924
img/amj/8/amj-0846.png,1250,2166,0.577101
img/amj/8/amj-0847.png,1250,2154,0.580316
img/amj/8/amj-0848.png,1250,2158,0.57924
img/amj/8/amj-0849.png,1250,2151,0.581125
img/amj/8/amj-0850.png,1250,2151,0.581125
img/amj/8/amj-0851.png,1250,2156,0.579777
img/amj/8/amj-0852.png,1250,2181,0.573132
img/amj/8/amj-0853.png,1250,2164,0.577634
img/amj/8/amj-0854.png,1250,2153,0.580585
img/amj/8/amj-0855.png,1250,2145,0.582751
img/amj/8/amj-0856.png,1250,2160,0.578704
img/amj/8/amj-0857.png,1250,2151,0.581125
img/amj/8/amj-0858.png,1250,2161,0.578436
img/amj/8/amj-0859.png,1250,2141,0.583839
img/amj/8/amj-0860.png,1250,2161,0.578436
img/amj/8/amj-0861.png,1250,2166,0.577101
img/amj/8/amj-0862.png,1250,2236,0.559034
img/amj/8/amj-0863.png,1250,2153,0.580585
img/amj/8/amj-0864.png,1250,2149,0.581666
img/amj/8/amj-0865.png,1250,2145,0.582751
img/amj/8/amj-0866.png,1250,2162,0.578168
img/amj/8/amj-0867.png,1250,2170,0.576037
img/amj/8/amj-0868.png,1250,2155,0.580046
img/amj/8/amj-0869.png,1250,2148,0.581937
img/amj/8/amj-0870.png,1250,2166,0.577101
img/amj/8/amj-0871.png,1250,1796,0.695991
img/amj/8/amj-0872.png,1250,1993,0.627195
img/amj/8/amj-0873.png,1250,2146,0.582479
img/amj/8/amj-0874.png,1250,2162,0.578168
img/amj/8/amj-0875.png,1250,2161,0.578436
img/amj/8/amj-0876.png,1250,2156,0.579777
img/amj/8/amj-0877.png,1250,2165,0.577367
img/amj/8/amj-0878.png,1250,2168,0.576568
img/amj/8/amj-0879.png,1250,2158,0.57924
img/amj/8/amj-0880.png,1250,2172,0.575506
img/amj/8/amj-0881.png,1250,2165,0.577367
img/amj/8/amj-0882.png,1250,2162,0.578168
img/amj/8/amj-0883.png,1250,2171,0.575772
img/amj/8/amj-0884.png,1250,2163,0.577901
img/amj/8/amj-0885.png,1250,2172,0.575506
img/amj/8/amj-0886.png,1250,2154,0.580316
img/amj/8/amj-0887.png,1250,2149,0.581666
img/amj/8/amj-0888.png,1250,2154,0.580316
img/amj/8/amj-0889.png,1250,2142,0.583567
img/amj/8/amj-0890.png,1250,2147,0.582208
img/amj/8/amj-0891.png,1250,2166,0.577101
img/amj/8/amj-0892.png,1250,2148,0.581937
img/amj/8/amj-0893.png,1250,2154,0.580316
img/amj/8/amj-0894.png,1250,2221,0.56281
img/amj/8/amj-0895.png,1250,2158,0.57924
img/amj/8/amj-0896.png,1250,2135,0.58548
img/amj/8/amj-0897.png,1250,2150,0.581395
img/amj/8/amj-0898.png,1250,2154,0.580316
img/amj/8/amj-0899.png,1250,2143,0.583294
img/amj/9/amj-0900.png,1250,2164,0.577634
img/amj/9/amj-0901.png,1250,2158,0.57924
img/amj/9/amj-0902.png,1250,2160,0.578704
img/amj/9/amj-0903.png,1250,1939,0.644662
img/amj/9/amj-0904.png,1250,2056,0.607977
img/amj/9/amj-0905.png,1250,2151,0.581125
img/amj/9/amj-0906.png,1250,2167,0.576834
img/amj/9/amj-0907.png,1250,2168,0.576568
img/amj/9/amj-0908.png,1250,2162,0.578168
img/amj/9/amj-0909.png,1250,2159,0.578972
img/amj/9/amj-0910.png,1250,2170,0.576037
img/amj/9/amj-0911.png,1250,2157,0.579509
img/amj/9/amj-0912.png,1250,2164,0.577634
img/amj/9/amj-0913.png,1250,2164,0.577634
img/amj/9/amj-0914.png,1250,2171,0.575772
img/amj/9/amj-0915.png,1250,2161,0.578436
img/amj/9/amj-0916.png,1250,2155,0.580046
img/amj/9/amj-0917.png,1250,2164,0.577634
img/amj/9/amj-0918.png,1250,2158,0.57924
img/amj/9/amj-0919.png,1250,2152,0.580855
img/amj/9/amj-0920.png,1250,2169,0.576302
img/amj/9/amj-0921.png,1250,2160,0.578704
img/amj/9/amj-0922.png,1250,2183,0.572607
img/amj/9/amj-0923.png,1250,2157,0.579509
img/amj/9/amj-0924.png,1250,2171,0.575772
img/amj/9/amj-0925.png,1250,2181,0.573132
img/amj/9/amj-0926.png,1250,2220,0.563063
img/amj/9/amj-0927.png,1250,2169,0.576302
img/amj/9/amj-0928.png,1250,2154,0.580316
img/amj/9/amj-0929.png,1250,2139,0.584385
img/amj/9/amj-0930.png,1250,2146,0.582479
img/amj/9/amj-0931.png,1250,2154,0.580316
img/amj/9/amj-0932.png,1250,2158,0.57924
img/amj/9/amj-0933.png,1250,2162,0.578168
img/amj/9/amj-0934.png,1250,2154,0.580316
img/amj/9/amj-0935.png,1250,2128,0.587406
img/amj/9/amj-0936.png,1250,2169,0.576302
img/amj/9/amj-0937.png,1250,2153,0.580585
img/amj/9/amj-0938.png,1250,2154,0.580316
img/amj/9/amj-0939.png,1250,2149,0.581666
img/amj/9/amj-0940.png,1250,2177,0.574185
img/amj/9/amj-0941.png,1250,2139,0.584385
img/amj/9/amj-0942.png,1250,2154,0.580316
img/amj/9/amj-0943.png,1250,1231,1.01543
img/amj/9/amj-0944.png,1250,1989,0.628457
img/amj/9/amj-0945.png,1250,2162,0.578168
img/amj/9/amj-0946.png,1250,2145,0.582751
img/amj/9/amj-0947.png,1250,2137,0.584932
img/amj/9/amj-0948.png,1250,2138,0.584659
img/amj/9/amj-0949.png,1250,278,4.4964
img/amj/9/amj-0950.png,1250,326,3.83436
img/amj/9/amj-0951.png,1250,2156,0.579777
img/amj/9/amj-0952.png,1250,2200,0.568182
img/amj/9/amj-0953.png,1250,2205,0.566893
img/amj/9/amj-0954.png,1250,2085,0.59952
img/amj/9/amj-0955.png,1250,2193,0.569995
img/amj/9/amj-0956.png,1250,2358,0.53011
img/amj/9/amj-0957.png,1250,2194,0.569736
img/amj/9/amj-0958.png,1250,2194,0.569736
img/amj/9/amj-0959.png,1250,2075,0.60241
img/amj/9/amj-0960.png,1250,2193,0.569995
img/amj/9/amj-0961.png,1250,2208,0.566123
img/amj/9/amj-0962.png,1250,2104,0.594106
img/amj/9/amj-0963.png,1250,2200,0.568182
img/amj/9/amj-0964.png,1250,2210,0.565611
img/amj/9/amj-0965.png,1250,2204,0.567151
img/amj/9/amj-0966.png,1250,2206,0.566636
img/amj/9/amj-0967.png,1250,2203,0.567408
img/amj/9/amj-0968.png,1250,2111,0.592136
img/amj/9/amj-0969.png,1250,2207,0.56638
img/amj/9/amj-0970.png,1250,2199,0.56844
img/amj/9/amj-0971.png,1250,2191,0.570516
img/amj/9/amj-0972.png,1250,2212,0.565099
img/amj/9/amj-0973.png,1250,2215,0.564334
img/amj/9/amj-0974.png,1250,2212,0.565099
img/amj/9/amj-0975.png,1250,2203,0.567408
img/amj/9/amj-0976.png,1250,2200,0.568182
img/amj/9/amj-0977.png,1250,2051,0.609459
img/amj/9/amj-0978.png,1250,2209,0.565867
img/amj/9/amj-0979.png,1250,2181,0.573132
img/amj/9/amj-0980.png,1250,2185,0.572082
img/amj/9/amj-0981.png,1250,2177,0.574185
img/amj/9/amj-0982.png,1250,2194,0.569736
img/amj/9/amj-0983.png,1250,2168,0.576568
img/amj/9/amj-0984.png,1250,2217,0.563825
img/amj/9/amj-0985.png,1250,2199,0.56844
img/amj/9/amj-0986.png,1250,2214,0.564589
img/amj/9/amj-0987.png,1250,2108,0.592979
img/amj/9/amj-0988.png,1250,2321,0.538561
img/amj/9/amj-0989.png,1250,2177,0.574185
img/amj/9/amj-0990.png,1250,2166,0.577101
img/amj/9/amj-0991.png,1250,2197,0.568958
img/amj/9/amj-0992.png,1250,2199,0.56844
img/amj/9/amj-0993.png,1250,2200,0.568182
img/amj/9/amj-0994.png,1250,2214,0.564589
img/amj/9/amj-0995.png,1250,447,2.79642
img/amj/9/amj-0996.png,1250,2101,0.594955
img/amj/9/amj-0997.png,1250,2008,0.62251
img/amj/9/amj-0998.png,1250,1971,0.634196
img/amj/9/amj-0999.png,1250,2083,0.600096
