img/hw3/0/hw-p001.png,1,1,1
img/hw3/0/hw-p002.png,1,1,1
img/hw3/0/hw-p003.png,960,1680,0.571429
img/hw3/0/hw-p004.png,1196,1260,0.949206
img/hw3/0/hw-p005.png,1000,1712,0.584112
img/hw3/0/hw-p006.png,1,1,1
img/hw3/0/hw-p007.png,1092,1572,0.694656
img/hw3/0/hw-p008.png,1088,1768,0.615385
img/hw3/0/hw-p009.png,1088,1760,0.618182
img/hw3/0/hw-p010.png,1080,1764,0.612245
img/hw3/0/hw-p011.png,1084,1764,0.614512
img/hw3/0/hw-p012.png,1084,1764,0.614512
img/hw3/0/hw-p013.png,1088,1768,0.615385
img/hw3/0/hw-p014.png,1084,1772,0.611738
img/hw3/0/hw-p015.png,1080,1784,0.605381
img/hw3/0/hw-p016.png,1016,1672,0.607656
img/hw3/0/hw-p017.png,992,652,1.52147
img/hw3/0/hw-p018.png,1,1,1
img/hw3/0/hw-p019.png,1084,1540,0.703896
img/hw3/0/hw-p020.png,1084,1760,0.615909
img/hw3/0/hw-p021.png,1088,1764,0.61678
img/hw3/0/hw-p022.png,1084,1760,0.615909
img/hw3/0/hw-p023.png,1088,1768,0.615385
img/hw3/0/hw-p024.png,1088,1760,0.618182
img/hw3/0/hw-p025.png,1060,1764,0.600907
img/hw3/0/hw-p026.png,1084,1760,0.615909
img/hw3/0/hw-p027.png,1084,1768,0.613122
img/hw3/0/hw-p028.png,1084,1760,0.615909
img/hw3/0/hw-p029.png,1084,1764,0.614512
img/hw3/0/hw-p030.png,1092,1764,0.619048
img/hw3/0/hw-p031.png,1084,1764,0.614512
img/hw3/0/hw-p032.png,1088,1752,0.621005
img/hw3/0/hw-p033.png,1084,1760,0.615909
img/hw3/0/hw-p034.png,1084,1756,0.617312
img/hw3/0/hw-p035.png,1096,1764,0.621315
img/hw3/0/hw-p036.png,1080,1760,0.613636
img/hw3/0/hw-p037.png,1096,1756,0.624146
img/hw3/0/hw-p038.png,1092,1764,0.619048
img/hw3/0/hw-p039.png,1096,1764,0.621315
img/hw3/0/hw-p040.png,1092,1764,0.619048
img/hw3/0/hw-p041.png,1084,1764,0.614512
img/hw3/0/hw-p042.png,1100,1760,0.625
img/hw3/0/hw-p043.png,1092,1764,0.619048
img/hw3/0/hw-p044.png,1088,1760,0.618182
img/hw3/0/hw-p045.png,1084,1764,0.614512
img/hw3/0/hw-p046.png,1088,1764,0.61678
img/hw3/0/hw-p047.png,1088,1760,0.618182
img/hw3/0/hw-p048.png,1088,1756,0.61959
img/hw3/0/hw-p049.png,1092,1756,0.621868
img/hw3/0/hw-p050.png,1092,1756,0.621868
img/hw3/0/hw-p051.png,1084,1764,0.614512
img/hw3/0/hw-p052.png,1088,1760,0.618182
img/hw3/0/hw-p053.png,1076,1764,0.609977
img/hw3/0/hw-p054.png,1084,1760,0.615909
img/hw3/0/hw-p055.png,1092,1760,0.620455
img/hw3/0/hw-p056.png,1088,1760,0.618182
img/hw3/0/hw-p057.png,1088,1764,0.61678
img/hw3/0/hw-p058.png,1092,1768,0.617647
img/hw3/0/hw-p059.png,1092,1760,0.620455
img/hw3/0/hw-p060.png,1088,1760,0.618182
img/hw3/0/hw-p061.png,1096,1768,0.61991
img/hw3/0/hw-p062.png,1088,1764,0.61678
img/hw3/0/hw-p063.png,1092,1756,0.621868
img/hw3/0/hw-p064.png,1088,1752,0.621005
img/hw3/0/hw-p065.png,1084,1752,0.618721
img/hw3/0/hw-p066.png,1088,1752,0.621005
img/hw3/0/hw-p067.png,1088,1756,0.61959
img/hw3/0/hw-p068.png,1092,1752,0.623288
img/hw3/0/hw-p069.png,1092,1752,0.623288
img/hw3/0/hw-p070.png,1092,1756,0.621868
img/hw3/0/hw-p071.png,1092,1760,0.620455
img/hw3/0/hw-p072.png,1088,1756,0.61959
img/hw3/0/hw-p073.png,1092,1756,0.621868
img/hw3/0/hw-p074.png,1088,1760,0.618182
img/hw3/0/hw-p075.png,1096,1768,0.61991
img/hw3/0/hw-p076.png,1092,1764,0.619048
img/hw3/0/hw-p077.png,1092,1756,0.621868
img/hw3/0/hw-p078.png,1088,1756,0.61959
img/hw3/0/hw-p079.png,1084,1760,0.615909
img/hw3/0/hw-p080.png,1084,1756,0.617312
img/hw3/0/hw-p081.png,1092,1764,0.619048
img/hw3/0/hw-p082.png,1088,1760,0.618182
img/hw3/0/hw-p083.png,1092,1760,0.620455
img/hw3/0/hw-p084.png,1084,1752,0.618721
img/hw3/0/hw-p085.png,1096,1756,0.624146
img/hw3/0/hw-p086.png,1096,1756,0.624146
img/hw3/0/hw-p087.png,1088,1772,0.613995
img/hw3/0/hw-p088.png,1088,1764,0.61678
img/hw3/0/hw-p089.png,1088,1764,0.61678
img/hw3/0/hw-p090.png,1084,1760,0.615909
img/hw3/0/hw-p091.png,1092,1764,0.619048
img/hw3/0/hw-p092.png,1088,1760,0.618182
img/hw3/0/hw-p093.png,1088,1760,0.618182
img/hw3/0/hw-p094.png,1092,1764,0.619048
img/hw3/0/hw-p095.png,1096,1752,0.625571
img/hw3/0/hw-p096.png,1084,1752,0.618721
img/hw3/0/hw-p097.png,1084,1756,0.617312
img/hw3/0/hw-p098.png,1080,1752,0.616438
img/hw3/0/hw-p099.png,1088,1752,0.621005
img/hw3/10/hw-p1000.png,1088,1752,0.621005
img/hw3/10/hw-p1001.png,1084,1760,0.615909
img/hw3/10/hw-p1002.png,1080,1756,0.615034
img/hw3/10/hw-p1003.png,1072,1760,0.609091
img/hw3/10/hw-p1004.png,1092,1752,0.623288
img/hw3/10/hw-p1005.png,1092,1756,0.621868
img/hw3/10/hw-p1006.png,1092,1752,0.623288
img/hw3/10/hw-p1007.png,1088,1752,0.621005
img/hw3/10/hw-p1008.png,1084,1752,0.618721
img/hw3/10/hw-p1009.png,1088,1752,0.621005
img/hw3/10/hw-p1010.png,1088,1752,0.621005
img/hw3/10/hw-p1011.png,1088,1756,0.61959
img/hw3/10/hw-p1012.png,1092,1752,0.623288
img/hw3/10/hw-p1013.png,1076,1756,0.612756
img/hw3/10/hw-p1014.png,1084,1756,0.617312
img/hw3/10/hw-p1015.png,1092,1768,0.617647
img/hw3/10/hw-p1016.png,1080,1764,0.612245
img/hw3/10/hw-p1017.png,1088,1760,0.618182
img/hw3/10/hw-p1018.png,1084,1764,0.614512
img/hw3/10/hw-p1019.png,1092,1756,0.621868
img/hw3/10/hw-p1020.png,1084,1752,0.618721
img/hw3/10/hw-p1021.png,1088,1752,0.621005
img/hw3/10/hw-p1022.png,1092,1752,0.623288
img/hw3/10/hw-p1023.png,1092,1752,0.623288
img/hw3/10/hw-p1024.png,1088,1744,0.623853
img/hw3/10/hw-p1025.png,1088,1752,0.621005
img/hw3/10/hw-p1026.png,1088,1748,0.622426
img/hw3/10/hw-p1027.png,1076,1744,0.616972
img/hw3/10/hw-p1028.png,1080,1752,0.616438
img/hw3/10/hw-p1029.png,1084,1756,0.617312
img/hw3/10/hw-p1030.png,1076,1756,0.612756
img/hw3/10/hw-p1031.png,1088,1756,0.61959
img/hw3/10/hw-p1032.png,1088,1752,0.621005
img/hw3/10/hw-p1033.png,1084,1756,0.617312
img/hw3/10/hw-p1034.png,1080,1760,0.613636
img/hw3/10/hw-p1035.png,1084,1756,0.617312
img/hw3/10/hw-p1036.png,1084,1752,0.618721
img/hw3/10/hw-p1037.png,1092,1752,0.623288
img/hw3/10/hw-p1038.png,1080,1756,0.615034
img/hw3/10/hw-p1039.png,1084,1748,0.620137
img/hw3/10/hw-p1040.png,1084,1748,0.620137
img/hw3/10/hw-p1041.png,1092,1752,0.623288
img/hw3/10/hw-p1042.png,1084,1744,0.62156
img/hw3/10/hw-p1043.png,1084,1752,0.618721
img/hw3/10/hw-p1044.png,1088,1752,0.621005
img/hw3/10/hw-p1045.png,1084,1756,0.617312
img/hw3/10/hw-p1046.png,1084,1752,0.618721
img/hw3/10/hw-p1047.png,1088,1756,0.61959
img/hw3/10/hw-p1048.png,1084,1760,0.615909
img/hw3/10/hw-p1049.png,1096,1760,0.622727
img/hw3/10/hw-p1050.png,1092,1764,0.619048
img/hw3/10/hw-p1051.png,1088,1756,0.61959
img/hw3/10/hw-p1052.png,1084,1752,0.618721
img/hw3/10/hw-p1053.png,1088,1752,0.621005
img/hw3/10/hw-p1054.png,1084,1752,0.618721
img/hw3/10/hw-p1055.png,1088,1748,0.622426
img/hw3/10/hw-p1056.png,1092,1748,0.624714
img/hw3/10/hw-p1057.png,1088,1752,0.621005
img/hw3/10/hw-p1058.png,1076,1748,0.615561
img/hw3/10/hw-p1059.png,1084,1752,0.618721
img/hw3/10/hw-p1060.png,1084,1752,0.618721
img/hw3/10/hw-p1061.png,1088,1756,0.61959
img/hw3/10/hw-p1062.png,1084,1748,0.620137
img/hw3/10/hw-p1063.png,1088,1752,0.621005
img/hw3/10/hw-p1064.png,1088,1756,0.61959
img/hw3/10/hw-p1065.png,1084,1752,0.618721
img/hw3/10/hw-p1066.png,1080,1756,0.615034
img/hw3/10/hw-p1067.png,1076,1752,0.614155
img/hw3/10/hw-p1068.png,1084,1752,0.618721
img/hw3/10/hw-p1069.png,1096,1748,0.627002
img/hw3/10/hw-p1070.png,1080,1748,0.617849
img/hw3/10/hw-p1071.png,1076,1748,0.615561
img/hw3/10/hw-p1072.png,1080,1748,0.617849
img/hw3/10/hw-p1073.png,1076,1748,0.615561
img/hw3/10/hw-p1074.png,1080,1748,0.617849
img/hw3/10/hw-p1075.png,1080,1748,0.617849
img/hw3/10/hw-p1076.png,1084,1752,0.618721
img/hw3/10/hw-p1077.png,1084,1748,0.620137
img/hw3/10/hw-p1078.png,1088,1752,0.621005
img/hw3/10/hw-p1079.png,1084,1756,0.617312
img/hw3/10/hw-p1080.png,1084,1752,0.618721
img/hw3/10/hw-p1081.png,1084,1752,0.618721
img/hw3/10/hw-p1082.png,1084,1756,0.617312
img/hw3/10/hw-p1083.png,1088,1752,0.621005
img/hw3/10/hw-p1084.png,1084,1752,0.618721
img/hw3/10/hw-p1085.png,1080,1752,0.616438
img/hw3/10/hw-p1086.png,1080,1752,0.616438
img/hw3/10/hw-p1087.png,1092,1756,0.621868
img/hw3/10/hw-p1088.png,1084,1748,0.620137
img/hw3/10/hw-p1089.png,1084,1756,0.617312
img/hw3/10/hw-p1090.png,1080,1752,0.616438
img/hw3/10/hw-p1091.png,1088,1752,0.621005
img/hw3/10/hw-p1092.png,1084,1756,0.617312
img/hw3/10/hw-p1093.png,1084,1752,0.618721
img/hw3/10/hw-p1094.png,1080,1752,0.616438
img/hw3/10/hw-p1095.png,1080,1756,0.615034
img/hw3/10/hw-p1096.png,1084,1756,0.617312
img/hw3/10/hw-p1097.png,1088,1760,0.618182
img/hw3/10/hw-p1098.png,1084,1760,0.615909
img/hw3/10/hw-p1099.png,1088,1752,0.621005
img/hw3/11/hw-p1100.png,1084,1756,0.617312
img/hw3/11/hw-p1101.png,1092,1760,0.620455
img/hw3/11/hw-p1102.png,1088,1756,0.61959
img/hw3/11/hw-p1103.png,1080,1752,0.616438
img/hw3/11/hw-p1104.png,1088,1756,0.61959
img/hw3/11/hw-p1105.png,1088,1752,0.621005
img/hw3/11/hw-p1106.png,1088,1752,0.621005
img/hw3/11/hw-p1107.png,1084,1752,0.618721
img/hw3/11/hw-p1108.png,1084,1756,0.617312
img/hw3/11/hw-p1109.png,1084,1756,0.617312
img/hw3/11/hw-p1110.png,1088,1752,0.621005
img/hw3/11/hw-p1111.png,1084,1756,0.617312
img/hw3/11/hw-p1112.png,1096,1756,0.624146
img/hw3/11/hw-p1113.png,1084,1760,0.615909
img/hw3/11/hw-p1114.png,1084,1768,0.613122
img/hw3/11/hw-p1115.png,1088,1760,0.618182
img/hw3/11/hw-p1116.png,1088,1760,0.618182
img/hw3/11/hw-p1117.png,1088,1760,0.618182
img/hw3/11/hw-p1118.png,1088,1760,0.618182
img/hw3/11/hw-p1119.png,1088,1752,0.621005
img/hw3/11/hw-p1120.png,1088,1748,0.622426
img/hw3/11/hw-p1121.png,1088,1752,0.621005
img/hw3/11/hw-p1122.png,1088,1748,0.622426
img/hw3/11/hw-p1123.png,1084,1744,0.62156
img/hw3/11/hw-p1124.png,1080,1744,0.619266
img/hw3/11/hw-p1125.png,1080,1752,0.616438
img/hw3/11/hw-p1126.png,1096,1744,0.62844
img/hw3/11/hw-p1127.png,1084,1748,0.620137
img/hw3/11/hw-p1128.png,1080,1748,0.617849
img/hw3/11/hw-p1129.png,80,452,0.176991
img/hw3/11/hw-p1130.png,888,1956,0.453988
img/hw3/1/hw-p100.png,1088,1752,0.621005
img/hw3/1/hw-p101.png,1084,1776,0.61036
img/hw3/1/hw-p102.png,1084,1756,0.617312
img/hw3/1/hw-p103.png,1088,1760,0.618182
img/hw3/1/hw-p104.png,1080,1760,0.613636
img/hw3/1/hw-p105.png,1084,1764,0.614512
img/hw3/1/hw-p106.png,1084,1752,0.618721
img/hw3/1/hw-p107.png,1088,1760,0.618182
img/hw3/1/hw-p108.png,1084,1764,0.614512
img/hw3/1/hw-p109.png,1092,1756,0.621868
img/hw3/1/hw-p110.png,1084,1756,0.617312
img/hw3/1/hw-p111.png,1088,1764,0.61678
img/hw3/1/hw-p112.png,1084,1764,0.614512
img/hw3/1/hw-p113.png,1088,1760,0.618182
img/hw3/1/hw-p114.png,1088,1760,0.618182
img/hw3/1/hw-p115.png,1084,1760,0.615909
img/hw3/1/hw-p116.png,1132,1752,0.646119
img/hw3/1/hw-p117.png,1088,1756,0.61959
img/hw3/1/hw-p118.png,1092,1752,0.623288
img/hw3/1/hw-p119.png,1088,1764,0.61678
img/hw3/1/hw-p120.png,1088,1760,0.618182
img/hw3/1/hw-p121.png,1088,1764,0.61678
img/hw3/1/hw-p122.png,1088,1764,0.61678
img/hw3/1/hw-p123.png,1092,1768,0.617647
img/hw3/1/hw-p124.png,1088,1764,0.61678
img/hw3/1/hw-p125.png,1092,1764,0.619048
img/hw3/1/hw-p126.png,1092,1760,0.620455
img/hw3/1/hw-p127.png,1092,1760,0.620455
img/hw3/1/hw-p128.png,1088,1760,0.618182
img/hw3/1/hw-p129.png,1092,1756,0.621868
img/hw3/1/hw-p130.png,1088,1756,0.61959
img/hw3/1/hw-p131.png,1092,1756,0.621868
img/hw3/1/hw-p132.png,1084,1756,0.617312
img/hw3/1/hw-p133.png,1092,1760,0.620455
img/hw3/1/hw-p134.png,1084,1760,0.615909
img/hw3/1/hw-p135.png,1088,1760,0.618182
img/hw3/1/hw-p136.png,1088,1756,0.61959
img/hw3/1/hw-p137.png,1088,1760,0.618182
img/hw3/1/hw-p138.png,1088,1756,0.61959
img/hw3/1/hw-p139.png,1092,1760,0.620455
img/hw3/1/hw-p140.png,1084,1760,0.615909
img/hw3/1/hw-p141.png,1092,1760,0.620455
img/hw3/1/hw-p142.png,1088,1760,0.618182
img/hw3/1/hw-p143.png,1084,1756,0.617312
img/hw3/1/hw-p144.png,1088,1764,0.61678
img/hw3/1/hw-p145.png,1092,1760,0.620455
img/hw3/1/hw-p146.png,1088,1756,0.61959
img/hw3/1/hw-p147.png,1092,1760,0.620455
img/hw3/1/hw-p148.png,1088,1764,0.61678
img/hw3/1/hw-p149.png,1096,1764,0.621315
img/hw3/1/hw-p150.png,1088,1760,0.618182
img/hw3/1/hw-p151.png,1088,1756,0.61959
img/hw3/1/hw-p152.png,1088,1760,0.618182
img/hw3/1/hw-p153.png,1080,1756,0.615034
img/hw3/1/hw-p154.png,1088,1756,0.61959
img/hw3/1/hw-p155.png,1092,1764,0.619048
img/hw3/1/hw-p156.png,1092,1764,0.619048
img/hw3/1/hw-p157.png,1088,1760,0.618182
img/hw3/1/hw-p158.png,1088,1764,0.61678
img/hw3/1/hw-p159.png,1092,1756,0.621868
img/hw3/1/hw-p160.png,1088,1752,0.621005
img/hw3/1/hw-p161.png,1088,1760,0.618182
img/hw3/1/hw-p162.png,1088,1760,0.618182
img/hw3/1/hw-p163.png,1084,1760,0.615909
img/hw3/1/hw-p164.png,1088,1756,0.61959
img/hw3/1/hw-p165.png,1088,1760,0.618182
img/hw3/1/hw-p166.png,1092,1760,0.620455
img/hw3/1/hw-p167.png,1092,1764,0.619048
img/hw3/1/hw-p168.png,1088,1756,0.61959
img/hw3/1/hw-p169.png,1088,1756,0.61959
img/hw3/1/hw-p170.png,1084,1756,0.617312
img/hw3/1/hw-p171.png,1096,1756,0.624146
img/hw3/1/hw-p172.png,1088,1756,0.61959
img/hw3/1/hw-p173.png,1088,1756,0.61959
img/hw3/1/hw-p174.png,1080,1760,0.613636
img/hw3/1/hw-p175.png,1080,1756,0.615034
img/hw3/1/hw-p176.png,1084,1748,0.620137
img/hw3/1/hw-p177.png,1092,1752,0.623288
img/hw3/1/hw-p178.png,1080,1752,0.616438
img/hw3/1/hw-p179.png,1092,1756,0.621868
img/hw3/1/hw-p180.png,1096,1748,0.627002
img/hw3/1/hw-p181.png,1096,1756,0.624146
img/hw3/1/hw-p182.png,1096,1752,0.625571
img/hw3/1/hw-p183.png,1088,1756,0.61959
img/hw3/1/hw-p184.png,1092,1764,0.619048
img/hw3/1/hw-p185.png,1092,1756,0.621868
img/hw3/1/hw-p186.png,1092,1752,0.623288
img/hw3/1/hw-p187.png,1096,1760,0.622727
img/hw3/1/hw-p188.png,1088,1760,0.618182
img/hw3/1/hw-p189.png,1096,1764,0.621315
img/hw3/1/hw-p190.png,1088,1760,0.618182
img/hw3/1/hw-p191.png,1096,1760,0.622727
img/hw3/1/hw-p192.png,1096,1752,0.625571
img/hw3/1/hw-p193.png,1092,1760,0.620455
img/hw3/1/hw-p194.png,1092,1760,0.620455
img/hw3/1/hw-p195.png,1092,1756,0.621868
img/hw3/1/hw-p196.png,1088,1752,0.621005
img/hw3/1/hw-p197.png,1092,1752,0.623288
img/hw3/1/hw-p198.png,1088,1752,0.621005
img/hw3/1/hw-p199.png,1092,1756,0.621868
img/hw3/2/hw-p200.png,1092,1752,0.623288
img/hw3/2/hw-p201.png,1100,1756,0.626424
img/hw3/2/hw-p202.png,1088,1756,0.61959
img/hw3/2/hw-p203.png,1092,1760,0.620455
img/hw3/2/hw-p204.png,1084,1764,0.614512
img/hw3/2/hw-p205.png,1092,1756,0.621868
img/hw3/2/hw-p206.png,1088,1756,0.61959
img/hw3/2/hw-p207.png,1076,1752,0.614155
img/hw3/2/hw-p208.png,1088,1760,0.618182
img/hw3/2/hw-p209.png,1088,1752,0.621005
img/hw3/2/hw-p210.png,1084,1752,0.618721
img/hw3/2/hw-p211.png,1096,1756,0.624146
img/hw3/2/hw-p212.png,1088,1752,0.621005
img/hw3/2/hw-p213.png,1092,1760,0.620455
img/hw3/2/hw-p214.png,1088,1764,0.61678
img/hw3/2/hw-p215.png,1080,1768,0.61086
img/hw3/2/hw-p216.png,1088,1764,0.61678
img/hw3/2/hw-p217.png,1084,1764,0.614512
img/hw3/2/hw-p218.png,1092,1756,0.621868
img/hw3/2/hw-p219.png,1092,1760,0.620455
img/hw3/2/hw-p220.png,1092,1756,0.621868
img/hw3/2/hw-p221.png,1092,1756,0.621868
img/hw3/2/hw-p222.png,1088,1756,0.61959
img/hw3/2/hw-p223.png,1084,1756,0.617312
img/hw3/2/hw-p224.png,1088,1752,0.621005
img/hw3/2/hw-p225.png,1080,1752,0.616438
img/hw3/2/hw-p226.png,1092,1756,0.621868
img/hw3/2/hw-p227.png,1096,1756,0.624146
img/hw3/2/hw-p228.png,1096,1748,0.627002
img/hw3/2/hw-p229.png,1084,1756,0.617312
img/hw3/2/hw-p230.png,1092,1752,0.623288
img/hw3/2/hw-p231.png,1088,1752,0.621005
img/hw3/2/hw-p232.png,1088,1752,0.621005
img/hw3/2/hw-p233.png,1052,1760,0.597727
img/hw3/2/hw-p234.png,1092,1760,0.620455
img/hw3/2/hw-p235.png,1088,1764,0.61678
img/hw3/2/hw-p236.png,1088,1756,0.61959
img/hw3/2/hw-p237.png,1088,1756,0.61959
img/hw3/2/hw-p238.png,1088,1756,0.61959
img/hw3/2/hw-p239.png,1088,1752,0.621005
img/hw3/2/hw-p240.png,1092,1748,0.624714
img/hw3/2/hw-p241.png,1092,1752,0.623288
img/hw3/2/hw-p242.png,1088,1604,0.678304
img/hw3/2/hw-p243.png,1092,1752,0.623288
img/hw3/2/hw-p244.png,1092,1752,0.623288
img/hw3/2/hw-p245.png,1084,1752,0.618721
img/hw3/2/hw-p246.png,1092,1752,0.623288
img/hw3/2/hw-p247.png,1096,1756,0.624146
img/hw3/2/hw-p248.png,1088,1748,0.622426
img/hw3/2/hw-p249.png,1088,1756,0.61959
img/hw3/2/hw-p250.png,1088,1752,0.621005
img/hw3/2/hw-p251.png,1088,1764,0.61678
img/hw3/2/hw-p252.png,1100,1752,0.627854
img/hw3/2/hw-p253.png,1096,1756,0.624146
img/hw3/2/hw-p254.png,1088,1756,0.61959
img/hw3/2/hw-p255.png,1092,1752,0.623288
img/hw3/2/hw-p256.png,1096,1748,0.627002
img/hw3/2/hw-p257.png,1092,1752,0.623288
img/hw3/2/hw-p258.png,1088,1752,0.621005
img/hw3/2/hw-p259.png,1080,1752,0.616438
img/hw3/2/hw-p260.png,1092,1744,0.626147
img/hw3/2/hw-p261.png,1104,1752,0.630137
img/hw3/2/hw-p262.png,1084,1748,0.620137
img/hw3/2/hw-p263.png,1088,1760,0.618182
img/hw3/2/hw-p264.png,1084,1760,0.615909
img/hw3/2/hw-p265.png,1092,1764,0.619048
img/hw3/2/hw-p266.png,1092,1760,0.620455
img/hw3/2/hw-p267.png,1084,1752,0.618721
img/hw3/2/hw-p268.png,1092,1756,0.621868
img/hw3/2/hw-p269.png,1092,1760,0.620455
img/hw3/2/hw-p270.png,1088,1752,0.621005
img/hw3/2/hw-p271.png,1092,1760,0.620455
img/hw3/2/hw-p272.png,1088,1756,0.61959
img/hw3/2/hw-p273.png,1092,1756,0.621868
img/hw3/2/hw-p274.png,1088,1760,0.618182
img/hw3/2/hw-p275.png,1088,1760,0.618182
img/hw3/2/hw-p276.png,1088,1756,0.61959
img/hw3/2/hw-p277.png,1088,1756,0.61959
img/hw3/2/hw-p278.png,1084,1756,0.617312
img/hw3/2/hw-p279.png,1096,1752,0.625571
img/hw3/2/hw-p280.png,1092,1752,0.623288
img/hw3/2/hw-p281.png,1092,1756,0.621868
img/hw3/2/hw-p282.png,1088,1748,0.622426
img/hw3/2/hw-p283.png,1088,1756,0.61959
img/hw3/2/hw-p284.png,1088,1752,0.621005
img/hw3/2/hw-p285.png,1088,1760,0.618182
img/hw3/2/hw-p286.png,1088,1760,0.618182
img/hw3/2/hw-p287.png,1092,1752,0.623288
img/hw3/2/hw-p288.png,1088,1752,0.621005
img/hw3/2/hw-p289.png,1096,1752,0.625571
img/hw3/2/hw-p290.png,1088,1756,0.61959
img/hw3/2/hw-p291.png,1088,1756,0.61959
img/hw3/2/hw-p292.png,1088,1756,0.61959
img/hw3/2/hw-p293.png,1088,1752,0.621005
img/hw3/2/hw-p294.png,1092,1756,0.621868
img/hw3/2/hw-p295.png,1080,1760,0.613636
img/hw3/2/hw-p296.png,1088,1756,0.61959
img/hw3/2/hw-p297.png,1088,1760,0.618182
img/hw3/2/hw-p298.png,1092,1760,0.620455
img/hw3/2/hw-p299.png,1092,1760,0.620455
img/hw3/3/hw-p300.png,1092,1752,0.623288
img/hw3/3/hw-p301.png,1088,1752,0.621005
img/hw3/3/hw-p302.png,1092,1756,0.621868
img/hw3/3/hw-p303.png,1092,1760,0.620455
img/hw3/3/hw-p304.png,1084,1752,0.618721
img/hw3/3/hw-p305.png,1084,1752,0.618721
img/hw3/3/hw-p306.png,1088,1756,0.61959
img/hw3/3/hw-p307.png,1088,1764,0.61678
img/hw3/3/hw-p308.png,1084,1752,0.618721
img/hw3/3/hw-p309.png,1080,1748,0.617849
img/hw3/3/hw-p310.png,1088,1752,0.621005
img/hw3/3/hw-p311.png,1092,1756,0.621868
img/hw3/3/hw-p312.png,1088,1760,0.618182
img/hw3/3/hw-p313.png,1084,1756,0.617312
img/hw3/3/hw-p314.png,1096,1752,0.625571
img/hw3/3/hw-p315.png,1096,1752,0.625571
img/hw3/3/hw-p316.png,1084,1756,0.617312
img/hw3/3/hw-p317.png,1088,1756,0.61959
img/hw3/3/hw-p318.png,1084,1752,0.618721
img/hw3/3/hw-p319.png,1080,1764,0.612245
img/hw3/3/hw-p320.png,1088,1752,0.621005
img/hw3/3/hw-p321.png,1092,1752,0.623288
img/hw3/3/hw-p322.png,1092,1756,0.621868
img/hw3/3/hw-p323.png,1092,1752,0.623288
img/hw3/3/hw-p324.png,1088,1752,0.621005
img/hw3/3/hw-p325.png,1092,1760,0.620455
img/hw3/3/hw-p326.png,1088,1752,0.621005
img/hw3/3/hw-p327.png,1092,1752,0.623288
img/hw3/3/hw-p328.png,1084,1756,0.617312
img/hw3/3/hw-p329.png,1088,1760,0.618182
img/hw3/3/hw-p330.png,1088,1752,0.621005
img/hw3/3/hw-p331.png,1088,1756,0.61959
img/hw3/3/hw-p332.png,1088,1756,0.61959
img/hw3/3/hw-p333.png,1096,1756,0.624146
img/hw3/3/hw-p334.png,1092,1752,0.623288
img/hw3/3/hw-p335.png,1092,1768,0.617647
img/hw3/3/hw-p336.png,1092,1764,0.619048
img/hw3/3/hw-p337.png,1092,1772,0.616253
img/hw3/3/hw-p338.png,1088,1764,0.61678
img/hw3/3/hw-p339.png,1088,1760,0.618182
img/hw3/3/hw-p340.png,1088,1764,0.61678
img/hw3/3/hw-p341.png,1088,1760,0.618182
img/hw3/3/hw-p342.png,1092,1756,0.621868
img/hw3/3/hw-p343.png,1092,1756,0.621868
img/hw3/3/hw-p344.png,1088,1752,0.621005
img/hw3/3/hw-p345.png,1092,1756,0.621868
img/hw3/3/hw-p346.png,1088,1756,0.61959
img/hw3/3/hw-p347.png,1088,1756,0.61959
img/hw3/3/hw-p348.png,1088,1752,0.621005
img/hw3/3/hw-p349.png,1100,1756,0.626424
img/hw3/3/hw-p350.png,1092,1752,0.623288
img/hw3/3/hw-p351.png,1088,1756,0.61959
img/hw3/3/hw-p352.png,1084,1748,0.620137
img/hw3/3/hw-p353.png,1088,1752,0.621005
img/hw3/3/hw-p354.png,1088,1748,0.622426
img/hw3/3/hw-p355.png,1092,1752,0.623288
img/hw3/3/hw-p356.png,1092,1752,0.623288
img/hw3/3/hw-p357.png,1084,1760,0.615909
img/hw3/3/hw-p358.png,1080,1752,0.616438
img/hw3/3/hw-p359.png,1088,1748,0.622426
img/hw3/3/hw-p360.png,1088,1756,0.61959
img/hw3/3/hw-p361.png,1092,1760,0.620455
img/hw3/3/hw-p362.png,1088,1760,0.618182
img/hw3/3/hw-p363.png,1092,1756,0.621868
img/hw3/3/hw-p364.png,1088,1756,0.61959
img/hw3/3/hw-p365.png,1084,1760,0.615909
img/hw3/3/hw-p366.png,1088,1756,0.61959
img/hw3/3/hw-p367.png,1088,1760,0.618182
img/hw3/3/hw-p368.png,1092,1756,0.621868
img/hw3/3/hw-p369.png,1088,1752,0.621005
img/hw3/3/hw-p370.png,1084,1760,0.615909
img/hw3/3/hw-p371.png,1084,1760,0.615909
img/hw3/3/hw-p372.png,1080,1752,0.616438
img/hw3/3/hw-p373.png,1080,1756,0.615034
img/hw3/3/hw-p374.png,1084,1764,0.614512
img/hw3/3/hw-p375.png,1088,1764,0.61678
img/hw3/3/hw-p376.png,1080,1760,0.613636
img/hw3/3/hw-p377.png,1084,1752,0.618721
img/hw3/3/hw-p378.png,1092,1752,0.623288
img/hw3/3/hw-p379.png,1084,1756,0.617312
img/hw3/3/hw-p380.png,1084,1752,0.618721
img/hw3/3/hw-p381.png,1084,1752,0.618721
img/hw3/3/hw-p382.png,1084,1756,0.617312
img/hw3/3/hw-p383.png,1076,1756,0.612756
img/hw3/3/hw-p384.png,1084,1748,0.620137
img/hw3/3/hw-p385.png,1088,1752,0.621005
img/hw3/3/hw-p386.png,1088,1752,0.621005
img/hw3/3/hw-p387.png,1088,1752,0.621005
img/hw3/3/hw-p388.png,1084,1752,0.618721
img/hw3/3/hw-p389.png,1088,1756,0.61959
img/hw3/3/hw-p390.png,1088,1752,0.621005
img/hw3/3/hw-p391.png,1092,1756,0.621868
img/hw3/3/hw-p392.png,1084,1752,0.618721
img/hw3/3/hw-p393.png,1092,1756,0.621868
img/hw3/3/hw-p394.png,1092,1752,0.623288
img/hw3/3/hw-p395.png,1096,1760,0.622727
img/hw3/3/hw-p396.png,1084,1752,0.618721
img/hw3/3/hw-p397.png,1088,1768,0.615385
img/hw3/3/hw-p398.png,1088,1768,0.615385
img/hw3/3/hw-p399.png,1088,1756,0.61959
img/hw3/4/hw-p400.png,1088,1760,0.618182
img/hw3/4/hw-p401.png,1088,1752,0.621005
img/hw3/4/hw-p402.png,1084,1748,0.620137
img/hw3/4/hw-p403.png,1084,1756,0.617312
img/hw3/4/hw-p404.png,1080,1752,0.616438
img/hw3/4/hw-p405.png,1072,1752,0.611872
img/hw3/4/hw-p406.png,1092,1760,0.620455
img/hw3/4/hw-p407.png,1080,1752,0.616438
img/hw3/4/hw-p408.png,1084,1752,0.618721
img/hw3/4/hw-p409.png,1084,1772,0.611738
img/hw3/4/hw-p410.png,1084,1764,0.614512
img/hw3/4/hw-p411.png,1088,1756,0.61959
img/hw3/4/hw-p412.png,1088,1752,0.621005
img/hw3/4/hw-p413.png,1076,1760,0.611364
img/hw3/4/hw-p414.png,1084,1764,0.614512
img/hw3/4/hw-p415.png,1088,1752,0.621005
img/hw3/4/hw-p416.png,1084,1756,0.617312
img/hw3/4/hw-p417.png,1088,1756,0.61959
img/hw3/4/hw-p418.png,1084,1752,0.618721
img/hw3/4/hw-p419.png,1084,1756,0.617312
img/hw3/4/hw-p420.png,1084,1760,0.615909
img/hw3/4/hw-p421.png,1076,1760,0.611364
img/hw3/4/hw-p422.png,1088,1764,0.61678
img/hw3/4/hw-p423.png,1080,1752,0.616438
img/hw3/4/hw-p424.png,1080,1756,0.615034
img/hw3/4/hw-p425.png,1088,1756,0.61959
img/hw3/4/hw-p426.png,1080,1756,0.615034
img/hw3/4/hw-p427.png,1084,1764,0.614512
img/hw3/4/hw-p428.png,1088,1764,0.61678
img/hw3/4/hw-p429.png,1088,1764,0.61678
img/hw3/4/hw-p430.png,1084,1756,0.617312
img/hw3/4/hw-p431.png,1088,1756,0.61959
img/hw3/4/hw-p432.png,1084,1752,0.618721
img/hw3/4/hw-p433.png,1084,1760,0.615909
img/hw3/4/hw-p434.png,1080,1756,0.615034
img/hw3/4/hw-p435.png,1080,1768,0.61086
img/hw3/4/hw-p436.png,1084,1760,0.615909
img/hw3/4/hw-p437.png,1084,1756,0.617312
img/hw3/4/hw-p438.png,1104,1764,0.62585
img/hw3/4/hw-p439.png,1084,1764,0.614512
img/hw3/4/hw-p440.png,1084,1756,0.617312
img/hw3/4/hw-p441.png,1088,1764,0.61678
img/hw3/4/hw-p442.png,1084,1764,0.614512
img/hw3/4/hw-p443.png,1084,1764,0.614512
img/hw3/4/hw-p444.png,1088,1760,0.618182
img/hw3/4/hw-p445.png,1092,1756,0.621868
img/hw3/4/hw-p446.png,1088,1756,0.61959
img/hw3/4/hw-p447.png,1084,1752,0.618721
img/hw3/4/hw-p448.png,1088,1784,0.609865
img/hw3/4/hw-p449.png,1092,1752,0.623288
img/hw3/4/hw-p450.png,1092,1752,0.623288
img/hw3/4/hw-p451.png,1112,1756,0.633257
img/hw3/4/hw-p452.png,1088,1752,0.621005
img/hw3/4/hw-p453.png,1084,1764,0.614512
img/hw3/4/hw-p454.png,1084,1760,0.615909
img/hw3/4/hw-p455.png,1092,1760,0.620455
img/hw3/4/hw-p456.png,1084,1756,0.617312
img/hw3/4/hw-p457.png,1072,1756,0.610478
img/hw3/4/hw-p458.png,1084,1752,0.618721
img/hw3/4/hw-p459.png,1092,1756,0.621868
img/hw3/4/hw-p460.png,1092,1756,0.621868
img/hw3/4/hw-p461.png,1088,1760,0.618182
img/hw3/4/hw-p462.png,1084,1760,0.615909
img/hw3/4/hw-p463.png,1080,1768,0.61086
img/hw3/4/hw-p464.png,1084,1760,0.615909
img/hw3/4/hw-p465.png,1080,1764,0.612245
img/hw3/4/hw-p466.png,1084,1756,0.617312
img/hw3/4/hw-p467.png,1084,1772,0.611738
img/hw3/4/hw-p468.png,1084,1768,0.613122
img/hw3/4/hw-p469.png,1088,1760,0.618182
img/hw3/4/hw-p470.png,1080,1752,0.616438
img/hw3/4/hw-p471.png,1084,1764,0.614512
img/hw3/4/hw-p472.png,1084,1756,0.617312
img/hw3/4/hw-p473.png,1080,1760,0.613636
img/hw3/4/hw-p474.png,1080,1760,0.613636
img/hw3/4/hw-p475.png,1088,1760,0.618182
img/hw3/4/hw-p476.png,1080,1756,0.615034
img/hw3/4/hw-p477.png,1084,1756,0.617312
img/hw3/4/hw-p478.png,1084,1756,0.617312
img/hw3/4/hw-p479.png,1088,1756,0.61959
img/hw3/4/hw-p480.png,1080,1756,0.615034
img/hw3/4/hw-p481.png,1084,1756,0.617312
img/hw3/4/hw-p482.png,1080,1752,0.616438
img/hw3/4/hw-p483.png,1080,1756,0.615034
img/hw3/4/hw-p484.png,1084,1752,0.618721
img/hw3/4/hw-p485.png,1076,1760,0.611364
img/hw3/4/hw-p486.png,1080,1752,0.616438
img/hw3/4/hw-p487.png,1088,1756,0.61959
img/hw3/4/hw-p488.png,1080,1756,0.615034
img/hw3/4/hw-p489.png,1084,1760,0.615909
img/hw3/4/hw-p490.png,1080,1760,0.613636
img/hw3/4/hw-p491.png,1088,1756,0.61959
img/hw3/4/hw-p492.png,1084,1752,0.618721
img/hw3/4/hw-p493.png,1092,1760,0.620455
img/hw3/4/hw-p494.png,1088,1756,0.61959
img/hw3/4/hw-p495.png,1088,1752,0.621005
img/hw3/4/hw-p496.png,1080,1752,0.616438
img/hw3/4/hw-p497.png,1088,1752,0.621005
img/hw3/4/hw-p498.png,1084,1752,0.618721
img/hw3/4/hw-p499.png,1088,1760,0.618182
img/hw3/5/hw-p500.png,1080,1756,0.615034
img/hw3/5/hw-p501.png,1080,1760,0.613636
img/hw3/5/hw-p502.png,1088,1760,0.618182
img/hw3/5/hw-p503.png,1088,1756,0.61959
img/hw3/5/hw-p504.png,1088,1752,0.621005
img/hw3/5/hw-p505.png,1084,1752,0.618721
img/hw3/5/hw-p506.png,1080,1752,0.616438
img/hw3/5/hw-p507.png,1088,1752,0.621005
img/hw3/5/hw-p508.png,1088,1752,0.621005
img/hw3/5/hw-p509.png,1088,1752,0.621005
img/hw3/5/hw-p510.png,1084,1760,0.615909
img/hw3/5/hw-p511.png,1088,1752,0.621005
img/hw3/5/hw-p512.png,1084,1752,0.618721
img/hw3/5/hw-p513.png,1088,1768,0.615385
img/hw3/5/hw-p514.png,1080,1768,0.61086
img/hw3/5/hw-p515.png,1092,1756,0.621868
img/hw3/5/hw-p516.png,1088,1752,0.621005
img/hw3/5/hw-p517.png,1096,1756,0.624146
img/hw3/5/hw-p518.png,1092,1756,0.621868
img/hw3/5/hw-p519.png,1088,1756,0.61959
img/hw3/5/hw-p520.png,1084,1752,0.618721
img/hw3/5/hw-p521.png,1088,1752,0.621005
img/hw3/5/hw-p522.png,1088,1780,0.611236
img/hw3/5/hw-p523.png,1092,1756,0.621868
img/hw3/5/hw-p524.png,1092,1752,0.623288
img/hw3/5/hw-p525.png,1072,1756,0.610478
img/hw3/5/hw-p526.png,1088,1752,0.621005
img/hw3/5/hw-p527.png,1072,1748,0.613272
img/hw3/5/hw-p528.png,1088,1760,0.618182
img/hw3/5/hw-p529.png,1084,1748,0.620137
img/hw3/5/hw-p530.png,1084,1752,0.618721
img/hw3/5/hw-p531.png,1088,1752,0.621005
img/hw3/5/hw-p532.png,1088,1752,0.621005
img/hw3/5/hw-p533.png,1092,1752,0.623288
img/hw3/5/hw-p534.png,1084,1748,0.620137
img/hw3/5/hw-p535.png,1084,1752,0.618721
img/hw3/5/hw-p536.png,1088,1752,0.621005
img/hw3/5/hw-p537.png,1084,1752,0.618721
img/hw3/5/hw-p538.png,1088,1756,0.61959
img/hw3/5/hw-p539.png,1088,1760,0.618182
img/hw3/5/hw-p540.png,1088,1760,0.618182
img/hw3/5/hw-p541.png,1076,1764,0.609977
img/hw3/5/hw-p542.png,1088,1760,0.618182
img/hw3/5/hw-p543.png,1084,1764,0.614512
img/hw3/5/hw-p544.png,1084,1752,0.618721
img/hw3/5/hw-p545.png,1084,1756,0.617312
img/hw3/5/hw-p546.png,1084,1756,0.617312
img/hw3/5/hw-p547.png,1088,1752,0.621005
img/hw3/5/hw-p548.png,1088,1748,0.622426
img/hw3/5/hw-p549.png,1084,1752,0.618721
img/hw3/5/hw-p550.png,1088,1748,0.622426
img/hw3/5/hw-p551.png,1088,1768,0.615385
img/hw3/5/hw-p552.png,1092,1764,0.619048
img/hw3/5/hw-p553.png,1088,1764,0.61678
img/hw3/5/hw-p554.png,1080,1756,0.615034
img/hw3/5/hw-p555.png,1088,1760,0.618182
img/hw3/5/hw-p556.png,1084,1756,0.617312
img/hw3/5/hw-p557.png,1084,1756,0.617312
img/hw3/5/hw-p558.png,1080,1748,0.617849
img/hw3/5/hw-p559.png,1084,1752,0.618721
img/hw3/5/hw-p560.png,1084,1752,0.618721
img/hw3/5/hw-p561.png,1088,1764,0.61678
img/hw3/5/hw-p562.png,1084,1764,0.614512
img/hw3/5/hw-p563.png,1088,1752,0.621005
img/hw3/5/hw-p564.png,1084,1752,0.618721
img/hw3/5/hw-p565.png,1088,1756,0.61959
img/hw3/5/hw-p566.png,1088,1748,0.622426
img/hw3/5/hw-p567.png,1084,1752,0.618721
img/hw3/5/hw-p568.png,1092,1760,0.620455
img/hw3/5/hw-p569.png,1092,1764,0.619048
img/hw3/5/hw-p570.png,1088,1756,0.61959
img/hw3/5/hw-p571.png,1080,1760,0.613636
img/hw3/5/hw-p572.png,1084,1760,0.615909
img/hw3/5/hw-p573.png,1088,1764,0.61678
img/hw3/5/hw-p574.png,1084,1760,0.615909
img/hw3/5/hw-p575.png,1088,1764,0.61678
img/hw3/5/hw-p576.png,1084,1760,0.615909
img/hw3/5/hw-p577.png,1080,1752,0.616438
img/hw3/5/hw-p578.png,1088,1760,0.618182
img/hw3/5/hw-p579.png,1088,1768,0.615385
img/hw3/5/hw-p580.png,1088,1752,0.621005
img/hw3/5/hw-p581.png,1084,1760,0.615909
img/hw3/5/hw-p582.png,1080,1756,0.615034
img/hw3/5/hw-p583.png,1080,1760,0.613636
img/hw3/5/hw-p584.png,1080,1760,0.613636
img/hw3/5/hw-p585.png,1076,1760,0.611364
img/hw3/5/hw-p586.png,1084,1764,0.614512
img/hw3/5/hw-p587.png,1088,1756,0.61959
img/hw3/5/hw-p588.png,1084,1760,0.615909
img/hw3/5/hw-p589.png,1088,1756,0.61959
img/hw3/5/hw-p590.png,1080,1760,0.613636
img/hw3/5/hw-p591.png,1072,1756,0.610478
img/hw3/5/hw-p592.png,1080,1752,0.616438
img/hw3/5/hw-p593.png,1088,1764,0.61678
img/hw3/5/hw-p594.png,1084,1756,0.617312
img/hw3/5/hw-p595.png,1076,1756,0.612756
img/hw3/5/hw-p596.png,1084,1756,0.617312
img/hw3/5/hw-p597.png,1076,1756,0.612756
img/hw3/5/hw-p598.png,1088,1756,0.61959
img/hw3/5/hw-p599.png,1128,1764,0.639456
img/hw3/6/hw-p600.png,1084,1768,0.613122
img/hw3/6/hw-p601.png,1084,1760,0.615909
img/hw3/6/hw-p602.png,1084,1756,0.617312
img/hw3/6/hw-p603.png,1092,1764,0.619048
img/hw3/6/hw-p604.png,1088,1768,0.615385
img/hw3/6/hw-p605.png,1100,1752,0.627854
img/hw3/6/hw-p606.png,1084,1752,0.618721
img/hw3/6/hw-p607.png,1084,1764,0.614512
img/hw3/6/hw-p608.png,1084,1756,0.617312
img/hw3/6/hw-p609.png,1088,1752,0.621005
img/hw3/6/hw-p610.png,1084,1756,0.617312
img/hw3/6/hw-p611.png,1080,1752,0.616438
img/hw3/6/hw-p612.png,1088,1748,0.622426
img/hw3/6/hw-p613.png,1080,1752,0.616438
img/hw3/6/hw-p614.png,1068,1748,0.610984
img/hw3/6/hw-p615.png,1092,1756,0.621868
img/hw3/6/hw-p616.png,1084,1756,0.617312
img/hw3/6/hw-p617.png,1084,1760,0.615909
img/hw3/6/hw-p618.png,1088,1756,0.61959
img/hw3/6/hw-p619.png,1088,1756,0.61959
img/hw3/6/hw-p620.png,1088,1752,0.621005
img/hw3/6/hw-p621.png,1084,1760,0.615909
img/hw3/6/hw-p622.png,1084,1752,0.618721
img/hw3/6/hw-p623.png,1088,1752,0.621005
img/hw3/6/hw-p624.png,1088,1756,0.61959
img/hw3/6/hw-p625.png,1092,1752,0.623288
img/hw3/6/hw-p626.png,1084,1752,0.618721
img/hw3/6/hw-p627.png,1088,1756,0.61959
img/hw3/6/hw-p628.png,1088,1752,0.621005
img/hw3/6/hw-p629.png,1080,1752,0.616438
img/hw3/6/hw-p630.png,1084,1752,0.618721
img/hw3/6/hw-p631.png,1092,1756,0.621868
img/hw3/6/hw-p632.png,1088,1748,0.622426
img/hw3/6/hw-p633.png,1092,1752,0.623288
img/hw3/6/hw-p634.png,1088,1756,0.61959
img/hw3/6/hw-p635.png,1092,1756,0.621868
img/hw3/6/hw-p636.png,1088,1768,0.615385
img/hw3/6/hw-p637.png,1088,1760,0.618182
img/hw3/6/hw-p638.png,1084,1768,0.613122
img/hw3/6/hw-p639.png,1088,1756,0.61959
img/hw3/6/hw-p640.png,1088,1756,0.61959
img/hw3/6/hw-p641.png,1084,1760,0.615909
img/hw3/6/hw-p642.png,1088,1756,0.61959
img/hw3/6/hw-p643.png,1088,1752,0.621005
img/hw3/6/hw-p644.png,1084,1752,0.618721
img/hw3/6/hw-p645.png,1088,1752,0.621005
img/hw3/6/hw-p646.png,1088,1756,0.61959
img/hw3/6/hw-p647.png,1100,1756,0.626424
img/hw3/6/hw-p648.png,1084,1756,0.617312
img/hw3/6/hw-p649.png,1088,1764,0.61678
img/hw3/6/hw-p650.png,1088,1760,0.618182
img/hw3/6/hw-p651.png,1088,1760,0.618182
img/hw3/6/hw-p652.png,1080,1760,0.613636
img/hw3/6/hw-p653.png,1084,1760,0.615909
img/hw3/6/hw-p654.png,1084,1760,0.615909
img/hw3/6/hw-p655.png,1084,1760,0.615909
img/hw3/6/hw-p656.png,1080,1756,0.615034
img/hw3/6/hw-p657.png,1084,1756,0.617312
img/hw3/6/hw-p658.png,1084,1756,0.617312
img/hw3/6/hw-p659.png,1076,1756,0.612756
img/hw3/6/hw-p660.png,1084,1748,0.620137
img/hw3/6/hw-p661.png,1084,1756,0.617312
img/hw3/6/hw-p662.png,1084,1748,0.620137
img/hw3/6/hw-p663.png,1084,1756,0.617312
img/hw3/6/hw-p664.png,1092,1752,0.623288
img/hw3/6/hw-p665.png,1092,1748,0.624714
img/hw3/6/hw-p666.png,1092,1752,0.623288
img/hw3/6/hw-p667.png,1096,1756,0.624146
img/hw3/6/hw-p668.png,1096,1756,0.624146
img/hw3/6/hw-p669.png,1088,1752,0.621005
img/hw3/6/hw-p670.png,1088,1760,0.618182
img/hw3/6/hw-p671.png,1092,1752,0.623288
img/hw3/6/hw-p672.png,1084,1748,0.620137
img/hw3/6/hw-p673.png,1080,1756,0.615034
img/hw3/6/hw-p674.png,1084,1756,0.617312
img/hw3/6/hw-p675.png,1088,1756,0.61959
img/hw3/6/hw-p676.png,1084,1752,0.618721
img/hw3/6/hw-p677.png,1084,1752,0.618721
img/hw3/6/hw-p678.png,1088,1748,0.622426
img/hw3/6/hw-p679.png,1088,1756,0.61959
img/hw3/6/hw-p680.png,1088,1752,0.621005
img/hw3/6/hw-p681.png,1088,1748,0.622426
img/hw3/6/hw-p682.png,1088,1756,0.61959
img/hw3/6/hw-p683.png,1088,1760,0.618182
img/hw3/6/hw-p684.png,1088,1752,0.621005
img/hw3/6/hw-p685.png,1092,1756,0.621868
img/hw3/6/hw-p686.png,1088,1760,0.618182
img/hw3/6/hw-p687.png,1088,1756,0.61959
img/hw3/6/hw-p688.png,1084,1752,0.618721
img/hw3/6/hw-p689.png,1088,1752,0.621005
img/hw3/6/hw-p690.png,1088,1752,0.621005
img/hw3/6/hw-p691.png,1088,1760,0.618182
img/hw3/6/hw-p692.png,1088,1756,0.61959
img/hw3/6/hw-p693.png,1088,1756,0.61959
img/hw3/6/hw-p694.png,1088,1756,0.61959
img/hw3/6/hw-p695.png,1092,1756,0.621868
img/hw3/6/hw-p696.png,1092,1760,0.620455
img/hw3/6/hw-p697.png,1096,1764,0.621315
img/hw3/6/hw-p698.png,1084,1760,0.615909
img/hw3/6/hw-p699.png,1092,1764,0.619048
img/hw3/7/hw-p700.png,1096,1764,0.621315
img/hw3/7/hw-p701.png,1096,1760,0.622727
img/hw3/7/hw-p702.png,1092,1760,0.620455
img/hw3/7/hw-p703.png,1092,1760,0.620455
img/hw3/7/hw-p704.png,1088,1756,0.61959
img/hw3/7/hw-p705.png,1088,1752,0.621005
img/hw3/7/hw-p706.png,1088,1760,0.618182
img/hw3/7/hw-p707.png,1084,1760,0.615909
img/hw3/7/hw-p708.png,1088,1756,0.61959
img/hw3/7/hw-p709.png,1088,1768,0.615385
img/hw3/7/hw-p710.png,1088,1764,0.61678
img/hw3/7/hw-p711.png,1088,1760,0.618182
img/hw3/7/hw-p712.png,1096,1756,0.624146
img/hw3/7/hw-p713.png,1088,1752,0.621005
img/hw3/7/hw-p714.png,1092,1756,0.621868
img/hw3/7/hw-p715.png,1088,1756,0.61959
img/hw3/7/hw-p716.png,1084,1756,0.617312
img/hw3/7/hw-p717.png,1092,1752,0.623288
img/hw3/7/hw-p718.png,1088,1756,0.61959
img/hw3/7/hw-p719.png,1088,1748,0.622426
img/hw3/7/hw-p720.png,1088,1756,0.61959
img/hw3/7/hw-p721.png,1088,1752,0.621005
img/hw3/7/hw-p722.png,1084,1752,0.618721
img/hw3/7/hw-p723.png,1084,1752,0.618721
img/hw3/7/hw-p724.png,1088,1756,0.61959
img/hw3/7/hw-p725.png,1088,1752,0.621005
img/hw3/7/hw-p726.png,1092,1756,0.621868
img/hw3/7/hw-p727.png,1084,1756,0.617312
img/hw3/7/hw-p728.png,1084,1752,0.618721
img/hw3/7/hw-p729.png,1088,1756,0.61959
img/hw3/7/hw-p730.png,1084,1756,0.617312
img/hw3/7/hw-p731.png,1088,1764,0.61678
img/hw3/7/hw-p732.png,1092,1752,0.623288
img/hw3/7/hw-p733.png,1092,1756,0.621868
img/hw3/7/hw-p734.png,1084,1760,0.615909
img/hw3/7/hw-p735.png,1088,1756,0.61959
img/hw3/7/hw-p736.png,1084,1756,0.617312
img/hw3/7/hw-p737.png,1084,1760,0.615909
img/hw3/7/hw-p738.png,1084,1760,0.615909
img/hw3/7/hw-p739.png,1084,1752,0.618721
img/hw3/7/hw-p740.png,1084,1752,0.618721
img/hw3/7/hw-p741.png,1084,1764,0.614512
img/hw3/7/hw-p742.png,1084,1756,0.617312
img/hw3/7/hw-p743.png,1084,1760,0.615909
img/hw3/7/hw-p744.png,1084,1756,0.617312
img/hw3/7/hw-p745.png,1088,1756,0.61959
img/hw3/7/hw-p746.png,1084,1760,0.615909
img/hw3/7/hw-p747.png,1088,1756,0.61959
img/hw3/7/hw-p748.png,1088,1756,0.61959
img/hw3/7/hw-p749.png,1092,1756,0.621868
img/hw3/7/hw-p750.png,1088,1752,0.621005
img/hw3/7/hw-p751.png,1084,1748,0.620137
img/hw3/7/hw-p752.png,1100,1772,0.620767
img/hw3/7/hw-p753.png,1084,1756,0.617312
img/hw3/7/hw-p754.png,1088,1752,0.621005
img/hw3/7/hw-p755.png,1088,1748,0.622426
img/hw3/7/hw-p756.png,1084,1752,0.618721
img/hw3/7/hw-p757.png,1080,1756,0.615034
img/hw3/7/hw-p758.png,1084,1752,0.618721
img/hw3/7/hw-p759.png,1084,1756,0.617312
img/hw3/7/hw-p760.png,1084,1756,0.617312
img/hw3/7/hw-p761.png,1088,1756,0.61959
img/hw3/7/hw-p762.png,1084,1756,0.617312
img/hw3/7/hw-p763.png,1088,1760,0.618182
img/hw3/7/hw-p764.png,1092,1756,0.621868
img/hw3/7/hw-p765.png,1092,1760,0.620455
img/hw3/7/hw-p766.png,1088,1760,0.618182
img/hw3/7/hw-p767.png,1084,1756,0.617312
img/hw3/7/hw-p768.png,1088,1756,0.61959
img/hw3/7/hw-p769.png,1092,1756,0.621868
img/hw3/7/hw-p770.png,1080,1756,0.615034
img/hw3/7/hw-p771.png,1088,1756,0.61959
img/hw3/7/hw-p772.png,1088,1752,0.621005
img/hw3/7/hw-p773.png,1080,1752,0.616438
img/hw3/7/hw-p774.png,1088,1760,0.618182
img/hw3/7/hw-p775.png,1088,1756,0.61959
img/hw3/7/hw-p776.png,1088,1756,0.61959
img/hw3/7/hw-p777.png,1088,1760,0.618182
img/hw3/7/hw-p778.png,1084,1752,0.618721
img/hw3/7/hw-p779.png,1088,1760,0.618182
img/hw3/7/hw-p780.png,1092,1760,0.620455
img/hw3/7/hw-p781.png,1080,1756,0.615034
img/hw3/7/hw-p782.png,1088,1756,0.61959
img/hw3/7/hw-p783.png,1084,1756,0.617312
img/hw3/7/hw-p784.png,1092,1756,0.621868
img/hw3/7/hw-p785.png,1088,1748,0.622426
img/hw3/7/hw-p786.png,1084,1752,0.618721
img/hw3/7/hw-p787.png,1100,1756,0.626424
img/hw3/7/hw-p788.png,1084,1756,0.617312
img/hw3/7/hw-p789.png,1088,1756,0.61959
img/hw3/7/hw-p790.png,1088,1772,0.613995
img/hw3/7/hw-p791.png,1088,1760,0.618182
img/hw3/7/hw-p792.png,1092,1756,0.621868
img/hw3/7/hw-p793.png,1080,1760,0.613636
img/hw3/7/hw-p794.png,1088,1764,0.61678
img/hw3/7/hw-p795.png,1092,1764,0.619048
img/hw3/7/hw-p796.png,1092,1756,0.621868
img/hw3/7/hw-p797.png,1092,1760,0.620455
img/hw3/7/hw-p798.png,1088,1760,0.618182
img/hw3/7/hw-p799.png,1092,1756,0.621868
img/hw3/8/hw-p800.png,1088,1752,0.621005
img/hw3/8/hw-p801.png,1088,1756,0.61959
img/hw3/8/hw-p802.png,1088,1752,0.621005
img/hw3/8/hw-p803.png,1080,1756,0.615034
img/hw3/8/hw-p804.png,1096,1756,0.624146
img/hw3/8/hw-p805.png,1088,1756,0.61959
img/hw3/8/hw-p806.png,1084,1748,0.620137
img/hw3/8/hw-p807.png,1088,1760,0.618182
img/hw3/8/hw-p808.png,1088,1756,0.61959
img/hw3/8/hw-p809.png,1088,1756,0.61959
img/hw3/8/hw-p810.png,1080,1752,0.616438
img/hw3/8/hw-p811.png,1088,1756,0.61959
img/hw3/8/hw-p812.png,1080,1756,0.615034
img/hw3/8/hw-p813.png,1088,1760,0.618182
img/hw3/8/hw-p814.png,1084,1752,0.618721
img/hw3/8/hw-p815.png,1092,1756,0.621868
img/hw3/8/hw-p816.png,1088,1760,0.618182
img/hw3/8/hw-p817.png,1084,1752,0.618721
img/hw3/8/hw-p818.png,1088,1752,0.621005
img/hw3/8/hw-p819.png,1072,1748,0.613272
img/hw3/8/hw-p820.png,1080,1752,0.616438
img/hw3/8/hw-p821.png,1084,1748,0.620137
img/hw3/8/hw-p822.png,1080,1748,0.617849
img/hw3/8/hw-p823.png,1076,1756,0.612756
img/hw3/8/hw-p824.png,1084,1748,0.620137
img/hw3/8/hw-p825.png,1084,1760,0.615909
img/hw3/8/hw-p826.png,1088,1760,0.618182
img/hw3/8/hw-p827.png,1092,1752,0.623288
img/hw3/8/hw-p828.png,1092,1764,0.619048
img/hw3/8/hw-p829.png,1088,1760,0.618182
img/hw3/8/hw-p830.png,1088,1760,0.618182
img/hw3/8/hw-p831.png,1080,1756,0.615034
img/hw3/8/hw-p832.png,1088,1756,0.61959
img/hw3/8/hw-p833.png,1088,1760,0.618182
img/hw3/8/hw-p834.png,1088,1760,0.618182
img/hw3/8/hw-p835.png,1088,1756,0.61959
img/hw3/8/hw-p836.png,1088,1760,0.618182
img/hw3/8/hw-p837.png,1088,1760,0.618182
img/hw3/8/hw-p838.png,1088,1756,0.61959
img/hw3/8/hw-p839.png,1092,1764,0.619048
img/hw3/8/hw-p840.png,1088,1760,0.618182
img/hw3/8/hw-p841.png,1084,1768,0.613122
img/hw3/8/hw-p842.png,1096,1760,0.622727
img/hw3/8/hw-p843.png,1088,1764,0.61678
img/hw3/8/hw-p844.png,1084,1764,0.614512
img/hw3/8/hw-p845.png,1092,1768,0.617647
img/hw3/8/hw-p846.png,1088,1760,0.618182
img/hw3/8/hw-p847.png,1080,1764,0.612245
img/hw3/8/hw-p848.png,1088,1764,0.61678
img/hw3/8/hw-p849.png,1084,1764,0.614512
img/hw3/8/hw-p850.png,1084,1764,0.614512
img/hw3/8/hw-p851.png,1088,1756,0.61959
img/hw3/8/hw-p852.png,1088,1760,0.618182
img/hw3/8/hw-p853.png,1092,1760,0.620455
img/hw3/8/hw-p854.png,1092,1760,0.620455
img/hw3/8/hw-p855.png,1080,1768,0.61086
img/hw3/8/hw-p856.png,1084,1764,0.614512
img/hw3/8/hw-p857.png,1088,1768,0.615385
img/hw3/8/hw-p858.png,1084,1764,0.614512
img/hw3/8/hw-p859.png,1088,1764,0.61678
img/hw3/8/hw-p860.png,1088,1760,0.618182
img/hw3/8/hw-p861.png,1092,1764,0.619048
img/hw3/8/hw-p862.png,1088,1760,0.618182
img/hw3/8/hw-p863.png,1088,1760,0.618182
img/hw3/8/hw-p864.png,1088,1756,0.61959
img/hw3/8/hw-p865.png,1092,1764,0.619048
img/hw3/8/hw-p866.png,1084,1760,0.615909
img/hw3/8/hw-p867.png,1084,1760,0.615909
img/hw3/8/hw-p868.png,1080,1756,0.615034
img/hw3/8/hw-p869.png,1080,1616,0.668317
img/hw3/8/hw-p870.png,1084,1756,0.617312
img/hw3/8/hw-p871.png,1080,1764,0.612245
img/hw3/8/hw-p872.png,1084,1756,0.617312
img/hw3/8/hw-p873.png,1084,1752,0.618721
img/hw3/8/hw-p874.png,1092,1760,0.620455
img/hw3/8/hw-p875.png,1088,1764,0.61678
img/hw3/8/hw-p876.png,1092,1756,0.621868
img/hw3/8/hw-p877.png,1088,1764,0.61678
img/hw3/8/hw-p878.png,1088,1760,0.618182
img/hw3/8/hw-p879.png,1088,1760,0.618182
img/hw3/8/hw-p880.png,1088,1752,0.621005
img/hw3/8/hw-p881.png,1088,1756,0.61959
img/hw3/8/hw-p882.png,1088,1752,0.621005
img/hw3/8/hw-p883.png,1080,1756,0.615034
img/hw3/8/hw-p884.png,1088,1752,0.621005
img/hw3/8/hw-p885.png,1088,1752,0.621005
img/hw3/8/hw-p886.png,1080,1752,0.616438
img/hw3/8/hw-p887.png,1080,1756,0.615034
img/hw3/8/hw-p888.png,1084,1756,0.617312
img/hw3/8/hw-p889.png,1084,1772,0.611738
img/hw3/8/hw-p890.png,1084,1760,0.615909
img/hw3/8/hw-p891.png,1088,1764,0.61678
img/hw3/8/hw-p892.png,1088,1760,0.618182
img/hw3/8/hw-p893.png,1092,1756,0.621868
img/hw3/8/hw-p894.png,1084,1760,0.615909
img/hw3/8/hw-p895.png,1088,1752,0.621005
img/hw3/8/hw-p896.png,1084,1756,0.617312
img/hw3/8/hw-p897.png,1088,1756,0.61959
img/hw3/8/hw-p898.png,1084,1756,0.617312
img/hw3/8/hw-p899.png,1088,1752,0.621005
img/hw3/9/hw-p900.png,1088,1752,0.621005
img/hw3/9/hw-p901.png,1088,1756,0.61959
img/hw3/9/hw-p902.png,1084,1752,0.618721
img/hw3/9/hw-p903.png,1080,1756,0.615034
img/hw3/9/hw-p904.png,1088,1760,0.618182
img/hw3/9/hw-p905.png,1084,1760,0.615909
img/hw3/9/hw-p906.png,1084,1596,0.679198
img/hw3/9/hw-p907.png,1088,1752,0.621005
img/hw3/9/hw-p908.png,1084,1756,0.617312
img/hw3/9/hw-p909.png,1092,1760,0.620455
img/hw3/9/hw-p910.png,1088,1752,0.621005
img/hw3/9/hw-p911.png,1084,1748,0.620137
img/hw3/9/hw-p912.png,1088,1752,0.621005
img/hw3/9/hw-p913.png,1092,1748,0.624714
img/hw3/9/hw-p914.png,1084,1740,0.622989
img/hw3/9/hw-p915.png,1076,1748,0.615561
img/hw3/9/hw-p916.png,1084,1748,0.620137
img/hw3/9/hw-p917.png,1088,1756,0.61959
img/hw3/9/hw-p918.png,1084,1752,0.618721
img/hw3/9/hw-p919.png,1084,1764,0.614512
img/hw3/9/hw-p920.png,1092,1768,0.617647
img/hw3/9/hw-p921.png,1092,1748,0.624714
img/hw3/9/hw-p922.png,1088,1752,0.621005
img/hw3/9/hw-p923.png,1092,1756,0.621868
img/hw3/9/hw-p924.png,1088,1752,0.621005
img/hw3/9/hw-p925.png,1092,1756,0.621868
img/hw3/9/hw-p926.png,1092,1752,0.623288
img/hw3/9/hw-p927.png,1080,1748,0.617849
img/hw3/9/hw-p928.png,1088,1748,0.622426
img/hw3/9/hw-p929.png,1080,1756,0.615034
img/hw3/9/hw-p930.png,1092,1748,0.624714
img/hw3/9/hw-p931.png,1076,1756,0.612756
img/hw3/9/hw-p932.png,1096,1748,0.627002
img/hw3/9/hw-p933.png,1088,1748,0.622426
img/hw3/9/hw-p934.png,1088,1752,0.621005
img/hw3/9/hw-p935.png,1092,1768,0.617647
img/hw3/9/hw-p936.png,1088,1760,0.618182
img/hw3/9/hw-p937.png,1088,1768,0.615385
img/hw3/9/hw-p938.png,1084,1768,0.613122
img/hw3/9/hw-p939.png,1092,1760,0.620455
img/hw3/9/hw-p940.png,1084,1764,0.614512
img/hw3/9/hw-p941.png,1080,1756,0.615034
img/hw3/9/hw-p942.png,1088,1764,0.61678
img/hw3/9/hw-p943.png,1088,1752,0.621005
img/hw3/9/hw-p944.png,1092,1748,0.624714
img/hw3/9/hw-p945.png,1076,1748,0.615561
img/hw3/9/hw-p946.png,1084,1748,0.620137
img/hw3/9/hw-p947.png,1088,1748,0.622426
img/hw3/9/hw-p948.png,1084,1756,0.617312
img/hw3/9/hw-p949.png,1084,1752,0.618721
img/hw3/9/hw-p950.png,1088,1760,0.618182
img/hw3/9/hw-p951.png,1080,1748,0.617849
img/hw3/9/hw-p952.png,1076,1756,0.612756
img/hw3/9/hw-p953.png,1088,1756,0.61959
img/hw3/9/hw-p954.png,1088,1752,0.621005
img/hw3/9/hw-p955.png,1088,1756,0.61959
img/hw3/9/hw-p956.png,1092,1752,0.623288
img/hw3/9/hw-p957.png,1092,1752,0.623288
img/hw3/9/hw-p958.png,1092,1752,0.623288
img/hw3/9/hw-p959.png,1088,1768,0.615385
img/hw3/9/hw-p960.png,1084,1752,0.618721
img/hw3/9/hw-p961.png,1088,1752,0.621005
img/hw3/9/hw-p962.png,1084,1752,0.618721
img/hw3/9/hw-p963.png,1092,1752,0.623288
img/hw3/9/hw-p964.png,1092,1748,0.624714
img/hw3/9/hw-p965.png,1088,1756,0.61959
img/hw3/9/hw-p966.png,1084,1756,0.617312
img/hw3/9/hw-p967.png,1088,1756,0.61959
img/hw3/9/hw-p968.png,1088,1760,0.618182
img/hw3/9/hw-p969.png,1080,1752,0.616438
img/hw3/9/hw-p970.png,1088,1752,0.621005
img/hw3/9/hw-p971.png,1088,1752,0.621005
img/hw3/9/hw-p972.png,1084,1760,0.615909
img/hw3/9/hw-p973.png,1084,1756,0.617312
img/hw3/9/hw-p974.png,1084,1756,0.617312
img/hw3/9/hw-p975.png,1076,1756,0.612756
img/hw3/9/hw-p976.png,1084,1752,0.618721
img/hw3/9/hw-p977.png,1088,1756,0.61959
img/hw3/9/hw-p978.png,1084,1748,0.620137
img/hw3/9/hw-p979.png,1088,1748,0.622426
img/hw3/9/hw-p980.png,1088,1752,0.621005
img/hw3/9/hw-p981.png,1088,1768,0.615385
img/hw3/9/hw-p982.png,1080,1764,0.612245
img/hw3/9/hw-p983.png,1088,1752,0.621005
img/hw3/9/hw-p984.png,1088,1748,0.622426
img/hw3/9/hw-p985.png,1084,1752,0.618721
img/hw3/9/hw-p986.png,1088,1752,0.621005
img/hw3/9/hw-p987.png,1076,1756,0.612756
img/hw3/9/hw-p988.png,1088,1748,0.622426
img/hw3/9/hw-p989.png,1092,1756,0.621868
img/hw3/9/hw-p990.png,1084,1752,0.618721
img/hw3/9/hw-p991.png,1092,1756,0.621868
img/hw3/9/hw-p992.png,1084,1756,0.617312
img/hw3/9/hw-p993.png,1088,1760,0.618182
img/hw3/9/hw-p994.png,1080,1756,0.615034
img/hw3/9/hw-p995.png,1084,1756,0.617312
img/hw3/9/hw-p996.png,1084,1752,0.618721
img/hw3/9/hw-p997.png,1084,1756,0.617312
img/hw3/9/hw-p998.png,1080,1748,0.617849
img/hw3/9/hw-p999.png,1084,1756,0.617312
