img/mih/0/mih-0001.png,1000,1821,0.549149
img/mih/0/mih-0002.png,1000,1818,0.550055
img/mih/0/mih-0003.png,1000,1196,0.83612
img/mih/0/mih-0004.png,1000,396,2.52525
img/mih/0/mih-0005.png,1000,946,1.05708
img/mih/0/mih-0006.png,1000,1165,0.858369
img/mih/0/mih-0007.png,1000,1000,1
img/mih/0/mih-0008.png,1000,1490,0.671141
img/mih/0/mih-0009.png,1000,1314,0.761035
img/mih/0/mih-0010.png,1000,1343,0.744602
img/mih/0/mih-0011.png,1000,1242,0.805153
img/mih/0/mih-0012.png,1000,1550,0.645161
img/mih/0/mih-0013.png,1000,1478,0.67659
img/mih/0/mih-0014.png,1000,1480,0.675676
img/mih/0/mih-0015.png,1000,1486,0.672948
img/mih/0/mih-0016.png,1000,1489,0.671592
img/mih/0/mih-0017.png,1000,1479,0.676133
img/mih/0/mih-0018.png,1000,1490,0.671141
img/mih/0/mih-0019.png,1000,1490,0.671141
img/mih/0/mih-0020.png,1000,1493,0.669792
img/mih/0/mih-0021.png,1000,1487,0.672495
img/mih/0/mih-0022.png,1000,1491,0.670691
img/mih/0/mih-0023.png,1000,1490,0.671141
img/mih/0/mih-0024.png,1000,1492,0.670241
img/mih/0/mih-0025.png,1000,1478,0.67659
img/mih/0/mih-0026.png,1000,1450,0.689655
img/mih/0/mih-0027.png,1000,1480,0.675676
img/mih/0/mih-0028.png,1000,1495,0.668896
img/mih/0/mih-0029.png,1000,1481,0.675219
img/mih/0/mih-0030.png,1000,1501,0.666223
img/mih/0/mih-0031.png,1000,1490,0.671141
img/mih/0/mih-0032.png,1000,1488,0.672043
img/mih/0/mih-0033.png,1000,1467,0.681663
img/mih/0/mih-0034.png,1000,1493,0.669792
img/mih/0/mih-0035.png,1000,1488,0.672043
img/mih/0/mih-0036.png,1000,1498,0.667557
img/mih/0/mih-0037.png,1000,1495,0.668896
img/mih/0/mih-0038.png,1000,1492,0.670241
img/mih/0/mih-0039.png,1000,1496,0.668449
img/mih/0/mih-0040.png,1000,1496,0.668449
img/mih/0/mih-0041.png,1000,1493,0.669792
img/mih/0/mih-0042.png,1000,1495,0.668896
img/mih/0/mih-0043.png,1000,1477,0.677048
img/mih/0/mih-0044.png,1000,1494,0.669344
img/mih/0/mih-0045.png,1000,1497,0.668003
img/mih/0/mih-0046.png,1000,1490,0.671141
img/mih/0/mih-0047.png,1000,1470,0.680272
img/mih/0/mih-0048.png,1000,1490,0.671141
img/mih/0/mih-0049.png,1000,1491,0.670691
img/mih/0/mih-0050.png,1000,1491,0.670691
img/mih/0/mih-0051.png,1000,1494,0.669344
img/mih/0/mih-0052.png,1000,1492,0.670241
img/mih/0/mih-0053.png,1000,1486,0.672948
img/mih/0/mih-0054.png,1000,1490,0.671141
img/mih/0/mih-0055.png,1000,1487,0.672495
img/mih/0/mih-0056.png,1000,1498,0.667557
img/mih/0/mih-0057.png,1000,1484,0.673854
img/mih/0/mih-0058.png,1000,1491,0.670691
img/mih/0/mih-0059.png,1000,1495,0.668896
img/mih/0/mih-0060.png,1000,1496,0.668449
img/mih/0/mih-0061.png,1000,1487,0.672495
img/mih/0/mih-0062.png,1000,1495,0.668896
img/mih/0/mih-0063.png,1000,1490,0.671141
img/mih/0/mih-0064.png,1000,1486,0.672948
img/mih/0/mih-0065.png,1000,1496,0.668449
img/mih/0/mih-0066.png,1000,1490,0.671141
img/mih/0/mih-0067.png,1000,1480,0.675676
img/mih/0/mih-0068.png,1000,1498,0.667557
img/mih/0/mih-0069.png,1000,1495,0.668896
img/mih/0/mih-0070.png,1000,1486,0.672948
img/mih/0/mih-0071.png,1000,1485,0.673401
img/mih/0/mih-0072.png,1000,1497,0.668003
img/mih/0/mih-0073.png,1000,1487,0.672495
img/mih/0/mih-0074.png,1000,1505,0.664452
img/mih/0/mih-0075.png,1000,1498,0.667557
img/mih/0/mih-0076.png,1000,1486,0.672948
img/mih/0/mih-0077.png,1000,1495,0.668896
img/mih/0/mih-0078.png,1000,1430,0.699301
img/mih/0/mih-0079.png,1000,1492,0.670241
img/mih/0/mih-0080.png,1000,1480,0.675676
img/mih/0/mih-0081.png,1000,1488,0.672043
img/mih/0/mih-0082.png,1000,1493,0.669792
img/mih/0/mih-0083.png,1000,1498,0.667557
img/mih/0/mih-0084.png,1000,1499,0.667111
img/mih/0/mih-0085.png,1000,1494,0.669344
img/mih/0/mih-0086.png,1000,1484,0.673854
img/mih/0/mih-0087.png,1000,1486,0.672948
img/mih/0/mih-0088.png,1000,1483,0.674309
img/mih/0/mih-0089.png,1000,1491,0.670691
img/mih/0/mih-0090.png,1000,1493,0.669792
img/mih/0/mih-0091.png,1000,1493,0.669792
img/mih/0/mih-0092.png,1000,1497,0.668003
img/mih/0/mih-0093.png,1000,1489,0.671592
img/mih/0/mih-0094.png,1000,1497,0.668003
img/mih/0/mih-0095.png,1000,1489,0.671592
img/mih/0/mih-0096.png,1000,1494,0.669344
img/mih/0/mih-0097.png,1000,1485,0.673401
img/mih/0/mih-0098.png,1000,1498,0.667557
img/mih/0/mih-0099.png,1000,1483,0.674309
img/mih/10/mih-1000.png,1000,1492,0.670241
img/mih/10/mih-1001.png,1000,1486,0.672948
img/mih/10/mih-1002.png,1000,1492,0.670241
img/mih/10/mih-1003.png,1000,1483,0.674309
img/mih/10/mih-1004.png,1000,1494,0.669344
img/mih/10/mih-1005.png,1000,1492,0.670241
img/mih/10/mih-1006.png,1000,1495,0.668896
img/mih/10/mih-1007.png,1000,1456,0.686813
img/mih/10/mih-1008.png,1000,1495,0.668896
img/mih/10/mih-1009.png,1000,1484,0.673854
img/mih/10/mih-1010.png,1000,1488,0.672043
img/mih/10/mih-1011.png,1000,1490,0.671141
img/mih/10/mih-1012.png,1000,1496,0.668449
img/mih/10/mih-1013.png,1000,1486,0.672948
img/mih/10/mih-1014.png,1000,1495,0.668896
img/mih/10/mih-1015.png,1000,1490,0.671141
img/mih/10/mih-1016.png,1000,1433,0.697837
img/mih/10/mih-1017.png,1000,1487,0.672495
img/mih/10/mih-1018.png,1000,1500,0.666667
img/mih/10/mih-1019.png,1000,1490,0.671141
img/mih/10/mih-1020.png,1000,1495,0.668896
img/mih/10/mih-1021.png,1000,1483,0.674309
img/mih/10/mih-1022.png,1000,1493,0.669792
img/mih/10/mih-1023.png,1000,1484,0.673854
img/mih/10/mih-1024.png,1000,1485,0.673401
img/mih/10/mih-1025.png,1000,1486,0.672948
img/mih/10/mih-1026.png,1000,1498,0.667557
img/mih/10/mih-1027.png,1000,1488,0.672043
img/mih/10/mih-1028.png,1000,1493,0.669792
img/mih/10/mih-1029.png,1000,1489,0.671592
img/mih/10/mih-1030.png,1000,1493,0.669792
img/mih/10/mih-1031.png,1000,1488,0.672043
img/mih/10/mih-1032.png,1000,1465,0.682594
img/mih/10/mih-1033.png,1000,1487,0.672495
img/mih/10/mih-1034.png,1000,1478,0.67659
img/mih/10/mih-1035.png,1000,1485,0.673401
img/mih/10/mih-1036.png,1000,1469,0.680735
img/mih/10/mih-1037.png,1000,1477,0.677048
img/mih/10/mih-1038.png,1000,1495,0.668896
img/mih/10/mih-1039.png,1000,1476,0.677507
img/mih/10/mih-1040.png,1000,1493,0.669792
img/mih/10/mih-1041.png,1000,1484,0.673854
img/mih/10/mih-1042.png,1000,1496,0.668449
img/mih/10/mih-1043.png,1000,1490,0.671141
img/mih/10/mih-1044.png,1000,1498,0.667557
img/mih/10/mih-1045.png,1000,1487,0.672495
img/mih/10/mih-1046.png,1000,1495,0.668896
img/mih/10/mih-1047.png,1000,1477,0.677048
img/mih/10/mih-1048.png,1000,1299,0.769823
img/mih/10/mih-1049.png,1000,1452,0.688705
img/mih/10/mih-1050.png,1000,1455,0.687285
img/mih/10/mih-1051.png,1000,1455,0.687285
img/mih/10/mih-1052.png,1000,1487,0.672495
img/mih/10/mih-1053.png,1000,1484,0.673854
img/mih/10/mih-1054.png,1000,1495,0.668896
img/mih/10/mih-1055.png,1000,1490,0.671141
img/mih/10/mih-1056.png,1000,1493,0.669792
img/mih/10/mih-1057.png,1000,571,1.75131
img/mih/10/mih-1058.png,1000,1496,0.668449
img/mih/10/mih-1059.png,1000,1490,0.671141
img/mih/10/mih-1060.png,1000,1493,0.669792
img/mih/10/mih-1061.png,1000,1485,0.673401
img/mih/10/mih-1062.png,1000,1492,0.670241
img/mih/10/mih-1063.png,1000,1474,0.678426
img/mih/10/mih-1064.png,1000,1498,0.667557
img/mih/10/mih-1065.png,1000,1489,0.671592
img/mih/10/mih-1066.png,1000,1494,0.669344
img/mih/10/mih-1067.png,1000,1487,0.672495
img/mih/10/mih-1068.png,1000,1495,0.668896
img/mih/10/mih-1069.png,1000,1482,0.674764
img/mih/10/mih-1070.png,1000,1498,0.667557
img/mih/10/mih-1071.png,1000,1484,0.673854
img/mih/10/mih-1072.png,1000,1489,0.671592
img/mih/10/mih-1073.png,1000,1488,0.672043
img/mih/10/mih-1074.png,1000,1499,0.667111
img/mih/10/mih-1075.png,1000,1488,0.672043
img/mih/10/mih-1076.png,1000,1498,0.667557
img/mih/10/mih-1077.png,1000,1487,0.672495
img/mih/10/mih-1078.png,1000,1498,0.667557
img/mih/10/mih-1079.png,1000,1457,0.686342
img/mih/10/mih-1080.png,1000,1497,0.668003
img/mih/10/mih-1081.png,1000,1488,0.672043
img/mih/10/mih-1082.png,1000,1499,0.667111
img/mih/10/mih-1083.png,1000,1000,1
img/mih/10/mih-1084.png,1000,702,1.4245
img/mih/10/mih-1085.png,1000,1000,1
img/mih/10/mih-1086.png,1000,1492,0.670241
img/mih/10/mih-1087.png,1000,1491,0.670691
img/mih/10/mih-1088.png,1000,1489,0.671592
img/mih/10/mih-1089.png,1000,1476,0.677507
img/mih/10/mih-1090.png,1000,1485,0.673401
img/mih/10/mih-1091.png,1000,927,1.07875
img/mih/1/mih-0100.png,1000,1487,0.672495
img/mih/1/mih-0101.png,1000,1486,0.672948
img/mih/1/mih-0102.png,1000,1491,0.670691
img/mih/1/mih-0103.png,1000,1495,0.668896
img/mih/1/mih-0104.png,1000,1494,0.669344
img/mih/1/mih-0105.png,1000,1479,0.676133
img/mih/1/mih-0106.png,1000,1490,0.671141
img/mih/1/mih-0107.png,1000,1486,0.672948
img/mih/1/mih-0108.png,1000,1494,0.669344
img/mih/1/mih-0109.png,1000,1482,0.674764
img/mih/1/mih-0110.png,1000,1482,0.674764
img/mih/1/mih-0111.png,1000,1476,0.677507
img/mih/1/mih-0112.png,1000,1487,0.672495
img/mih/1/mih-0113.png,1000,1480,0.675676
img/mih/1/mih-0114.png,1000,1482,0.674764
img/mih/1/mih-0115.png,1000,1490,0.671141
img/mih/1/mih-0116.png,1000,1492,0.670241
img/mih/1/mih-0117.png,1000,1488,0.672043
img/mih/1/mih-0118.png,1000,1486,0.672948
img/mih/1/mih-0119.png,1000,1490,0.671141
img/mih/1/mih-0120.png,1000,1493,0.669792
img/mih/1/mih-0121.png,1000,1481,0.675219
img/mih/1/mih-0122.png,1000,1489,0.671592
img/mih/1/mih-0123.png,1000,1492,0.670241
img/mih/1/mih-0124.png,1000,1492,0.670241
img/mih/1/mih-0125.png,1000,1479,0.676133
img/mih/1/mih-0126.png,1000,1490,0.671141
img/mih/1/mih-0127.png,1000,1486,0.672948
img/mih/1/mih-0128.png,1000,1492,0.670241
img/mih/1/mih-0129.png,1000,1481,0.675219
img/mih/1/mih-0130.png,1000,1486,0.672948
img/mih/1/mih-0131.png,1000,1489,0.671592
img/mih/1/mih-0132.png,1000,1495,0.668896
img/mih/1/mih-0133.png,1000,1494,0.669344
img/mih/1/mih-0134.png,1000,1487,0.672495
img/mih/1/mih-0135.png,1000,1490,0.671141
img/mih/1/mih-0136.png,1000,1485,0.673401
img/mih/1/mih-0137.png,1000,1494,0.669344
img/mih/1/mih-0138.png,1000,1489,0.671592
img/mih/1/mih-0139.png,1000,1492,0.670241
img/mih/1/mih-0140.png,1000,1491,0.670691
img/mih/1/mih-0141.png,1000,1487,0.672495
img/mih/1/mih-0142.png,1000,1497,0.668003
img/mih/1/mih-0143.png,1000,1480,0.675676
img/mih/1/mih-0144.png,1000,1495,0.668896
img/mih/1/mih-0145.png,1000,1488,0.672043
img/mih/1/mih-0146.png,1000,1490,0.671141
img/mih/1/mih-0147.png,1000,1493,0.669792
img/mih/1/mih-0148.png,1000,1494,0.669344
img/mih/1/mih-0149.png,1000,1486,0.672948
img/mih/1/mih-0150.png,1000,1489,0.671592
img/mih/1/mih-0151.png,1000,1491,0.670691
img/mih/1/mih-0152.png,1000,1470,0.680272
img/mih/1/mih-0153.png,1000,1490,0.671141
img/mih/1/mih-0154.png,1000,1483,0.674309
img/mih/1/mih-0155.png,1000,1496,0.668449
img/mih/1/mih-0156.png,1000,1497,0.668003
img/mih/1/mih-0157.png,1000,1484,0.673854
img/mih/1/mih-0158.png,1000,1482,0.674764
img/mih/1/mih-0159.png,1000,1499,0.667111
img/mih/1/mih-0160.png,1000,1498,0.667557
img/mih/1/mih-0161.png,1000,1475,0.677966
img/mih/1/mih-0162.png,1000,1498,0.667557
img/mih/1/mih-0163.png,1000,1489,0.671592
img/mih/1/mih-0164.png,1000,1498,0.667557
img/mih/1/mih-0165.png,1000,1498,0.667557
img/mih/1/mih-0166.png,1000,1499,0.667111
img/mih/1/mih-0167.png,1000,1491,0.670691
img/mih/1/mih-0168.png,1000,1499,0.667111
img/mih/1/mih-0169.png,1000,1478,0.67659
img/mih/1/mih-0170.png,1000,1495,0.668896
img/mih/1/mih-0171.png,1000,1534,0.65189
img/mih/1/mih-0172.png,1000,1484,0.673854
img/mih/1/mih-0173.png,1000,1521,0.657462
img/mih/1/mih-0174.png,1000,1491,0.670691
img/mih/1/mih-0175.png,1000,1495,0.668896
img/mih/1/mih-0176.png,1000,1496,0.668449
img/mih/1/mih-0177.png,1000,1492,0.670241
img/mih/1/mih-0178.png,1000,1488,0.672043
img/mih/1/mih-0179.png,1000,1485,0.673401
img/mih/1/mih-0180.png,1000,1498,0.667557
img/mih/1/mih-0181.png,1000,1491,0.670691
img/mih/1/mih-0182.png,1000,1490,0.671141
img/mih/1/mih-0183.png,1000,1498,0.667557
img/mih/1/mih-0184.png,1000,1501,0.666223
img/mih/1/mih-0185.png,1000,1401,0.713776
img/mih/1/mih-0186.png,1000,1494,0.669344
img/mih/1/mih-0187.png,1000,1494,0.669344
img/mih/1/mih-0188.png,1000,1490,0.671141
img/mih/1/mih-0189.png,1000,1490,0.671141
img/mih/1/mih-0190.png,1000,1491,0.670691
img/mih/1/mih-0191.png,1000,1478,0.67659
img/mih/1/mih-0192.png,1000,1486,0.672948
img/mih/1/mih-0193.png,1000,1480,0.675676
img/mih/1/mih-0194.png,1000,1493,0.669792
img/mih/1/mih-0195.png,1000,1488,0.672043
img/mih/1/mih-0196.png,1000,1497,0.668003
img/mih/1/mih-0197.png,1000,1488,0.672043
img/mih/1/mih-0198.png,1000,1489,0.671592
img/mih/1/mih-0199.png,1000,1487,0.672495
img/mih/2/mih-0200.png,1000,1494,0.669344
img/mih/2/mih-0201.png,1000,1491,0.670691
img/mih/2/mih-0202.png,1000,1481,0.675219
img/mih/2/mih-0203.png,1000,1488,0.672043
img/mih/2/mih-0204.png,1000,1487,0.672495
img/mih/2/mih-0205.png,1000,1499,0.667111
img/mih/2/mih-0206.png,1000,1455,0.687285
img/mih/2/mih-0207.png,1000,1417,0.705716
img/mih/2/mih-0208.png,1000,1491,0.670691
img/mih/2/mih-0209.png,1000,1483,0.674309
img/mih/2/mih-0210.png,1000,1489,0.671592
img/mih/2/mih-0211.png,1000,1491,0.670691
img/mih/2/mih-0212.png,1000,1464,0.68306
img/mih/2/mih-0213.png,1000,1488,0.672043
img/mih/2/mih-0214.png,1000,1496,0.668449
img/mih/2/mih-0215.png,1000,1487,0.672495
img/mih/2/mih-0216.png,1000,1498,0.667557
img/mih/2/mih-0217.png,1000,1482,0.674764
img/mih/2/mih-0218.png,1000,1484,0.673854
img/mih/2/mih-0219.png,1000,1493,0.669792
img/mih/2/mih-0220.png,1000,1488,0.672043
img/mih/2/mih-0221.png,1000,1483,0.674309
img/mih/2/mih-0222.png,1000,1485,0.673401
img/mih/2/mih-0223.png,1000,1489,0.671592
img/mih/2/mih-0224.png,1000,1492,0.670241
img/mih/2/mih-0225.png,1000,1491,0.670691
img/mih/2/mih-0226.png,1000,1495,0.668896
img/mih/2/mih-0227.png,1000,1490,0.671141
img/mih/2/mih-0228.png,1000,1491,0.670691
img/mih/2/mih-0229.png,1000,1493,0.669792
img/mih/2/mih-0230.png,1000,1496,0.668449
img/mih/2/mih-0231.png,1000,1488,0.672043
img/mih/2/mih-0232.png,1000,1500,0.666667
img/mih/2/mih-0233.png,1000,1486,0.672948
img/mih/2/mih-0234.png,1000,1492,0.670241
img/mih/2/mih-0235.png,1000,1491,0.670691
img/mih/2/mih-0236.png,1000,1502,0.665779
img/mih/2/mih-0237.png,1000,1487,0.672495
img/mih/2/mih-0238.png,1000,1483,0.674309
img/mih/2/mih-0239.png,1000,1494,0.669344
img/mih/2/mih-0240.png,1000,1483,0.674309
img/mih/2/mih-0241.png,1000,1492,0.670241
img/mih/2/mih-0242.png,1000,1496,0.668449
img/mih/2/mih-0243.png,1000,1485,0.673401
img/mih/2/mih-0244.png,1000,1501,0.666223
img/mih/2/mih-0245.png,1000,1489,0.671592
img/mih/2/mih-0246.png,1000,1483,0.674309
img/mih/2/mih-0247.png,1000,1491,0.670691
img/mih/2/mih-0248.png,1000,1492,0.670241
img/mih/2/mih-0249.png,1000,1485,0.673401
img/mih/2/mih-0250.png,1000,1491,0.670691
img/mih/2/mih-0251.png,1000,1491,0.670691
img/mih/2/mih-0252.png,1000,1486,0.672948
img/mih/2/mih-0253.png,1000,1478,0.67659
img/mih/2/mih-0254.png,1000,1489,0.671592
img/mih/2/mih-0255.png,1000,1486,0.672948
img/mih/2/mih-0256.png,1000,1489,0.671592
img/mih/2/mih-0257.png,1000,1489,0.671592
img/mih/2/mih-0258.png,1000,1477,0.677048
img/mih/2/mih-0259.png,1000,1491,0.670691
img/mih/2/mih-0260.png,1000,1499,0.667111
img/mih/2/mih-0261.png,1000,1471,0.67981
img/mih/2/mih-0262.png,1000,1496,0.668449
img/mih/2/mih-0263.png,1000,1427,0.700771
img/mih/2/mih-0264.png,1000,1496,0.668449
img/mih/2/mih-0265.png,1000,1434,0.69735
img/mih/2/mih-0266.png,1000,1495,0.668896
img/mih/2/mih-0267.png,1000,1493,0.669792
img/mih/2/mih-0268.png,1000,1494,0.669344
img/mih/2/mih-0269.png,1000,1481,0.675219
img/mih/2/mih-0270.png,1000,1453,0.688231
img/mih/2/mih-0271.png,1000,1489,0.671592
img/mih/2/mih-0272.png,1000,1496,0.668449
img/mih/2/mih-0273.png,1000,1486,0.672948
img/mih/2/mih-0274.png,1000,1501,0.666223
img/mih/2/mih-0275.png,1000,1489,0.671592
img/mih/2/mih-0276.png,1000,1495,0.668896
img/mih/2/mih-0277.png,1000,1484,0.673854
img/mih/2/mih-0278.png,1000,1494,0.669344
img/mih/2/mih-0279.png,1000,1493,0.669792
img/mih/2/mih-0280.png,1000,1501,0.666223
img/mih/2/mih-0281.png,1000,1493,0.669792
img/mih/2/mih-0282.png,1000,1488,0.672043
img/mih/2/mih-0283.png,1000,1439,0.694927
img/mih/2/mih-0284.png,1000,1498,0.667557
img/mih/2/mih-0285.png,1000,1483,0.674309
img/mih/2/mih-0286.png,1000,1485,0.673401
img/mih/2/mih-0287.png,1000,1480,0.675676
img/mih/2/mih-0288.png,1000,1493,0.669792
img/mih/2/mih-0289.png,1000,1469,0.680735
img/mih/2/mih-0290.png,1000,1496,0.668449
img/mih/2/mih-0291.png,1000,1495,0.668896
img/mih/2/mih-0292.png,1000,1491,0.670691
img/mih/2/mih-0293.png,1000,1491,0.670691
img/mih/2/mih-0294.png,1000,1494,0.669344
img/mih/2/mih-0295.png,1000,1439,0.694927
img/mih/2/mih-0296.png,1000,1494,0.669344
img/mih/2/mih-0297.png,1000,1487,0.672495
img/mih/2/mih-0298.png,1000,1491,0.670691
img/mih/2/mih-0299.png,1000,1459,0.685401
img/mih/3/mih-0300.png,1000,1491,0.670691
img/mih/3/mih-0301.png,1000,1480,0.675676
img/mih/3/mih-0302.png,1000,1488,0.672043
img/mih/3/mih-0303.png,1000,1492,0.670241
img/mih/3/mih-0304.png,1000,1496,0.668449
img/mih/3/mih-0305.png,1000,1479,0.676133
img/mih/3/mih-0306.png,1000,1427,0.700771
img/mih/3/mih-0307.png,1000,1473,0.678887
img/mih/3/mih-0308.png,1000,1493,0.669792
img/mih/3/mih-0309.png,1000,1482,0.674764
img/mih/3/mih-0310.png,1000,1496,0.668449
img/mih/3/mih-0311.png,1000,1496,0.668449
img/mih/3/mih-0312.png,1000,1501,0.666223
img/mih/3/mih-0313.png,1000,1491,0.670691
img/mih/3/mih-0314.png,1000,1498,0.667557
img/mih/3/mih-0315.png,1000,1459,0.685401
img/mih/3/mih-0316.png,1000,1491,0.670691
img/mih/3/mih-0317.png,1000,1490,0.671141
img/mih/3/mih-0318.png,1000,1480,0.675676
img/mih/3/mih-0319.png,1000,1481,0.675219
img/mih/3/mih-0320.png,1000,1430,0.699301
img/mih/3/mih-0321.png,1000,1490,0.671141
img/mih/3/mih-0322.png,1000,1482,0.674764
img/mih/3/mih-0323.png,1000,1488,0.672043
img/mih/3/mih-0324.png,1000,1499,0.667111
img/mih/3/mih-0325.png,1000,1493,0.669792
img/mih/3/mih-0326.png,1000,1478,0.67659
img/mih/3/mih-0327.png,1000,1484,0.673854
img/mih/3/mih-0328.png,1000,1493,0.669792
img/mih/3/mih-0329.png,1000,1478,0.67659
img/mih/3/mih-0330.png,1000,1497,0.668003
img/mih/3/mih-0331.png,1000,1485,0.673401
img/mih/3/mih-0332.png,1000,1497,0.668003
img/mih/3/mih-0333.png,1000,1489,0.671592
img/mih/3/mih-0334.png,1000,1488,0.672043
img/mih/3/mih-0335.png,1000,1491,0.670691
img/mih/3/mih-0336.png,1000,1497,0.668003
img/mih/3/mih-0337.png,1000,1491,0.670691
img/mih/3/mih-0338.png,1000,1481,0.675219
img/mih/3/mih-0339.png,1000,1493,0.669792
img/mih/3/mih-0340.png,1000,1495,0.668896
img/mih/3/mih-0341.png,1000,1442,0.693481
img/mih/3/mih-0342.png,1000,1453,0.688231
img/mih/3/mih-0343.png,1000,1461,0.684463
img/mih/3/mih-0344.png,1000,1456,0.686813
img/mih/3/mih-0345.png,1000,1481,0.675219
img/mih/3/mih-0346.png,1000,1490,0.671141
img/mih/3/mih-0347.png,1000,1497,0.668003
img/mih/3/mih-0348.png,1000,1499,0.667111
img/mih/3/mih-0349.png,1000,1491,0.670691
img/mih/3/mih-0350.png,1000,1496,0.668449
img/mih/3/mih-0351.png,1000,1464,0.68306
img/mih/3/mih-0352.png,1000,1498,0.667557
img/mih/3/mih-0353.png,1000,1493,0.669792
img/mih/3/mih-0354.png,1000,1482,0.674764
img/mih/3/mih-0355.png,1000,1488,0.672043
img/mih/3/mih-0356.png,1000,1485,0.673401
img/mih/3/mih-0357.png,1000,1480,0.675676
img/mih/3/mih-0358.png,1000,1477,0.677048
img/mih/3/mih-0359.png,1000,1491,0.670691
img/mih/3/mih-0360.png,1000,1493,0.669792
img/mih/3/mih-0361.png,1000,1492,0.670241
img/mih/3/mih-0362.png,1000,1483,0.674309
img/mih/3/mih-0363.png,1000,1476,0.677507
img/mih/3/mih-0364.png,1000,1493,0.669792
img/mih/3/mih-0365.png,1000,1489,0.671592
img/mih/3/mih-0366.png,1000,1491,0.670691
img/mih/3/mih-0367.png,1000,1490,0.671141
img/mih/3/mih-0368.png,1000,1495,0.668896
img/mih/3/mih-0369.png,1000,1480,0.675676
img/mih/3/mih-0370.png,1000,1488,0.672043
img/mih/3/mih-0371.png,1000,1495,0.668896
img/mih/3/mih-0372.png,1000,1500,0.666667
img/mih/3/mih-0373.png,1000,1488,0.672043
img/mih/3/mih-0374.png,1000,1492,0.670241
img/mih/3/mih-0375.png,1000,1486,0.672948
img/mih/3/mih-0376.png,1000,1491,0.670691
img/mih/3/mih-0377.png,1000,1484,0.673854
img/mih/3/mih-0378.png,1000,1490,0.671141
img/mih/3/mih-0379.png,1000,1492,0.670241
img/mih/3/mih-0380.png,1000,1497,0.668003
img/mih/3/mih-0381.png,1000,1487,0.672495
img/mih/3/mih-0382.png,1000,1496,0.668449
img/mih/3/mih-0383.png,1000,1480,0.675676
img/mih/3/mih-0384.png,1000,1493,0.669792
img/mih/3/mih-0385.png,1000,1491,0.670691
img/mih/3/mih-0386.png,1000,1499,0.667111
img/mih/3/mih-0387.png,1000,1476,0.677507
img/mih/3/mih-0388.png,1000,1497,0.668003
img/mih/3/mih-0389.png,1000,1494,0.669344
img/mih/3/mih-0390.png,1000,1498,0.667557
img/mih/3/mih-0391.png,1000,1492,0.670241
img/mih/3/mih-0392.png,1000,1487,0.672495
img/mih/3/mih-0393.png,1000,1483,0.674309
img/mih/3/mih-0394.png,1000,1495,0.668896
img/mih/3/mih-0395.png,1000,1484,0.673854
img/mih/3/mih-0396.png,1000,1495,0.668896
img/mih/3/mih-0397.png,1000,1490,0.671141
img/mih/3/mih-0398.png,1000,1487,0.672495
img/mih/3/mih-0399.png,1000,1483,0.674309
img/mih/4/mih-0400.png,1000,1495,0.668896
img/mih/4/mih-0401.png,1000,1488,0.672043
img/mih/4/mih-0402.png,1000,1492,0.670241
img/mih/4/mih-0403.png,1000,1489,0.671592
img/mih/4/mih-0404.png,1000,1464,0.68306
img/mih/4/mih-0405.png,1000,1491,0.670691
img/mih/4/mih-0406.png,1000,1360,0.735294
img/mih/4/mih-0407.png,1000,1492,0.670241
img/mih/4/mih-0408.png,1000,1490,0.671141
img/mih/4/mih-0409.png,1000,1493,0.669792
img/mih/4/mih-0410.png,1000,1490,0.671141
img/mih/4/mih-0411.png,1000,1487,0.672495
img/mih/4/mih-0412.png,1000,1500,0.666667
img/mih/4/mih-0413.png,1000,1490,0.671141
img/mih/4/mih-0414.png,1000,1495,0.668896
img/mih/4/mih-0415.png,1000,1487,0.672495
img/mih/4/mih-0416.png,1000,1489,0.671592
img/mih/4/mih-0417.png,1000,1490,0.671141
img/mih/4/mih-0418.png,1000,1491,0.670691
img/mih/4/mih-0419.png,1000,1484,0.673854
img/mih/4/mih-0420.png,1000,1489,0.671592
img/mih/4/mih-0421.png,1000,1492,0.670241
img/mih/4/mih-0422.png,1000,1494,0.669344
img/mih/4/mih-0423.png,1000,1482,0.674764
img/mih/4/mih-0424.png,1000,1489,0.671592
img/mih/4/mih-0425.png,1000,1488,0.672043
img/mih/4/mih-0426.png,1000,1486,0.672948
img/mih/4/mih-0427.png,1000,1491,0.670691
img/mih/4/mih-0428.png,1000,1495,0.668896
img/mih/4/mih-0429.png,1000,1491,0.670691
img/mih/4/mih-0430.png,1000,1490,0.671141
img/mih/4/mih-0431.png,1000,1493,0.669792
img/mih/4/mih-0432.png,1000,1490,0.671141
img/mih/4/mih-0433.png,1000,1483,0.674309
img/mih/4/mih-0434.png,1000,1493,0.669792
img/mih/4/mih-0435.png,1000,1495,0.668896
img/mih/4/mih-0436.png,1000,1498,0.667557
img/mih/4/mih-0437.png,1000,1494,0.669344
img/mih/4/mih-0438.png,1000,1492,0.670241
img/mih/4/mih-0439.png,1000,1484,0.673854
img/mih/4/mih-0440.png,1000,1497,0.668003
img/mih/4/mih-0441.png,1000,1483,0.674309
img/mih/4/mih-0442.png,1000,1485,0.673401
img/mih/4/mih-0443.png,1000,1487,0.672495
img/mih/4/mih-0444.png,1000,1494,0.669344
img/mih/4/mih-0445.png,1000,1484,0.673854
img/mih/4/mih-0446.png,1000,1490,0.671141
img/mih/4/mih-0447.png,1000,1480,0.675676
img/mih/4/mih-0448.png,1000,1495,0.668896
img/mih/4/mih-0449.png,1000,1487,0.672495
img/mih/4/mih-0450.png,1000,1492,0.670241
img/mih/4/mih-0451.png,1000,1488,0.672043
img/mih/4/mih-0452.png,1000,1491,0.670691
img/mih/4/mih-0453.png,1000,1490,0.671141
img/mih/4/mih-0454.png,1000,1492,0.670241
img/mih/4/mih-0455.png,1000,1486,0.672948
img/mih/4/mih-0456.png,1000,1491,0.670691
img/mih/4/mih-0457.png,1000,1487,0.672495
img/mih/4/mih-0458.png,1000,1493,0.669792
img/mih/4/mih-0459.png,1000,1489,0.671592
img/mih/4/mih-0460.png,1000,1499,0.667111
img/mih/4/mih-0461.png,1000,1491,0.670691
img/mih/4/mih-0462.png,1000,1468,0.681199
img/mih/4/mih-0463.png,1000,1492,0.670241
img/mih/4/mih-0464.png,1000,1492,0.670241
img/mih/4/mih-0465.png,1000,1493,0.669792
img/mih/4/mih-0466.png,1000,1497,0.668003
img/mih/4/mih-0467.png,1000,1493,0.669792
img/mih/4/mih-0468.png,1000,1502,0.665779
img/mih/4/mih-0469.png,1000,1486,0.672948
img/mih/4/mih-0470.png,1000,1483,0.674309
img/mih/4/mih-0471.png,1000,1495,0.668896
img/mih/4/mih-0472.png,1000,1498,0.667557
img/mih/4/mih-0473.png,1000,1488,0.672043
img/mih/4/mih-0474.png,1000,1491,0.670691
img/mih/4/mih-0475.png,1000,1492,0.670241
img/mih/4/mih-0476.png,1000,1481,0.675219
img/mih/4/mih-0477.png,1000,1482,0.674764
img/mih/4/mih-0478.png,1000,1490,0.671141
img/mih/4/mih-0479.png,1000,1484,0.673854
img/mih/4/mih-0480.png,1000,1488,0.672043
img/mih/4/mih-0481.png,1000,1488,0.672043
img/mih/4/mih-0482.png,1000,1489,0.671592
img/mih/4/mih-0483.png,1000,1486,0.672948
img/mih/4/mih-0484.png,1000,1492,0.670241
img/mih/4/mih-0485.png,1000,1489,0.671592
img/mih/4/mih-0486.png,1000,1486,0.672948
img/mih/4/mih-0487.png,1000,1485,0.673401
img/mih/4/mih-0488.png,1000,1496,0.668449
img/mih/4/mih-0489.png,1000,1454,0.687758
img/mih/4/mih-0490.png,1000,1485,0.673401
img/mih/4/mih-0491.png,1000,1489,0.671592
img/mih/4/mih-0492.png,1000,1492,0.670241
img/mih/4/mih-0493.png,1000,1492,0.670241
img/mih/4/mih-0494.png,1000,1490,0.671141
img/mih/4/mih-0495.png,1000,1489,0.671592
img/mih/4/mih-0496.png,1000,1494,0.669344
img/mih/4/mih-0497.png,1000,1489,0.671592
img/mih/4/mih-0498.png,1000,1495,0.668896
img/mih/4/mih-0499.png,1000,1492,0.670241
img/mih/5/mih-0500.png,1000,1489,0.671592
img/mih/5/mih-0501.png,1000,1485,0.673401
img/mih/5/mih-0502.png,1000,1492,0.670241
img/mih/5/mih-0503.png,1000,1487,0.672495
img/mih/5/mih-0504.png,1000,1484,0.673854
img/mih/5/mih-0505.png,1000,1485,0.673401
img/mih/5/mih-0506.png,1000,1498,0.667557
img/mih/5/mih-0507.png,1000,1000,1
img/mih/5/mih-0508.png,1000,1455,0.687285
img/mih/5/mih-0509.png,1000,545,1.83486
img/mih/5/mih-0510.png,1000,1823,0.548546
img/mih/5/mih-0511.png,1000,1156,0.865052
img/mih/5/mih-0512.png,1000,402,2.48756
img/mih/5/mih-0513.png,1000,951,1.05152
img/mih/5/mih-0514.png,1000,1495,0.668896
img/mih/5/mih-0515.png,1000,1488,0.672043
img/mih/5/mih-0516.png,1000,1492,0.670241
img/mih/5/mih-0517.png,1000,1486,0.672948
img/mih/5/mih-0518.png,1000,1484,0.673854
img/mih/5/mih-0519.png,1000,1489,0.671592
img/mih/5/mih-0520.png,1000,1490,0.671141
img/mih/5/mih-0521.png,1000,1484,0.673854
img/mih/5/mih-0522.png,1000,1496,0.668449
img/mih/5/mih-0523.png,1000,1489,0.671592
img/mih/5/mih-0524.png,1000,1500,0.666667
img/mih/5/mih-0525.png,1000,1485,0.673401
img/mih/5/mih-0526.png,1000,1499,0.667111
img/mih/5/mih-0527.png,1000,1487,0.672495
img/mih/5/mih-0528.png,1000,1495,0.668896
img/mih/5/mih-0529.png,1000,1489,0.671592
img/mih/5/mih-0530.png,1000,1491,0.670691
img/mih/5/mih-0531.png,1000,1480,0.675676
img/mih/5/mih-0532.png,1000,1493,0.669792
img/mih/5/mih-0533.png,1000,1488,0.672043
img/mih/5/mih-0534.png,1000,1471,0.67981
img/mih/5/mih-0535.png,1000,1490,0.671141
img/mih/5/mih-0536.png,1000,1492,0.670241
img/mih/5/mih-0537.png,1000,1479,0.676133
img/mih/5/mih-0538.png,1000,1493,0.669792
img/mih/5/mih-0539.png,1000,1487,0.672495
img/mih/5/mih-0540.png,1000,1492,0.670241
img/mih/5/mih-0541.png,1000,1478,0.67659
img/mih/5/mih-0542.png,1000,1487,0.672495
img/mih/5/mih-0543.png,1000,1477,0.677048
img/mih/5/mih-0544.png,1000,1492,0.670241
img/mih/5/mih-0545.png,1000,1479,0.676133
img/mih/5/mih-0546.png,1000,1486,0.672948
img/mih/5/mih-0547.png,1000,1486,0.672948
img/mih/5/mih-0548.png,1000,1492,0.670241
img/mih/5/mih-0549.png,1000,1479,0.676133
img/mih/5/mih-0550.png,1000,1489,0.671592
img/mih/5/mih-0551.png,1000,1484,0.673854
img/mih/5/mih-0552.png,1000,1486,0.672948
img/mih/5/mih-0553.png,1000,1475,0.677966
img/mih/5/mih-0554.png,1000,1496,0.668449
img/mih/5/mih-0555.png,1000,1483,0.674309
img/mih/5/mih-0556.png,1000,1491,0.670691
img/mih/5/mih-0557.png,1000,1482,0.674764
img/mih/5/mih-0558.png,1000,1489,0.671592
img/mih/5/mih-0559.png,1000,1483,0.674309
img/mih/5/mih-0560.png,1000,1488,0.672043
img/mih/5/mih-0561.png,1000,1490,0.671141
img/mih/5/mih-0562.png,1000,1491,0.670691
img/mih/5/mih-0563.png,1000,1477,0.677048
img/mih/5/mih-0564.png,1000,1487,0.672495
img/mih/5/mih-0565.png,1000,1475,0.677966
img/mih/5/mih-0566.png,1000,1494,0.669344
img/mih/5/mih-0567.png,1000,1487,0.672495
img/mih/5/mih-0568.png,1000,1495,0.668896
img/mih/5/mih-0569.png,1000,1479,0.676133
img/mih/5/mih-0570.png,1000,1484,0.673854
img/mih/5/mih-0571.png,1000,1472,0.679348
img/mih/5/mih-0572.png,1000,1497,0.668003
img/mih/5/mih-0573.png,1000,1480,0.675676
img/mih/5/mih-0574.png,1000,1489,0.671592
img/mih/5/mih-0575.png,1000,1481,0.675219
img/mih/5/mih-0576.png,1000,1496,0.668449
img/mih/5/mih-0577.png,1000,1479,0.676133
img/mih/5/mih-0578.png,1000,1495,0.668896
img/mih/5/mih-0579.png,1000,1478,0.67659
img/mih/5/mih-0580.png,1000,1466,0.682128
img/mih/5/mih-0581.png,1000,1487,0.672495
img/mih/5/mih-0582.png,1000,1480,0.675676
img/mih/5/mih-0583.png,1000,1490,0.671141
img/mih/5/mih-0584.png,1000,1485,0.673401
img/mih/5/mih-0585.png,1000,1482,0.674764
img/mih/5/mih-0586.png,1000,1494,0.669344
img/mih/5/mih-0587.png,1000,1483,0.674309
img/mih/5/mih-0588.png,1000,1489,0.671592
img/mih/5/mih-0589.png,1000,1482,0.674764
img/mih/5/mih-0590.png,1000,1485,0.673401
img/mih/5/mih-0591.png,1000,1482,0.674764
img/mih/5/mih-0592.png,1000,1485,0.673401
img/mih/5/mih-0593.png,1000,1487,0.672495
img/mih/5/mih-0594.png,1000,1493,0.669792
img/mih/5/mih-0595.png,1000,1490,0.671141
img/mih/5/mih-0596.png,1000,1495,0.668896
img/mih/5/mih-0597.png,1000,1485,0.673401
img/mih/5/mih-0598.png,1000,1493,0.669792
img/mih/5/mih-0599.png,1000,1489,0.671592
img/mih/6/mih-0600.png,1000,1468,0.681199
img/mih/6/mih-0601.png,1000,1489,0.671592
img/mih/6/mih-0602.png,1000,1495,0.668896
img/mih/6/mih-0603.png,1000,1484,0.673854
img/mih/6/mih-0604.png,1000,1483,0.674309
img/mih/6/mih-0605.png,1000,1485,0.673401
img/mih/6/mih-0606.png,1000,1495,0.668896
img/mih/6/mih-0607.png,1000,1484,0.673854
img/mih/6/mih-0608.png,1000,1492,0.670241
img/mih/6/mih-0609.png,1000,1490,0.671141
img/mih/6/mih-0610.png,1000,1486,0.672948
img/mih/6/mih-0611.png,1000,1434,0.69735
img/mih/6/mih-0612.png,1000,1485,0.673401
img/mih/6/mih-0613.png,1000,1482,0.674764
img/mih/6/mih-0614.png,1000,1490,0.671141
img/mih/6/mih-0615.png,1000,1483,0.674309
img/mih/6/mih-0616.png,1000,1495,0.668896
img/mih/6/mih-0617.png,1000,1486,0.672948
img/mih/6/mih-0618.png,1000,1480,0.675676
img/mih/6/mih-0619.png,1000,1481,0.675219
img/mih/6/mih-0620.png,1000,1461,0.684463
img/mih/6/mih-0621.png,1000,1446,0.691563
img/mih/6/mih-0622.png,1000,1446,0.691563
img/mih/6/mih-0623.png,1000,1487,0.672495
img/mih/6/mih-0624.png,1000,1485,0.673401
img/mih/6/mih-0625.png,1000,1484,0.673854
img/mih/6/mih-0626.png,1000,1492,0.670241
img/mih/6/mih-0627.png,1000,1491,0.670691
img/mih/6/mih-0628.png,1000,1493,0.669792
img/mih/6/mih-0629.png,1000,1481,0.675219
img/mih/6/mih-0630.png,1000,1499,0.667111
img/mih/6/mih-0631.png,1000,1487,0.672495
img/mih/6/mih-0632.png,1000,1456,0.686813
img/mih/6/mih-0633.png,1000,1483,0.674309
img/mih/6/mih-0634.png,1000,1494,0.669344
img/mih/6/mih-0635.png,1000,1480,0.675676
img/mih/6/mih-0636.png,1000,1446,0.691563
img/mih/6/mih-0637.png,1000,1488,0.672043
img/mih/6/mih-0638.png,1000,1496,0.668449
img/mih/6/mih-0639.png,1000,1489,0.671592
img/mih/6/mih-0640.png,1000,1482,0.674764
img/mih/6/mih-0641.png,1000,1484,0.673854
img/mih/6/mih-0642.png,1000,1492,0.670241
img/mih/6/mih-0643.png,1000,1487,0.672495
img/mih/6/mih-0644.png,1000,1491,0.670691
img/mih/6/mih-0645.png,1000,1481,0.675219
img/mih/6/mih-0646.png,1000,1492,0.670241
img/mih/6/mih-0647.png,1000,1487,0.672495
img/mih/6/mih-0648.png,1000,1495,0.668896
img/mih/6/mih-0649.png,1000,1482,0.674764
img/mih/6/mih-0650.png,1000,1473,0.678887
img/mih/6/mih-0651.png,1000,1487,0.672495
img/mih/6/mih-0652.png,1000,1494,0.669344
img/mih/6/mih-0653.png,1000,1478,0.67659
img/mih/6/mih-0654.png,1000,1489,0.671592
img/mih/6/mih-0655.png,1000,1481,0.675219
img/mih/6/mih-0656.png,1000,1484,0.673854
img/mih/6/mih-0657.png,1000,1480,0.675676
img/mih/6/mih-0658.png,1000,1494,0.669344
img/mih/6/mih-0659.png,1000,1490,0.671141
img/mih/6/mih-0660.png,1000,1494,0.669344
img/mih/6/mih-0661.png,1000,1456,0.686813
img/mih/6/mih-0662.png,1000,1492,0.670241
img/mih/6/mih-0663.png,1000,1483,0.674309
img/mih/6/mih-0664.png,1000,1496,0.668449
img/mih/6/mih-0665.png,1000,1484,0.673854
img/mih/6/mih-0666.png,1000,1493,0.669792
img/mih/6/mih-0667.png,1000,1485,0.673401
img/mih/6/mih-0668.png,1000,1495,0.668896
img/mih/6/mih-0669.png,1000,1486,0.672948
img/mih/6/mih-0670.png,1000,1492,0.670241
img/mih/6/mih-0671.png,1000,1486,0.672948
img/mih/6/mih-0672.png,1000,1496,0.668449
img/mih/6/mih-0673.png,1000,1486,0.672948
img/mih/6/mih-0674.png,1000,1495,0.668896
img/mih/6/mih-0675.png,1000,1485,0.673401
img/mih/6/mih-0676.png,1000,1453,0.688231
img/mih/6/mih-0677.png,1000,1490,0.671141
img/mih/6/mih-0678.png,1000,1462,0.683995
img/mih/6/mih-0679.png,1000,1432,0.698324
img/mih/6/mih-0680.png,1000,1496,0.668449
img/mih/6/mih-0681.png,1000,1476,0.677507
img/mih/6/mih-0682.png,1000,1445,0.692042
img/mih/6/mih-0683.png,1000,1447,0.691085
img/mih/6/mih-0684.png,1000,1451,0.68918
img/mih/6/mih-0685.png,1000,1487,0.672495
img/mih/6/mih-0686.png,1000,1492,0.670241
img/mih/6/mih-0687.png,1000,1479,0.676133
img/mih/6/mih-0688.png,1000,1484,0.673854
img/mih/6/mih-0689.png,1000,1489,0.671592
img/mih/6/mih-0690.png,1000,1487,0.672495
img/mih/6/mih-0691.png,1000,1484,0.673854
img/mih/6/mih-0692.png,1000,1497,0.668003
img/mih/6/mih-0693.png,1000,1478,0.67659
img/mih/6/mih-0694.png,1000,1494,0.669344
img/mih/6/mih-0695.png,1000,1488,0.672043
img/mih/6/mih-0696.png,1000,1496,0.668449
img/mih/6/mih-0697.png,1000,1485,0.673401
img/mih/6/mih-0698.png,1000,1495,0.668896
img/mih/6/mih-0699.png,1000,1482,0.674764
img/mih/7/mih-0700.png,1000,1496,0.668449
img/mih/7/mih-0701.png,1000,1488,0.672043
img/mih/7/mih-0702.png,1000,1494,0.669344
img/mih/7/mih-0703.png,1000,1485,0.673401
img/mih/7/mih-0704.png,1000,1496,0.668449
img/mih/7/mih-0705.png,1000,1488,0.672043
img/mih/7/mih-0706.png,1000,1496,0.668449
img/mih/7/mih-0707.png,1000,1488,0.672043
img/mih/7/mih-0708.png,1000,1490,0.671141
img/mih/7/mih-0709.png,1000,1490,0.671141
img/mih/7/mih-0710.png,1000,1496,0.668449
img/mih/7/mih-0711.png,1000,1485,0.673401
img/mih/7/mih-0712.png,1000,1496,0.668449
img/mih/7/mih-0713.png,1000,1478,0.67659
img/mih/7/mih-0714.png,1000,1495,0.668896
img/mih/7/mih-0715.png,1000,1491,0.670691
img/mih/7/mih-0716.png,1000,1495,0.668896
img/mih/7/mih-0717.png,1000,1546,0.646831
img/mih/7/mih-0718.png,1000,1487,0.672495
img/mih/7/mih-0719.png,1000,1454,0.687758
img/mih/7/mih-0720.png,1000,1469,0.680735
img/mih/7/mih-0721.png,1000,1489,0.671592
img/mih/7/mih-0722.png,1000,1485,0.673401
img/mih/7/mih-0723.png,1000,1490,0.671141
img/mih/7/mih-0724.png,1000,1494,0.669344
img/mih/7/mih-0725.png,1000,1486,0.672948
img/mih/7/mih-0726.png,1000,1494,0.669344
img/mih/7/mih-0727.png,1000,1489,0.671592
img/mih/7/mih-0728.png,1000,1412,0.708215
img/mih/7/mih-0729.png,1000,1472,0.679348
img/mih/7/mih-0730.png,1000,1486,0.672948
img/mih/7/mih-0731.png,1000,1487,0.672495
img/mih/7/mih-0732.png,1000,1494,0.669344
img/mih/7/mih-0733.png,1000,1488,0.672043
img/mih/7/mih-0734.png,1000,1496,0.668449
img/mih/7/mih-0735.png,1000,1485,0.673401
img/mih/7/mih-0736.png,1000,1497,0.668003
img/mih/7/mih-0737.png,1000,1454,0.687758
img/mih/7/mih-0738.png,1000,1496,0.668449
img/mih/7/mih-0739.png,1000,1480,0.675676
img/mih/7/mih-0740.png,1000,1494,0.669344
img/mih/7/mih-0741.png,1000,1487,0.672495
img/mih/7/mih-0742.png,1000,1472,0.679348
img/mih/7/mih-0743.png,1000,1461,0.684463
img/mih/7/mih-0744.png,1000,1496,0.668449
img/mih/7/mih-0745.png,1000,1491,0.670691
img/mih/7/mih-0746.png,1000,1485,0.673401
img/mih/7/mih-0747.png,1000,1488,0.672043
img/mih/7/mih-0748.png,1000,1499,0.667111
img/mih/7/mih-0749.png,1000,1488,0.672043
img/mih/7/mih-0750.png,1000,1489,0.671592
img/mih/7/mih-0751.png,1000,1488,0.672043
img/mih/7/mih-0752.png,1000,1497,0.668003
img/mih/7/mih-0753.png,1000,1480,0.675676
img/mih/7/mih-0754.png,1000,1487,0.672495
img/mih/7/mih-0755.png,1000,1491,0.670691
img/mih/7/mih-0756.png,1000,1495,0.668896
img/mih/7/mih-0757.png,1000,1471,0.67981
img/mih/7/mih-0758.png,1000,1495,0.668896
img/mih/7/mih-0759.png,1000,1488,0.672043
img/mih/7/mih-0760.png,1000,1491,0.670691
img/mih/7/mih-0761.png,1000,1481,0.675219
img/mih/7/mih-0762.png,1000,1458,0.685871
img/mih/7/mih-0763.png,1000,1488,0.672043
img/mih/7/mih-0764.png,1000,1490,0.671141
img/mih/7/mih-0765.png,1000,1475,0.677966
img/mih/7/mih-0766.png,1000,1491,0.670691
img/mih/7/mih-0767.png,1000,1486,0.672948
img/mih/7/mih-0768.png,1000,1468,0.681199
img/mih/7/mih-0769.png,1000,1471,0.67981
img/mih/7/mih-0770.png,1000,1489,0.671592
img/mih/7/mih-0771.png,1000,1488,0.672043
img/mih/7/mih-0772.png,1000,1495,0.668896
img/mih/7/mih-0773.png,1000,1498,0.667557
img/mih/7/mih-0774.png,1000,1492,0.670241
img/mih/7/mih-0775.png,1000,1485,0.673401
img/mih/7/mih-0776.png,1000,1489,0.671592
img/mih/7/mih-0777.png,1000,1485,0.673401
img/mih/7/mih-0778.png,1000,1495,0.668896
img/mih/7/mih-0779.png,1000,1492,0.670241
img/mih/7/mih-0780.png,1000,1488,0.672043
img/mih/7/mih-0781.png,1000,1489,0.671592
img/mih/7/mih-0782.png,1000,1487,0.672495
img/mih/7/mih-0783.png,1000,1484,0.673854
img/mih/7/mih-0784.png,1000,1495,0.668896
img/mih/7/mih-0785.png,1000,1485,0.673401
img/mih/7/mih-0786.png,1000,1487,0.672495
img/mih/7/mih-0787.png,1000,1483,0.674309
img/mih/7/mih-0788.png,1000,1492,0.670241
img/mih/7/mih-0789.png,1000,1427,0.700771
img/mih/7/mih-0790.png,1000,368,2.71739
img/mih/7/mih-0791.png,1000,1485,0.673401
img/mih/7/mih-0792.png,1000,1496,0.668449
img/mih/7/mih-0793.png,1000,1490,0.671141
img/mih/7/mih-0794.png,1000,1491,0.670691
img/mih/7/mih-0795.png,1000,1486,0.672948
img/mih/7/mih-0796.png,1000,1489,0.671592
img/mih/7/mih-0797.png,1000,1486,0.672948
img/mih/7/mih-0798.png,1000,1478,0.67659
img/mih/7/mih-0799.png,1000,1485,0.673401
img/mih/8/mih-0800.png,1000,1491,0.670691
img/mih/8/mih-0801.png,1000,1483,0.674309
img/mih/8/mih-0802.png,1000,1494,0.669344
img/mih/8/mih-0803.png,1000,1483,0.674309
img/mih/8/mih-0804.png,1000,1490,0.671141
img/mih/8/mih-0805.png,1000,1487,0.672495
img/mih/8/mih-0806.png,1000,1490,0.671141
img/mih/8/mih-0807.png,1000,1482,0.674764
img/mih/8/mih-0808.png,1000,1493,0.669792
img/mih/8/mih-0809.png,1000,1485,0.673401
img/mih/8/mih-0810.png,1000,1488,0.672043
img/mih/8/mih-0811.png,1000,1488,0.672043
img/mih/8/mih-0812.png,1000,1489,0.671592
img/mih/8/mih-0813.png,1000,1489,0.671592
img/mih/8/mih-0814.png,1000,1502,0.665779
img/mih/8/mih-0815.png,1000,1434,0.69735
img/mih/8/mih-0816.png,1000,1492,0.670241
img/mih/8/mih-0817.png,1000,1490,0.671141
img/mih/8/mih-0818.png,1000,1489,0.671592
img/mih/8/mih-0819.png,1000,1488,0.672043
img/mih/8/mih-0820.png,1000,1492,0.670241
img/mih/8/mih-0821.png,1000,1482,0.674764
img/mih/8/mih-0822.png,1000,1495,0.668896
img/mih/8/mih-0823.png,1000,1486,0.672948
img/mih/8/mih-0824.png,1000,1491,0.670691
img/mih/8/mih-0825.png,1000,1485,0.673401
img/mih/8/mih-0826.png,1000,1495,0.668896
img/mih/8/mih-0827.png,1000,1483,0.674309
img/mih/8/mih-0828.png,1000,1491,0.670691
img/mih/8/mih-0829.png,1000,1488,0.672043
img/mih/8/mih-0830.png,1000,1493,0.669792
img/mih/8/mih-0831.png,1000,1492,0.670241
img/mih/8/mih-0832.png,1000,1495,0.668896
img/mih/8/mih-0833.png,1000,1487,0.672495
img/mih/8/mih-0834.png,1000,1485,0.673401
img/mih/8/mih-0835.png,1000,1491,0.670691
img/mih/8/mih-0836.png,1000,1493,0.669792
img/mih/8/mih-0837.png,1000,1482,0.674764
img/mih/8/mih-0838.png,1000,1493,0.669792
img/mih/8/mih-0839.png,1000,1457,0.686342
img/mih/8/mih-0840.png,1000,1492,0.670241
img/mih/8/mih-0841.png,1000,1483,0.674309
img/mih/8/mih-0842.png,1000,1464,0.68306
img/mih/8/mih-0843.png,1000,1480,0.675676
img/mih/8/mih-0844.png,1000,1487,0.672495
img/mih/8/mih-0845.png,1000,1487,0.672495
img/mih/8/mih-0846.png,1000,1493,0.669792
img/mih/8/mih-0847.png,1000,1487,0.672495
img/mih/8/mih-0848.png,1000,1496,0.668449
img/mih/8/mih-0849.png,1000,1483,0.674309
img/mih/8/mih-0850.png,1000,1374,0.727802
img/mih/8/mih-0851.png,1000,1489,0.671592
img/mih/8/mih-0852.png,1000,1490,0.671141
img/mih/8/mih-0853.png,1000,1478,0.67659
img/mih/8/mih-0854.png,1000,1480,0.675676
img/mih/8/mih-0855.png,1000,1455,0.687285
img/mih/8/mih-0856.png,1000,1495,0.668896
img/mih/8/mih-0857.png,1000,880,1.13636
img/mih/8/mih-0858.png,1000,1470,0.680272
img/mih/8/mih-0859.png,1000,1487,0.672495
img/mih/8/mih-0860.png,1000,1494,0.669344
img/mih/8/mih-0861.png,1000,1486,0.672948
img/mih/8/mih-0862.png,1000,1490,0.671141
img/mih/8/mih-0863.png,1000,1488,0.672043
img/mih/8/mih-0864.png,1000,1492,0.670241
img/mih/8/mih-0865.png,1000,1479,0.676133
img/mih/8/mih-0866.png,1000,1484,0.673854
img/mih/8/mih-0867.png,1000,1488,0.672043
img/mih/8/mih-0868.png,1000,1494,0.669344
img/mih/8/mih-0869.png,1000,1478,0.67659
img/mih/8/mih-0870.png,1000,1445,0.692042
img/mih/8/mih-0871.png,1000,1486,0.672948
img/mih/8/mih-0872.png,1000,1496,0.668449
img/mih/8/mih-0873.png,1000,1482,0.674764
img/mih/8/mih-0874.png,1000,1460,0.684932
img/mih/8/mih-0875.png,1000,1487,0.672495
img/mih/8/mih-0876.png,1000,1495,0.668896
img/mih/8/mih-0877.png,1000,1489,0.671592
img/mih/8/mih-0878.png,1000,1487,0.672495
img/mih/8/mih-0879.png,1000,1486,0.672948
img/mih/8/mih-0880.png,1000,1490,0.671141
img/mih/8/mih-0881.png,1000,1478,0.67659
img/mih/8/mih-0882.png,1000,1491,0.670691
img/mih/8/mih-0883.png,1000,1488,0.672043
img/mih/8/mih-0884.png,1000,1492,0.670241
img/mih/8/mih-0885.png,1000,1424,0.702247
img/mih/8/mih-0886.png,1000,1486,0.672948
img/mih/8/mih-0887.png,1000,1436,0.696379
img/mih/8/mih-0888.png,1000,1493,0.669792
img/mih/8/mih-0889.png,1000,1467,0.681663
img/mih/8/mih-0890.png,1000,1486,0.672948
img/mih/8/mih-0891.png,1000,1489,0.671592
img/mih/8/mih-0892.png,1000,1489,0.671592
img/mih/8/mih-0893.png,1000,1487,0.672495
img/mih/8/mih-0894.png,1000,1496,0.668449
img/mih/8/mih-0895.png,1000,1468,0.681199
img/mih/8/mih-0896.png,1000,1494,0.669344
img/mih/8/mih-0897.png,1000,1465,0.682594
img/mih/8/mih-0898.png,1000,1351,0.740192
img/mih/8/mih-0899.png,1000,1480,0.675676
img/mih/9/mih-0900.png,1000,1490,0.671141
img/mih/9/mih-0901.png,1000,1489,0.671592
img/mih/9/mih-0902.png,1000,1446,0.691563
img/mih/9/mih-0903.png,1000,1485,0.673401
img/mih/9/mih-0904.png,1000,1497,0.668003
img/mih/9/mih-0905.png,1000,1489,0.671592
img/mih/9/mih-0906.png,1000,1501,0.666223
img/mih/9/mih-0907.png,1000,1488,0.672043
img/mih/9/mih-0908.png,1000,1454,0.687758
img/mih/9/mih-0909.png,1000,1487,0.672495
img/mih/9/mih-0910.png,1000,1494,0.669344
img/mih/9/mih-0911.png,1000,1489,0.671592
img/mih/9/mih-0912.png,1000,1494,0.669344
img/mih/9/mih-0913.png,1000,1489,0.671592
img/mih/9/mih-0914.png,1000,1489,0.671592
img/mih/9/mih-0915.png,1000,1490,0.671141
img/mih/9/mih-0916.png,1000,1495,0.668896
img/mih/9/mih-0917.png,1000,1485,0.673401
img/mih/9/mih-0918.png,1000,1494,0.669344
img/mih/9/mih-0919.png,1000,1491,0.670691
img/mih/9/mih-0920.png,1000,1484,0.673854
img/mih/9/mih-0921.png,1000,1443,0.693001
img/mih/9/mih-0922.png,1000,1491,0.670691
img/mih/9/mih-0923.png,1000,1483,0.674309
img/mih/9/mih-0924.png,1000,1490,0.671141
img/mih/9/mih-0925.png,1000,1489,0.671592
img/mih/9/mih-0926.png,1000,1488,0.672043
img/mih/9/mih-0927.png,1000,1482,0.674764
img/mih/9/mih-0928.png,1000,1493,0.669792
img/mih/9/mih-0929.png,1000,1459,0.685401
img/mih/9/mih-0930.png,1000,1490,0.671141
img/mih/9/mih-0931.png,1000,1491,0.670691
img/mih/9/mih-0932.png,1000,1452,0.688705
img/mih/9/mih-0933.png,1000,1487,0.672495
img/mih/9/mih-0934.png,1000,1458,0.685871
img/mih/9/mih-0935.png,1000,1484,0.673854
img/mih/9/mih-0936.png,1000,1495,0.668896
img/mih/9/mih-0937.png,1000,1479,0.676133
img/mih/9/mih-0938.png,1000,1496,0.668449
img/mih/9/mih-0939.png,1000,1463,0.683527
img/mih/9/mih-0940.png,1000,1490,0.671141
img/mih/9/mih-0941.png,1000,1488,0.672043
img/mih/9/mih-0942.png,1000,1447,0.691085
img/mih/9/mih-0943.png,1000,1457,0.686342
img/mih/9/mih-0944.png,1000,1490,0.671141
img/mih/9/mih-0945.png,1000,1495,0.668896
img/mih/9/mih-0946.png,1000,1492,0.670241
img/mih/9/mih-0947.png,1000,1454,0.687758
img/mih/9/mih-0948.png,1000,1494,0.669344
img/mih/9/mih-0949.png,1000,1482,0.674764
img/mih/9/mih-0950.png,1000,1486,0.672948
img/mih/9/mih-0951.png,1000,1495,0.668896
img/mih/9/mih-0952.png,1000,1497,0.668003
img/mih/9/mih-0953.png,1000,1447,0.691085
img/mih/9/mih-0954.png,1000,1493,0.669792
img/mih/9/mih-0955.png,1000,1480,0.675676
img/mih/9/mih-0956.png,1000,1496,0.668449
img/mih/9/mih-0957.png,1000,1474,0.678426
img/mih/9/mih-0958.png,1000,1494,0.669344
img/mih/9/mih-0959.png,1000,1442,0.693481
img/mih/9/mih-0960.png,1000,1495,0.668896
img/mih/9/mih-0961.png,1000,1489,0.671592
img/mih/9/mih-0962.png,1000,1483,0.674309
img/mih/9/mih-0963.png,1000,1488,0.672043
img/mih/9/mih-0964.png,1000,1488,0.672043
img/mih/9/mih-0965.png,1000,1470,0.680272
img/mih/9/mih-0966.png,1000,1493,0.669792
img/mih/9/mih-0967.png,1000,1480,0.675676
img/mih/9/mih-0968.png,1000,1497,0.668003
img/mih/9/mih-0969.png,1000,1491,0.670691
img/mih/9/mih-0970.png,1000,1495,0.668896
img/mih/9/mih-0971.png,1000,1473,0.678887
img/mih/9/mih-0972.png,1000,1495,0.668896
img/mih/9/mih-0973.png,1000,1490,0.671141
img/mih/9/mih-0974.png,1000,1497,0.668003
img/mih/9/mih-0975.png,1000,1486,0.672948
img/mih/9/mih-0976.png,1000,1495,0.668896
img/mih/9/mih-0977.png,1000,1489,0.671592
img/mih/9/mih-0978.png,1000,1497,0.668003
img/mih/9/mih-0979.png,1000,1492,0.670241
img/mih/9/mih-0980.png,1000,1496,0.668449
img/mih/9/mih-0981.png,1000,1487,0.672495
img/mih/9/mih-0982.png,1000,1476,0.677507
img/mih/9/mih-0983.png,1000,1489,0.671592
img/mih/9/mih-0984.png,1000,1497,0.668003
img/mih/9/mih-0985.png,1000,1486,0.672948
img/mih/9/mih-0986.png,1000,1448,0.690608
img/mih/9/mih-0987.png,1000,1493,0.669792
img/mih/9/mih-0988.png,1000,1468,0.681199
img/mih/9/mih-0989.png,1000,1488,0.672043
img/mih/9/mih-0990.png,1000,1497,0.668003
img/mih/9/mih-0991.png,1000,1544,0.647668
img/mih/9/mih-0992.png,1000,1461,0.684463
img/mih/9/mih-0993.png,1000,1497,0.668003
img/mih/9/mih-0994.png,1000,1489,0.671592
img/mih/9/mih-0995.png,1000,1486,0.672948
img/mih/9/mih-0996.png,1000,1443,0.693001
img/mih/9/mih-0997.png,1000,1489,0.671592
img/mih/9/mih-0998.png,1000,1499,0.667111
img/mih/9/mih-0999.png,1000,1487,0.672495
