img/msb/0/msb-0001.png,1250,490,2.55102
img/msb/0/msb-0002.png,1250,3832,0.3262
img/msb/0/msb-0003.png,1250,2645,0.47259
img/msb/0/msb-0004.png,1250,4411,0.283382
img/msb/0/msb-0005.png,1250,1626,0.768758
img/msb/0/msb-0006.png,1250,731,1.70999
img/msb/0/msb-0007.png,1250,1774,0.704622
img/msb/0/msb-0008.png,1250,1796,0.695991
img/msb/0/msb-0009.png,1250,1793,0.697156
img/msb/0/msb-0010.png,1250,1789,0.698714
img/msb/0/msb-0011.png,1250,1783,0.701066
img/msb/0/msb-0012.png,1250,1752,0.71347
img/msb/0/msb-0013.png,1250,1768,0.707014
img/msb/0/msb-0014.png,1250,1789,0.698714
img/msb/0/msb-0015.png,1250,1818,0.687569
img/msb/0/msb-0016.png,1250,1848,0.676407
img/msb/0/msb-0017.png,1250,1800,0.694444
img/msb/0/msb-0018.png,1250,1796,0.695991
img/msb/0/msb-0019.png,1250,1811,0.690226
img/msb/0/msb-0020.png,1250,1795,0.696379
img/msb/0/msb-0021.png,1250,1785,0.70028
img/msb/0/msb-0022.png,1250,1772,0.705418
img/msb/0/msb-0023.png,1250,1766,0.707814
img/msb/0/msb-0024.png,1250,1776,0.703829
img/msb/0/msb-0025.png,1250,1784,0.700673
img/msb/0/msb-0026.png,1250,1775,0.704225
img/msb/0/msb-0027.png,1250,1807,0.691754
img/msb/0/msb-0028.png,1250,1814,0.689085
img/msb/0/msb-0029.png,1250,1872,0.667735
img/msb/0/msb-0030.png,1250,1808,0.691372
img/msb/0/msb-0031.png,1250,1820,0.686813
img/msb/0/msb-0032.png,1250,1802,0.693674
img/msb/0/msb-0033.png,1250,1763,0.709019
img/msb/0/msb-0034.png,1250,1785,0.70028
img/msb/0/msb-0035.png,1250,1768,0.707014
img/msb/0/msb-0036.png,1250,1774,0.704622
img/msb/0/msb-0037.png,1250,1792,0.697545
img/msb/0/msb-0038.png,1250,1858,0.672766
img/msb/0/msb-0039.png,1250,1787,0.699496
img/msb/0/msb-0040.png,1250,1806,0.692137
img/msb/0/msb-0041.png,1250,1768,0.707014
img/msb/0/msb-0042.png,1250,1765,0.708215
img/msb/0/msb-0043.png,1250,1789,0.698714
img/msb/0/msb-0044.png,1250,1771,0.705816
img/msb/0/msb-0045.png,1250,1767,0.707414
img/msb/0/msb-0046.png,1250,1762,0.709421
img/msb/0/msb-0047.png,1250,1746,0.715922
img/msb/0/msb-0048.png,1250,1787,0.699496
img/msb/0/msb-0049.png,1250,1802,0.693674
img/msb/0/msb-0050.png,1250,1783,0.701066
img/msb/0/msb-0051.png,1250,1766,0.707814
img/msb/0/msb-0052.png,1250,1802,0.693674
img/msb/0/msb-0053.png,1250,1806,0.692137
img/msb/0/msb-0054.png,1250,1784,0.700673
img/msb/0/msb-0055.png,1250,1765,0.708215
img/msb/0/msb-0056.png,1250,1748,0.715103
img/msb/0/msb-0057.png,1250,1772,0.705418
img/msb/0/msb-0058.png,1250,1796,0.695991
img/msb/0/msb-0059.png,1250,1829,0.683434
img/msb/0/msb-0060.png,1250,1826,0.684556
img/msb/0/msb-0061.png,1250,1778,0.703037
img/msb/0/msb-0062.png,1250,1762,0.709421
img/msb/0/msb-0063.png,1250,1771,0.705816
img/msb/0/msb-0064.png,1250,1811,0.690226
img/msb/0/msb-0065.png,1250,1796,0.695991
img/msb/0/msb-0066.png,1250,1758,0.711035
img/msb/0/msb-0067.png,1250,1788,0.699105
img/msb/0/msb-0068.png,1250,1765,0.708215
img/msb/0/msb-0069.png,1250,1768,0.707014
img/msb/0/msb-0070.png,1250,1795,0.696379
img/msb/0/msb-0071.png,1250,1780,0.702247
img/msb/0/msb-0072.png,1250,1770,0.706215
img/msb/0/msb-0073.png,1250,1762,0.709421
img/msb/0/msb-0074.png,1250,1778,0.703037
img/msb/0/msb-0075.png,1250,1794,0.696767
img/msb/0/msb-0076.png,1250,1772,0.705418
img/msb/0/msb-0077.png,1250,1769,0.706614
img/msb/0/msb-0078.png,1250,1785,0.70028
img/msb/0/msb-0079.png,1250,1803,0.693289
img/msb/0/msb-0080.png,1250,1765,0.708215
img/msb/0/msb-0081.png,1250,1790,0.698324
img/msb/0/msb-0082.png,1250,1792,0.697545
img/msb/0/msb-0083.png,1250,1764,0.708617
img/msb/0/msb-0084.png,1250,1796,0.695991
img/msb/0/msb-0085.png,1250,1782,0.701459
img/msb/0/msb-0086.png,1250,1794,0.696767
img/msb/0/msb-0087.png,1250,1808,0.691372
img/msb/0/msb-0088.png,1250,1819,0.687191
img/msb/0/msb-0089.png,1250,1791,0.697934
img/msb/0/msb-0090.png,1250,1841,0.678979
img/msb/0/msb-0091.png,1250,1796,0.695991
img/msb/0/msb-0092.png,1250,1771,0.705816
img/msb/0/msb-0093.png,1250,1780,0.702247
img/msb/0/msb-0094.png,1250,1756,0.711845
img/msb/0/msb-0095.png,1250,1792,0.697545
img/msb/0/msb-0096.png,1250,1804,0.692905
img/msb/0/msb-0097.png,1250,1808,0.691372
img/msb/0/msb-0098.png,1250,1769,0.706614
img/msb/0/msb-0099.png,1250,1750,0.714286
img/msb/1/msb-0100.png,1250,1793,0.697156
img/msb/1/msb-0101.png,1250,1785,0.70028
img/msb/1/msb-0102.png,1250,1796,0.695991
img/msb/1/msb-0103.png,1250,1758,0.711035
img/msb/1/msb-0104.png,1250,1782,0.701459
img/msb/1/msb-0105.png,1250,1761,0.709824
img/msb/1/msb-0106.png,1250,1810,0.690608
img/msb/1/msb-0107.png,1250,1810,0.690608
img/msb/1/msb-0108.png,1250,1779,0.702642
img/msb/1/msb-0109.png,1250,1793,0.697156
img/msb/1/msb-0110.png,1250,1792,0.697545
img/msb/1/msb-0111.png,1250,1802,0.693674
img/msb/1/msb-0112.png,1250,1790,0.698324
img/msb/1/msb-0113.png,1250,1790,0.698324
img/msb/1/msb-0114.png,1250,1765,0.708215
img/msb/1/msb-0115.png,1250,1781,0.701853
img/msb/1/msb-0116.png,1250,1778,0.703037
img/msb/1/msb-0117.png,1250,1780,0.702247
img/msb/1/msb-0118.png,1250,1802,0.693674
img/msb/1/msb-0119.png,1250,1786,0.699888
img/msb/1/msb-0120.png,1250,1802,0.693674
img/msb/1/msb-0121.png,1250,1800,0.694444
img/msb/1/msb-0122.png,1250,1785,0.70028
img/msb/1/msb-0123.png,1250,1779,0.702642
img/msb/1/msb-0124.png,1250,1787,0.699496
img/msb/1/msb-0125.png,1250,1750,0.714286
img/msb/1/msb-0126.png,1250,1882,0.664187
img/msb/1/msb-0127.png,1250,1794,0.696767
img/msb/1/msb-0128.png,1250,1769,0.706614
img/msb/1/msb-0129.png,1250,1792,0.697545
img/msb/1/msb-0130.png,1250,1838,0.680087
img/msb/1/msb-0131.png,1250,1800,0.694444
img/msb/1/msb-0132.png,1250,1788,0.699105
img/msb/1/msb-0133.png,1250,1789,0.698714
img/msb/1/msb-0134.png,1250,1759,0.710631
img/msb/1/msb-0135.png,1250,1778,0.703037
img/msb/1/msb-0136.png,1250,1785,0.70028
img/msb/1/msb-0137.png,1250,1804,0.692905
img/msb/1/msb-0138.png,1250,1844,0.677874
img/msb/1/msb-0139.png,1250,1787,0.699496
img/msb/1/msb-0140.png,1250,1759,0.710631
img/msb/1/msb-0141.png,1250,1797,0.695604
img/msb/1/msb-0142.png,1250,1767,0.707414
img/msb/1/msb-0143.png,1250,1781,0.701853
img/msb/1/msb-0144.png,1250,3394,0.368297
img/msb/1/msb-0145.png,1250,1793,0.697156
img/msb/1/msb-0146.png,1250,1818,0.687569
img/msb/1/msb-0147.png,1250,1784,0.700673
img/msb/1/msb-0148.png,1250,1789,0.698714
img/msb/1/msb-0149.png,1250,1770,0.706215
img/msb/1/msb-0150.png,1250,1791,0.697934
img/msb/1/msb-0151.png,1250,1797,0.695604
img/msb/1/msb-0152.png,1250,1777,0.703433
img/msb/1/msb-0153.png,1250,1779,0.702642
img/msb/1/msb-0154.png,1250,1792,0.697545
img/msb/1/msb-0155.png,1250,1768,0.707014
img/msb/1/msb-0156.png,1250,1772,0.705418
img/msb/1/msb-0157.png,1250,1779,0.702642
img/msb/1/msb-0158.png,1250,1782,0.701459
img/msb/1/msb-0159.png,1250,1799,0.69483
img/msb/1/msb-0160.png,1250,1863,0.670961
img/msb/1/msb-0161.png,1250,1766,0.707814
img/msb/1/msb-0162.png,1250,1779,0.702642
img/msb/1/msb-0163.png,1250,1785,0.70028
img/msb/1/msb-0164.png,1250,1788,0.699105
img/msb/1/msb-0165.png,1250,1780,0.702247
img/msb/1/msb-0166.png,1250,1779,0.702642
img/msb/1/msb-0167.png,1250,1769,0.706614
img/msb/1/msb-0168.png,1250,1780,0.702247
img/msb/1/msb-0169.png,1250,1792,0.697545
img/msb/1/msb-0170.png,1250,1776,0.703829
img/msb/1/msb-0171.png,1250,1772,0.705418
img/msb/1/msb-0172.png,1250,1790,0.698324
img/msb/1/msb-0173.png,1250,1784,0.700673
img/msb/1/msb-0174.png,1250,1783,0.701066
img/msb/1/msb-0175.png,1250,1791,0.697934
img/msb/1/msb-0176.png,1250,1765,0.708215
img/msb/1/msb-0177.png,1250,1798,0.695217
img/msb/1/msb-0178.png,1250,1778,0.703037
img/msb/1/msb-0179.png,1250,1865,0.670241
img/msb/1/msb-0180.png,1250,1815,0.688705
img/msb/1/msb-0181.png,1250,1778,0.703037
img/msb/1/msb-0182.png,1250,1806,0.692137
img/msb/1/msb-0183.png,1250,1781,0.701853
img/msb/1/msb-0184.png,1250,1813,0.689465
img/msb/1/msb-0185.png,1250,1789,0.698714
img/msb/1/msb-0186.png,1250,1773,0.70502
img/msb/1/msb-0187.png,1250,1766,0.707814
img/msb/1/msb-0188.png,1250,1780,0.702247
img/msb/1/msb-0189.png,1250,1759,0.710631
img/msb/1/msb-0190.png,1250,1798,0.695217
img/msb/1/msb-0191.png,1250,1764,0.708617
img/msb/1/msb-0192.png,1250,1803,0.693289
img/msb/1/msb-0193.png,1250,1806,0.692137
img/msb/1/msb-0194.png,1250,1779,0.702642
img/msb/1/msb-0195.png,1250,1793,0.697156
img/msb/1/msb-0196.png,1250,1796,0.695991
img/msb/1/msb-0197.png,1250,1754,0.712657
img/msb/1/msb-0198.png,1250,1786,0.699888
img/msb/1/msb-0199.png,1250,1788,0.699105
img/msb/2/msb-0200.png,1250,1794,0.696767
img/msb/2/msb-0201.png,1250,1784,0.700673
img/msb/2/msb-0202.png,1250,1795,0.696379
img/msb/2/msb-0203.png,1250,1786,0.699888
img/msb/2/msb-0204.png,1250,1780,0.702247
img/msb/2/msb-0205.png,1250,1763,0.709019
img/msb/2/msb-0206.png,1250,1780,0.702247
img/msb/2/msb-0207.png,1250,1767,0.707414
img/msb/2/msb-0208.png,1250,1798,0.695217
img/msb/2/msb-0209.png,1250,1779,0.702642
img/msb/2/msb-0210.png,1250,1790,0.698324
img/msb/2/msb-0211.png,1250,1760,0.710227
img/msb/2/msb-0212.png,1250,1811,0.690226
img/msb/2/msb-0213.png,1250,1823,0.685683
img/msb/2/msb-0214.png,1250,1768,0.707014
img/msb/2/msb-0215.png,1250,1774,0.704622
img/msb/2/msb-0216.png,1250,1795,0.696379
img/msb/2/msb-0217.png,1250,1785,0.70028
img/msb/2/msb-0218.png,1250,1766,0.707814
img/msb/2/msb-0219.png,1250,1778,0.703037
img/msb/2/msb-0220.png,1250,1766,0.707814
img/msb/2/msb-0221.png,1250,1769,0.706614
img/msb/2/msb-0222.png,1250,1771,0.705816
img/msb/2/msb-0223.png,1250,1781,0.701853
img/msb/2/msb-0224.png,1250,1791,0.697934
img/msb/2/msb-0225.png,1250,1797,0.695604
img/msb/2/msb-0226.png,1250,1758,0.711035
img/msb/2/msb-0227.png,1250,1781,0.701853
img/msb/2/msb-0228.png,1250,1783,0.701066
img/msb/2/msb-0229.png,1250,1793,0.697156
img/msb/2/msb-0230.png,1250,1782,0.701459
img/msb/2/msb-0231.png,1250,1783,0.701066
img/msb/2/msb-0232.png,1250,1799,0.69483
img/msb/2/msb-0233.png,1250,1801,0.694059
img/msb/2/msb-0234.png,1250,1767,0.707414
img/msb/2/msb-0235.png,1250,1770,0.706215
img/msb/2/msb-0236.png,1250,1783,0.701066
img/msb/2/msb-0237.png,1250,1763,0.709019
img/msb/2/msb-0238.png,1250,1780,0.702247
img/msb/2/msb-0239.png,1250,1794,0.696767
img/msb/2/msb-0240.png,1250,1762,0.709421
img/msb/2/msb-0241.png,1250,1787,0.699496
img/msb/2/msb-0242.png,1250,1800,0.694444
img/msb/2/msb-0243.png,1250,1786,0.699888
img/msb/2/msb-0244.png,1250,1823,0.685683
img/msb/2/msb-0245.png,1250,1801,0.694059
img/msb/2/msb-0246.png,1250,1786,0.699888
img/msb/2/msb-0247.png,1250,1769,0.706614
img/msb/2/msb-0248.png,1250,1764,0.708617
img/msb/2/msb-0249.png,1250,1776,0.703829
img/msb/2/msb-0250.png,1250,1810,0.690608
img/msb/2/msb-0251.png,1250,1769,0.706614
img/msb/2/msb-0252.png,1250,1773,0.70502
img/msb/2/msb-0253.png,1250,1798,0.695217
img/msb/2/msb-0254.png,1250,1794,0.696767
img/msb/2/msb-0255.png,1250,1757,0.71144
img/msb/2/msb-0256.png,1250,1775,0.704225
img/msb/2/msb-0257.png,1250,1767,0.707414
img/msb/2/msb-0258.png,1250,1755,0.712251
img/msb/2/msb-0259.png,1250,1772,0.705418
img/msb/2/msb-0260.png,1250,1771,0.705816
img/msb/2/msb-0261.png,1250,1753,0.713063
img/msb/2/msb-0262.png,1250,1769,0.706614
img/msb/2/msb-0263.png,1250,1783,0.701066
img/msb/2/msb-0264.png,1250,1782,0.701459
img/msb/2/msb-0265.png,1250,1779,0.702642
img/msb/2/msb-0266.png,1250,1805,0.692521
img/msb/2/msb-0267.png,1250,1790,0.698324
img/msb/2/msb-0268.png,1250,1806,0.692137
img/msb/2/msb-0269.png,1250,1844,0.677874
img/msb/2/msb-0270.png,1250,1855,0.673854
img/msb/2/msb-0271.png,1250,1847,0.676773
img/msb/2/msb-0272.png,1250,1852,0.674946
img/msb/2/msb-0273.png,1250,1858,0.672766
img/msb/2/msb-0274.png,1250,1850,0.675676
img/msb/2/msb-0275.png,1250,1850,0.675676
img/msb/2/msb-0276.png,1250,1858,0.672766
img/msb/2/msb-0277.png,1250,1849,0.676041
img/msb/2/msb-0278.png,1250,1857,0.673129
img/msb/2/msb-0279.png,1250,1848,0.676407
img/msb/2/msb-0280.png,1250,1155,1.08225
