img/ulq/0/ulq-0001.png,750,1336,0.561377
img/ulq/0/ulq-0002.png,750,1048,0.715649
img/ulq/0/ulq-0003.png,750,1202,0.62396
img/ulq/0/ulq-0004.png,750,1174,0.638842
img/ulq/0/ulq-0005.png,750,1131,0.66313
img/ulq/0/ulq-0006.png,750,1178,0.636672
img/ulq/0/ulq-0007.png,750,752,0.99734
img/ulq/0/ulq-0008.png,750,1429,0.524843
img/ulq/0/ulq-0009.png,750,1210,0.619835
img/ulq/0/ulq-0010.png,750,1287,0.582751
img/ulq/0/ulq-0011.png,750,1362,0.550661
img/ulq/0/ulq-0012.png,750,1161,0.645995
img/ulq/0/ulq-0013.png,750,1028,0.729572
img/ulq/0/ulq-0014.png,750,1172,0.639932
img/ulq/0/ulq-0015.png,750,1120,0.669643
img/ulq/0/ulq-0016.png,750,1183,0.633981
img/ulq/0/ulq-0017.png,750,1117,0.671441
img/ulq/0/ulq-0018.png,750,1121,0.669045
img/ulq/0/ulq-0019.png,750,1183,0.633981
img/ulq/0/ulq-0020.png,750,1193,0.628667
img/ulq/0/ulq-0021.png,750,1186,0.632378
img/ulq/0/ulq-0022.png,750,1093,0.686185
img/ulq/0/ulq-0023.png,750,1117,0.671441
img/ulq/0/ulq-0024.png,750,1238,0.605816
img/ulq/0/ulq-0025.png,750,1280,0.585938
img/ulq/0/ulq-0026.png,750,1250,0.6
img/ulq/0/ulq-0027.png,750,1174,0.638842
img/ulq/0/ulq-0028.png,750,1214,0.617792
img/ulq/0/ulq-0029.png,750,1320,0.568182
img/ulq/0/ulq-0030.png,750,1218,0.615764
img/ulq/0/ulq-0031.png,750,1200,0.625
img/ulq/0/ulq-0032.png,750,1219,0.615258
img/ulq/0/ulq-0033.png,750,1219,0.615258
img/ulq/0/ulq-0034.png,750,1245,0.60241
img/ulq/0/ulq-0035.png,750,456,1.64474
img/ulq/0/ulq-0036.png,750,466,1.60944
img/ulq/0/ulq-0037.png,750,453,1.65563
img/ulq/0/ulq-0038.png,750,455,1.64835
img/ulq/0/ulq-0039.png,750,451,1.66297
img/ulq/0/ulq-0040.png,750,1200,0.625
img/ulq/0/ulq-0041.png,750,1169,0.641574
img/ulq/0/ulq-0042.png,750,1183,0.633981
img/ulq/0/ulq-0043.png,750,1054,0.711575
img/ulq/0/ulq-0044.png,750,1122,0.668449
img/ulq/0/ulq-0045.png,750,975,0.769231
img/ulq/0/ulq-0046.png,750,1216,0.616776
img/ulq/0/ulq-0047.png,750,1115,0.672646
img/ulq/0/ulq-0048.png,750,1526,0.491481
img/ulq/0/ulq-0049.png,750,1791,0.41876
img/ulq/0/ulq-0050.png,750,1236,0.606796
img/ulq/0/ulq-0051.png,750,1126,0.666075
img/ulq/0/ulq-0052.png,750,874,0.858124
img/ulq/0/ulq-0053.png,750,932,0.804721
img/ulq/0/ulq-0054.png,750,1221,0.614251
img/ulq/0/ulq-0055.png,750,1197,0.626566
img/ulq/0/ulq-0056.png,750,1232,0.608766
img/ulq/0/ulq-0057.png,750,1171,0.640478
img/ulq/0/ulq-0058.png,750,1198,0.626043
img/ulq/0/ulq-0059.png,750,1207,0.621375
img/ulq/0/ulq-0060.png,750,1183,0.633981
img/ulq/0/ulq-0061.png,750,1120,0.669643
img/ulq/0/ulq-0062.png,750,1193,0.628667
img/ulq/0/ulq-0063.png,750,798,0.93985
img/ulq/0/ulq-0064.png,750,1208,0.620861
img/ulq/0/ulq-0065.png,750,1016,0.738189
img/ulq/0/ulq-0066.png,750,953,0.786988
img/ulq/0/ulq-0067.png,750,1206,0.621891
img/ulq/0/ulq-0068.png,750,1216,0.616776
img/ulq/0/ulq-0069.png,750,1205,0.622407
img/ulq/0/ulq-0070.png,750,461,1.6269
img/ulq/0/ulq-0071.png,750,554,1.35379
img/ulq/0/ulq-0072.png,750,1191,0.629723
img/ulq/0/ulq-0073.png,750,1199,0.625521
img/ulq/0/ulq-0074.png,750,1147,0.65388
img/ulq/0/ulq-0075.png,750,1232,0.608766
img/ulq/0/ulq-0076.png,750,1217,0.61627
img/ulq/0/ulq-0077.png,750,1220,0.614754
img/ulq/0/ulq-0078.png,750,1222,0.613748
img/ulq/0/ulq-0079.png,750,1245,0.60241
img/ulq/0/ulq-0080.png,750,1240,0.604839
img/ulq/0/ulq-0081.png,750,1235,0.607287
img/ulq/0/ulq-0082.png,750,1234,0.60778
img/ulq/0/ulq-0083.png,750,1233,0.608273
img/ulq/0/ulq-0084.png,750,1227,0.611247
img/ulq/0/ulq-0085.png,750,1185,0.632911
img/ulq/0/ulq-0086.png,750,1214,0.617792
img/ulq/0/ulq-0087.png,750,1245,0.60241
img/ulq/0/ulq-0088.png,750,1227,0.611247
img/ulq/0/ulq-0089.png,750,1251,0.59952
img/ulq/0/ulq-0090.png,750,1260,0.595238
img/ulq/0/ulq-0091.png,750,1242,0.603865
img/ulq/0/ulq-0092.png,750,1219,0.615258
img/ulq/0/ulq-0093.png,750,1249,0.60048
img/ulq/0/ulq-0094.png,750,1235,0.607287
img/ulq/0/ulq-0095.png,750,1225,0.612245
img/ulq/0/ulq-0096.png,750,1230,0.609756
img/ulq/0/ulq-0097.png,750,1266,0.592417
img/ulq/0/ulq-0098.png,750,1236,0.606796
img/ulq/0/ulq-0099.png,750,1186,0.632378
img/ulq/10/ulq-1000.png,750,1229,0.610252
img/ulq/10/ulq-1001.png,750,1250,0.6
img/ulq/10/ulq-1002.png,750,1163,0.644884
img/ulq/10/ulq-1003.png,750,1257,0.596659
img/ulq/10/ulq-1004.png,750,1268,0.591483
img/ulq/10/ulq-1005.png,750,1297,0.578258
img/ulq/10/ulq-1006.png,750,1254,0.598086
img/ulq/10/ulq-1007.png,750,1232,0.608766
img/ulq/10/ulq-1008.png,750,1279,0.586396
img/ulq/10/ulq-1009.png,750,1232,0.608766
img/ulq/10/ulq-1010.png,750,1273,0.589159
img/ulq/10/ulq-1011.png,750,1239,0.605327
img/ulq/10/ulq-1012.png,750,1239,0.605327
img/ulq/10/ulq-1013.png,750,1311,0.572082
img/ulq/10/ulq-1014.png,750,1200,0.625
img/ulq/10/ulq-1015.png,750,1302,0.576037
img/ulq/10/ulq-1016.png,750,1234,0.60778
img/ulq/10/ulq-1017.png,750,1224,0.612745
img/ulq/10/ulq-1018.png,750,1248,0.600962
img/ulq/10/ulq-1019.png,750,1243,0.603379
img/ulq/10/ulq-1020.png,750,1296,0.578704
img/ulq/10/ulq-1021.png,750,1241,0.604351
img/ulq/10/ulq-1022.png,750,1164,0.64433
img/ulq/10/ulq-1023.png,750,1226,0.611746
img/ulq/10/ulq-1024.png,750,1174,0.638842
img/ulq/10/ulq-1025.png,750,1221,0.614251
img/ulq/10/ulq-1026.png,750,1241,0.604351
img/ulq/10/ulq-1027.png,750,1229,0.610252
img/ulq/10/ulq-1028.png,750,1255,0.59761
img/ulq/10/ulq-1029.png,750,1271,0.590087
img/ulq/10/ulq-1030.png,750,1234,0.60778
img/ulq/10/ulq-1031.png,750,1257,0.596659
img/ulq/10/ulq-1032.png,750,1279,0.586396
img/ulq/10/ulq-1033.png,750,1242,0.603865
img/ulq/10/ulq-1034.png,750,1254,0.598086
img/ulq/10/ulq-1035.png,750,1235,0.607287
img/ulq/10/ulq-1036.png,750,1252,0.599042
img/ulq/10/ulq-1037.png,750,1254,0.598086
img/ulq/10/ulq-1038.png,750,1230,0.609756
img/ulq/10/ulq-1039.png,750,1245,0.60241
img/ulq/10/ulq-1040.png,750,1238,0.605816
img/ulq/10/ulq-1041.png,750,1254,0.598086
img/ulq/10/ulq-1042.png,750,1247,0.601443
img/ulq/10/ulq-1043.png,750,1234,0.60778
img/ulq/10/ulq-1044.png,750,1243,0.603379
img/ulq/10/ulq-1045.png,750,1247,0.601443
img/ulq/10/ulq-1046.png,750,1264,0.593354
img/ulq/10/ulq-1047.png,750,1278,0.586854
img/ulq/10/ulq-1048.png,750,1260,0.595238
img/ulq/10/ulq-1049.png,750,1247,0.601443
img/ulq/10/ulq-1050.png,750,1285,0.583658
img/ulq/10/ulq-1051.png,750,1262,0.594295
img/ulq/10/ulq-1052.png,750,1249,0.60048
img/ulq/10/ulq-1053.png,750,1231,0.609261
img/ulq/10/ulq-1054.png,750,1100,0.681818
img/ulq/10/ulq-1055.png,750,1192,0.629195
img/ulq/10/ulq-1056.png,750,1233,0.608273
img/ulq/10/ulq-1057.png,750,1244,0.602894
img/ulq/10/ulq-1058.png,750,1218,0.615764
img/ulq/10/ulq-1059.png,750,1227,0.611247
img/ulq/10/ulq-1060.png,750,1244,0.602894
img/ulq/10/ulq-1061.png,750,1223,0.613246
img/ulq/10/ulq-1062.png,750,1256,0.597134
img/ulq/10/ulq-1063.png,750,1236,0.606796
img/ulq/10/ulq-1064.png,750,1182,0.634518
img/ulq/10/ulq-1065.png,750,1238,0.605816
img/ulq/10/ulq-1066.png,750,1217,0.61627
img/ulq/10/ulq-1067.png,750,1223,0.613246
img/ulq/10/ulq-1068.png,750,1241,0.604351
img/ulq/10/ulq-1069.png,750,1225,0.612245
img/ulq/10/ulq-1070.png,750,1198,0.626043
img/ulq/10/ulq-1071.png,750,1249,0.60048
img/ulq/10/ulq-1072.png,750,1240,0.604839
img/ulq/10/ulq-1073.png,750,1238,0.605816
img/ulq/10/ulq-1074.png,750,1254,0.598086
img/ulq/10/ulq-1075.png,750,1227,0.611247
img/ulq/10/ulq-1076.png,750,1238,0.605816
img/ulq/10/ulq-1077.png,750,1236,0.606796
img/ulq/10/ulq-1078.png,750,1242,0.603865
img/ulq/10/ulq-1079.png,750,1269,0.591017
img/ulq/10/ulq-1080.png,750,1212,0.618812
img/ulq/10/ulq-1081.png,750,1269,0.591017
img/ulq/10/ulq-1082.png,750,1240,0.604839
img/ulq/10/ulq-1083.png,750,1227,0.611247
img/ulq/10/ulq-1084.png,750,1255,0.59761
img/ulq/10/ulq-1085.png,750,1239,0.605327
img/ulq/10/ulq-1086.png,750,1234,0.60778
img/ulq/10/ulq-1087.png,750,1237,0.606306
img/ulq/10/ulq-1088.png,750,1254,0.598086
img/ulq/10/ulq-1089.png,750,1228,0.610749
img/ulq/10/ulq-1090.png,750,1232,0.608766
img/ulq/10/ulq-1091.png,750,1228,0.610749
img/ulq/10/ulq-1092.png,750,1240,0.604839
img/ulq/10/ulq-1093.png,750,1235,0.607287
img/ulq/10/ulq-1094.png,750,1251,0.59952
img/ulq/10/ulq-1095.png,750,1295,0.579151
img/ulq/10/ulq-1096.png,750,1228,0.610749
img/ulq/10/ulq-1097.png,750,1279,0.586396
img/ulq/10/ulq-1098.png,750,1251,0.59952
img/ulq/10/ulq-1099.png,750,1235,0.607287
img/ulq/11/ulq-1100.png,750,1266,0.592417
img/ulq/11/ulq-1101.png,750,1241,0.604351
img/ulq/11/ulq-1102.png,750,1258,0.596184
img/ulq/11/ulq-1103.png,750,1249,0.60048
img/ulq/11/ulq-1104.png,750,1235,0.607287
img/ulq/11/ulq-1105.png,750,1251,0.59952
img/ulq/11/ulq-1106.png,750,1232,0.608766
img/ulq/11/ulq-1107.png,750,1227,0.611247
img/ulq/11/ulq-1108.png,750,1169,0.641574
img/ulq/11/ulq-1109.png,750,1231,0.609261
img/ulq/11/ulq-1110.png,750,1232,0.608766
img/ulq/11/ulq-1111.png,750,1243,0.603379
img/ulq/11/ulq-1112.png,750,1244,0.602894
img/ulq/11/ulq-1113.png,750,1266,0.592417
img/ulq/11/ulq-1114.png,750,1222,0.613748
img/ulq/11/ulq-1115.png,750,1227,0.611247
img/ulq/11/ulq-1116.png,750,1055,0.7109
img/ulq/11/ulq-1117.png,750,1220,0.614754
img/ulq/11/ulq-1118.png,750,1231,0.609261
img/ulq/11/ulq-1119.png,750,1189,0.630782
img/ulq/11/ulq-1120.png,750,1238,0.605816
img/ulq/11/ulq-1121.png,750,1223,0.613246
img/ulq/11/ulq-1122.png,750,1238,0.605816
img/ulq/11/ulq-1123.png,750,1193,0.628667
img/ulq/11/ulq-1124.png,750,1256,0.597134
img/ulq/11/ulq-1125.png,750,1210,0.619835
img/ulq/11/ulq-1126.png,750,1261,0.594766
img/ulq/11/ulq-1127.png,750,1221,0.614251
img/ulq/11/ulq-1128.png,750,1196,0.62709
img/ulq/11/ulq-1129.png,750,1234,0.60778
img/ulq/11/ulq-1130.png,750,1185,0.632911
img/ulq/11/ulq-1131.png,750,1238,0.605816
img/ulq/11/ulq-1132.png,750,1137,0.659631
img/ulq/11/ulq-1133.png,750,1221,0.614251
img/ulq/11/ulq-1134.png,750,1257,0.596659
img/ulq/11/ulq-1135.png,750,1211,0.619323
img/ulq/11/ulq-1136.png,750,1218,0.615764
img/ulq/11/ulq-1137.png,750,1238,0.605816
img/ulq/11/ulq-1138.png,750,1240,0.604839
img/ulq/11/ulq-1139.png,750,1235,0.607287
img/ulq/11/ulq-1140.png,750,1251,0.59952
img/ulq/11/ulq-1141.png,750,1237,0.606306
img/ulq/11/ulq-1142.png,750,1233,0.608273
img/ulq/11/ulq-1143.png,750,1228,0.610749
img/ulq/11/ulq-1144.png,750,1235,0.607287
img/ulq/11/ulq-1145.png,750,1277,0.587314
img/ulq/11/ulq-1146.png,750,1227,0.611247
img/ulq/11/ulq-1147.png,750,1237,0.606306
img/ulq/11/ulq-1148.png,750,1223,0.613246
img/ulq/11/ulq-1149.png,750,1245,0.60241
img/ulq/11/ulq-1150.png,750,1230,0.609756
img/ulq/11/ulq-1151.png,750,1199,0.625521
img/ulq/11/ulq-1152.png,750,1231,0.609261
img/ulq/11/ulq-1153.png,750,1253,0.598563
img/ulq/11/ulq-1154.png,750,1241,0.604351
img/ulq/11/ulq-1155.png,750,1241,0.604351
img/ulq/11/ulq-1156.png,750,1227,0.611247
img/ulq/11/ulq-1157.png,750,1210,0.619835
img/ulq/11/ulq-1158.png,750,1222,0.613748
img/ulq/11/ulq-1159.png,750,1233,0.608273
img/ulq/11/ulq-1160.png,750,1234,0.60778
img/ulq/11/ulq-1161.png,750,1239,0.605327
img/ulq/11/ulq-1162.png,750,1228,0.610749
img/ulq/11/ulq-1163.png,750,1100,0.681818
img/ulq/11/ulq-1164.png,750,1269,0.591017
img/ulq/11/ulq-1165.png,750,1241,0.604351
img/ulq/11/ulq-1166.png,750,1238,0.605816
img/ulq/11/ulq-1167.png,750,1238,0.605816
img/ulq/11/ulq-1168.png,750,1238,0.605816
img/ulq/11/ulq-1169.png,750,1261,0.594766
img/ulq/11/ulq-1170.png,750,1242,0.603865
img/ulq/11/ulq-1171.png,750,1249,0.60048
img/ulq/11/ulq-1172.png,750,1259,0.595711
img/ulq/11/ulq-1173.png,750,1227,0.611247
img/ulq/11/ulq-1174.png,750,1134,0.661376
img/ulq/11/ulq-1175.png,750,1232,0.608766
img/ulq/11/ulq-1176.png,750,1232,0.608766
img/ulq/11/ulq-1177.png,750,1248,0.600962
img/ulq/11/ulq-1178.png,750,1228,0.610749
img/ulq/11/ulq-1179.png,750,1233,0.608273
img/ulq/11/ulq-1180.png,750,1248,0.600962
img/ulq/11/ulq-1181.png,750,1223,0.613246
img/ulq/11/ulq-1182.png,750,1234,0.60778
img/ulq/11/ulq-1183.png,750,1235,0.607287
img/ulq/11/ulq-1184.png,750,1265,0.592885
img/ulq/11/ulq-1185.png,750,1296,0.578704
img/ulq/11/ulq-1186.png,750,1226,0.611746
img/ulq/11/ulq-1187.png,750,1191,0.629723
img/ulq/11/ulq-1188.png,750,1254,0.598086
img/ulq/11/ulq-1189.png,750,1212,0.618812
img/ulq/11/ulq-1190.png,750,1239,0.605327
img/ulq/11/ulq-1191.png,750,1246,0.601926
img/ulq/11/ulq-1192.png,750,1178,0.636672
img/ulq/11/ulq-1193.png,750,1228,0.610749
img/ulq/11/ulq-1194.png,750,1188,0.631313
img/ulq/11/ulq-1195.png,750,1238,0.605816
img/ulq/11/ulq-1196.png,750,1248,0.600962
img/ulq/11/ulq-1197.png,750,1233,0.608273
img/ulq/11/ulq-1198.png,750,1230,0.609756
img/ulq/11/ulq-1199.png,750,1233,0.608273
img/ulq/12/ulq-1200.png,750,1206,0.621891
img/ulq/12/ulq-1201.png,750,1148,0.65331
img/ulq/12/ulq-1202.png,750,1232,0.608766
img/ulq/12/ulq-1203.png,750,1220,0.614754
img/ulq/12/ulq-1204.png,750,1234,0.60778
img/ulq/12/ulq-1205.png,750,1255,0.59761
img/ulq/12/ulq-1206.png,750,1240,0.604839
img/ulq/12/ulq-1207.png,750,1227,0.611247
img/ulq/12/ulq-1208.png,750,1240,0.604839
img/ulq/12/ulq-1209.png,750,1227,0.611247
img/ulq/12/ulq-1210.png,750,1191,0.629723
img/ulq/12/ulq-1211.png,750,1231,0.609261
img/ulq/12/ulq-1212.png,750,1263,0.593824
img/ulq/12/ulq-1213.png,750,1211,0.619323
img/ulq/12/ulq-1214.png,750,1232,0.608766
img/ulq/12/ulq-1215.png,750,1233,0.608273
img/ulq/12/ulq-1216.png,750,1234,0.60778
img/ulq/12/ulq-1217.png,750,1276,0.587774
img/ulq/12/ulq-1218.png,750,1238,0.605816
img/ulq/12/ulq-1219.png,750,1262,0.594295
img/ulq/12/ulq-1220.png,750,1220,0.614754
img/ulq/12/ulq-1221.png,750,1236,0.606796
img/ulq/12/ulq-1222.png,750,1232,0.608766
img/ulq/12/ulq-1223.png,750,1245,0.60241
img/ulq/12/ulq-1224.png,750,1217,0.61627
img/ulq/12/ulq-1225.png,750,1291,0.580945
img/ulq/12/ulq-1226.png,750,1201,0.62448
img/ulq/12/ulq-1227.png,750,1243,0.603379
img/ulq/12/ulq-1228.png,750,1277,0.587314
img/ulq/12/ulq-1229.png,750,1200,0.625
img/ulq/12/ulq-1230.png,750,1245,0.60241
img/ulq/12/ulq-1231.png,750,1224,0.612745
img/ulq/12/ulq-1232.png,750,1241,0.604351
img/ulq/12/ulq-1233.png,750,1233,0.608273
img/ulq/12/ulq-1234.png,750,1244,0.602894
img/ulq/12/ulq-1235.png,750,1200,0.625
img/ulq/12/ulq-1236.png,750,1282,0.585023
img/ulq/12/ulq-1237.png,750,1196,0.62709
img/ulq/12/ulq-1238.png,750,1241,0.604351
img/ulq/12/ulq-1239.png,750,1201,0.62448
img/ulq/12/ulq-1240.png,750,1187,0.631845
img/ulq/12/ulq-1241.png,750,1204,0.622924
img/ulq/12/ulq-1242.png,750,1218,0.615764
img/ulq/12/ulq-1243.png,750,1226,0.611746
img/ulq/12/ulq-1244.png,750,1232,0.608766
img/ulq/12/ulq-1245.png,750,1214,0.617792
img/ulq/12/ulq-1246.png,750,1225,0.612245
img/ulq/12/ulq-1247.png,750,1229,0.610252
img/ulq/12/ulq-1248.png,750,1237,0.606306
img/ulq/12/ulq-1249.png,750,1233,0.608273
img/ulq/12/ulq-1250.png,750,1225,0.612245
img/ulq/12/ulq-1251.png,750,1189,0.630782
img/ulq/12/ulq-1252.png,750,1216,0.616776
img/ulq/12/ulq-1253.png,750,1206,0.621891
img/ulq/12/ulq-1254.png,750,1279,0.586396
img/ulq/12/ulq-1255.png,750,1262,0.594295
img/ulq/12/ulq-1256.png,750,1233,0.608273
img/ulq/12/ulq-1257.png,750,1230,0.609756
img/ulq/12/ulq-1258.png,750,1235,0.607287
img/ulq/12/ulq-1259.png,750,1233,0.608273
img/ulq/12/ulq-1260.png,750,1268,0.591483
img/ulq/12/ulq-1261.png,750,1234,0.60778
img/ulq/12/ulq-1262.png,750,1255,0.59761
img/ulq/12/ulq-1263.png,750,1164,0.64433
img/ulq/12/ulq-1264.png,750,1266,0.592417
img/ulq/12/ulq-1265.png,750,1264,0.593354
img/ulq/12/ulq-1266.png,750,1253,0.598563
img/ulq/12/ulq-1267.png,750,1247,0.601443
img/ulq/12/ulq-1268.png,750,1241,0.604351
img/ulq/12/ulq-1269.png,750,1269,0.591017
img/ulq/12/ulq-1270.png,750,1254,0.598086
img/ulq/12/ulq-1271.png,750,1270,0.590551
img/ulq/12/ulq-1272.png,750,1262,0.594295
img/ulq/12/ulq-1273.png,750,1215,0.617284
img/ulq/12/ulq-1274.png,750,1051,0.713606
img/ulq/12/ulq-1275.png,750,1116,0.672043
img/ulq/12/ulq-1276.png,750,1245,0.60241
img/ulq/12/ulq-1277.png,750,1240,0.604839
img/ulq/12/ulq-1278.png,750,1237,0.606306
img/ulq/12/ulq-1279.png,750,1220,0.614754
img/ulq/12/ulq-1280.png,750,1247,0.601443
img/ulq/12/ulq-1281.png,750,1286,0.583204
img/ulq/12/ulq-1282.png,750,1233,0.608273
img/ulq/12/ulq-1283.png,750,1191,0.629723
img/ulq/12/ulq-1284.png,750,1239,0.605327
img/ulq/12/ulq-1285.png,750,1253,0.598563
img/ulq/12/ulq-1286.png,750,1230,0.609756
img/ulq/12/ulq-1287.png,750,1222,0.613748
img/ulq/12/ulq-1288.png,750,1185,0.632911
img/ulq/12/ulq-1289.png,750,1264,0.593354
img/ulq/12/ulq-1290.png,750,1234,0.60778
img/ulq/12/ulq-1291.png,750,1246,0.601926
img/ulq/12/ulq-1292.png,750,1238,0.605816
img/ulq/12/ulq-1293.png,750,1187,0.631845
img/ulq/12/ulq-1294.png,750,1189,0.630782
img/ulq/12/ulq-1295.png,750,1235,0.607287
img/ulq/12/ulq-1296.png,750,1229,0.610252
img/ulq/12/ulq-1297.png,750,1254,0.598086
img/ulq/12/ulq-1298.png,750,1246,0.601926
img/ulq/12/ulq-1299.png,750,1251,0.59952
img/ulq/13/ulq-1300.png,750,1268,0.591483
img/ulq/13/ulq-1301.png,750,1245,0.60241
img/ulq/13/ulq-1302.png,750,1214,0.617792
img/ulq/13/ulq-1303.png,750,1232,0.608766
img/ulq/13/ulq-1304.png,750,1228,0.610749
img/ulq/13/ulq-1305.png,750,1233,0.608273
img/ulq/13/ulq-1306.png,750,1230,0.609756
img/ulq/13/ulq-1307.png,750,1237,0.606306
img/ulq/13/ulq-1308.png,750,1233,0.608273
img/ulq/13/ulq-1309.png,750,1232,0.608766
img/ulq/13/ulq-1310.png,750,1231,0.609261
img/ulq/13/ulq-1311.png,750,1126,0.666075
img/ulq/13/ulq-1312.png,750,1242,0.603865
img/ulq/13/ulq-1313.png,750,1225,0.612245
img/ulq/13/ulq-1314.png,750,1242,0.603865
img/ulq/13/ulq-1315.png,750,1258,0.596184
img/ulq/13/ulq-1316.png,750,1164,0.64433
img/ulq/13/ulq-1317.png,750,1249,0.60048
img/ulq/13/ulq-1318.png,750,1230,0.609756
img/ulq/13/ulq-1319.png,750,1229,0.610252
img/ulq/13/ulq-1320.png,750,1249,0.60048
img/ulq/13/ulq-1321.png,750,1259,0.595711
img/ulq/13/ulq-1322.png,750,1249,0.60048
img/ulq/13/ulq-1323.png,750,1248,0.600962
img/ulq/13/ulq-1324.png,750,1240,0.604839
img/ulq/13/ulq-1325.png,750,1238,0.605816
img/ulq/13/ulq-1326.png,750,1248,0.600962
img/ulq/13/ulq-1327.png,750,1252,0.599042
img/ulq/13/ulq-1328.png,750,1275,0.588235
img/ulq/13/ulq-1329.png,750,1235,0.607287
img/ulq/13/ulq-1330.png,750,1270,0.590551
img/ulq/13/ulq-1331.png,750,1267,0.591949
img/ulq/13/ulq-1332.png,750,1274,0.588697
img/ulq/13/ulq-1333.png,750,1251,0.59952
img/ulq/13/ulq-1334.png,750,1262,0.594295
img/ulq/13/ulq-1335.png,750,1213,0.618302
img/ulq/13/ulq-1336.png,750,1237,0.606306
img/ulq/13/ulq-1337.png,750,1251,0.59952
img/ulq/13/ulq-1338.png,750,1255,0.59761
img/ulq/13/ulq-1339.png,750,1182,0.634518
img/ulq/13/ulq-1340.png,750,1255,0.59761
img/ulq/13/ulq-1341.png,750,1249,0.60048
img/ulq/13/ulq-1342.png,750,1230,0.609756
img/ulq/13/ulq-1343.png,750,1245,0.60241
img/ulq/13/ulq-1344.png,750,1250,0.6
img/ulq/13/ulq-1345.png,750,1262,0.594295
img/ulq/13/ulq-1346.png,750,1269,0.591017
img/ulq/13/ulq-1347.png,750,1240,0.604839
img/ulq/13/ulq-1348.png,750,1251,0.59952
img/ulq/13/ulq-1349.png,750,1224,0.612745
img/ulq/13/ulq-1350.png,750,1239,0.605327
img/ulq/13/ulq-1351.png,750,1257,0.596659
img/ulq/13/ulq-1352.png,750,1230,0.609756
img/ulq/13/ulq-1353.png,750,1296,0.578704
img/ulq/13/ulq-1354.png,750,1257,0.596659
img/ulq/13/ulq-1355.png,750,1265,0.592885
img/ulq/13/ulq-1356.png,750,1214,0.617792
img/ulq/13/ulq-1357.png,750,1235,0.607287
img/ulq/13/ulq-1358.png,750,1235,0.607287
img/ulq/13/ulq-1359.png,750,1238,0.605816
img/ulq/13/ulq-1360.png,750,1176,0.637755
img/ulq/13/ulq-1361.png,750,1220,0.614754
img/ulq/13/ulq-1362.png,750,1203,0.623441
img/ulq/13/ulq-1363.png,750,1261,0.594766
img/ulq/13/ulq-1364.png,750,1223,0.613246
img/ulq/13/ulq-1365.png,750,1217,0.61627
img/ulq/13/ulq-1366.png,750,1249,0.60048
img/ulq/13/ulq-1367.png,750,1236,0.606796
img/ulq/13/ulq-1368.png,750,1217,0.61627
img/ulq/13/ulq-1369.png,750,1226,0.611746
img/ulq/13/ulq-1370.png,750,1250,0.6
img/ulq/13/ulq-1371.png,750,1235,0.607287
img/ulq/13/ulq-1372.png,750,1222,0.613748
img/ulq/13/ulq-1373.png,750,306,2.45098
img/ulq/13/ulq-1374.png,750,1092,0.686813
img/ulq/13/ulq-1375.png,750,1235,0.607287
img/ulq/13/ulq-1376.png,750,1196,0.62709
img/ulq/13/ulq-1377.png,750,1187,0.631845
img/ulq/13/ulq-1378.png,750,1225,0.612245
img/ulq/13/ulq-1379.png,750,1219,0.615258
img/ulq/13/ulq-1380.png,750,1230,0.609756
img/ulq/13/ulq-1381.png,750,1235,0.607287
img/ulq/13/ulq-1382.png,750,1219,0.615258
img/ulq/13/ulq-1383.png,750,1232,0.608766
img/ulq/13/ulq-1384.png,750,1212,0.618812
img/ulq/13/ulq-1385.png,750,1219,0.615258
img/ulq/13/ulq-1386.png,750,1211,0.619323
img/ulq/13/ulq-1387.png,750,1245,0.60241
img/ulq/13/ulq-1388.png,750,1231,0.609261
img/ulq/13/ulq-1389.png,750,1235,0.607287
img/ulq/13/ulq-1390.png,750,1237,0.606306
img/ulq/13/ulq-1391.png,750,1245,0.60241
img/ulq/13/ulq-1392.png,750,1244,0.602894
img/ulq/13/ulq-1393.png,750,1249,0.60048
img/ulq/13/ulq-1394.png,750,1222,0.613748
img/ulq/13/ulq-1395.png,750,1234,0.60778
img/ulq/13/ulq-1396.png,750,1240,0.604839
img/ulq/13/ulq-1397.png,750,1178,0.636672
img/ulq/13/ulq-1398.png,750,1224,0.612745
img/ulq/13/ulq-1399.png,750,1233,0.608273
img/ulq/14/ulq-1400.png,750,1233,0.608273
img/ulq/14/ulq-1401.png,750,1196,0.62709
img/ulq/14/ulq-1402.png,750,1201,0.62448
img/ulq/14/ulq-1403.png,750,1229,0.610252
img/ulq/14/ulq-1404.png,750,1190,0.630252
img/ulq/14/ulq-1405.png,750,1223,0.613246
img/ulq/14/ulq-1406.png,750,1242,0.603865
img/ulq/14/ulq-1407.png,750,1213,0.618302
img/ulq/14/ulq-1408.png,750,1222,0.613748
img/ulq/14/ulq-1409.png,750,1224,0.612745
img/ulq/14/ulq-1410.png,750,1212,0.618812
img/ulq/14/ulq-1411.png,750,1240,0.604839
img/ulq/14/ulq-1412.png,750,1237,0.606306
img/ulq/14/ulq-1413.png,750,1197,0.626566
img/ulq/14/ulq-1414.png,750,1242,0.603865
img/ulq/14/ulq-1415.png,750,1228,0.610749
img/ulq/14/ulq-1416.png,750,1232,0.608766
img/ulq/14/ulq-1417.png,750,1223,0.613246
img/ulq/14/ulq-1418.png,750,1221,0.614251
img/ulq/14/ulq-1419.png,750,1241,0.604351
img/ulq/14/ulq-1420.png,750,1236,0.606796
img/ulq/14/ulq-1421.png,750,1224,0.612745
img/ulq/14/ulq-1422.png,750,1229,0.610252
img/ulq/14/ulq-1423.png,750,1239,0.605327
img/ulq/14/ulq-1424.png,750,1231,0.609261
img/ulq/14/ulq-1425.png,750,1253,0.598563
img/ulq/14/ulq-1426.png,750,1217,0.61627
img/ulq/14/ulq-1427.png,750,1240,0.604839
img/ulq/14/ulq-1428.png,750,1220,0.614754
img/ulq/14/ulq-1429.png,750,1214,0.617792
img/ulq/14/ulq-1430.png,750,1237,0.606306
img/ulq/14/ulq-1431.png,750,1242,0.603865
img/ulq/14/ulq-1432.png,750,1233,0.608273
img/ulq/14/ulq-1433.png,750,1247,0.601443
img/ulq/14/ulq-1434.png,750,1249,0.60048
img/ulq/14/ulq-1435.png,750,1234,0.60778
img/ulq/14/ulq-1436.png,750,1249,0.60048
img/ulq/14/ulq-1437.png,750,1237,0.606306
img/ulq/14/ulq-1438.png,750,1254,0.598086
img/ulq/14/ulq-1439.png,750,1234,0.60778
img/ulq/14/ulq-1440.png,750,1238,0.605816
img/ulq/14/ulq-1441.png,750,1242,0.603865
img/ulq/14/ulq-1442.png,750,1225,0.612245
img/ulq/14/ulq-1443.png,750,1226,0.611746
img/ulq/14/ulq-1444.png,750,1231,0.609261
img/ulq/14/ulq-1445.png,750,1217,0.61627
img/ulq/14/ulq-1446.png,750,1235,0.607287
img/ulq/14/ulq-1447.png,750,1239,0.605327
img/ulq/14/ulq-1448.png,750,1214,0.617792
img/ulq/14/ulq-1449.png,750,1229,0.610252
img/ulq/14/ulq-1450.png,750,1223,0.613246
img/ulq/14/ulq-1451.png,750,1230,0.609756
img/ulq/14/ulq-1452.png,750,1233,0.608273
img/ulq/14/ulq-1453.png,750,1201,0.62448
img/ulq/14/ulq-1454.png,750,1260,0.595238
img/ulq/14/ulq-1455.png,750,1246,0.601926
img/ulq/14/ulq-1456.png,750,1219,0.615258
img/ulq/14/ulq-1457.png,750,1224,0.612745
img/ulq/14/ulq-1458.png,750,1242,0.603865
img/ulq/14/ulq-1459.png,750,1232,0.608766
img/ulq/14/ulq-1460.png,750,1235,0.607287
img/ulq/14/ulq-1461.png,750,1237,0.606306
img/ulq/14/ulq-1462.png,750,1227,0.611247
img/ulq/14/ulq-1463.png,750,1225,0.612245
img/ulq/14/ulq-1464.png,750,1145,0.655022
img/ulq/14/ulq-1465.png,750,1208,0.620861
img/ulq/14/ulq-1466.png,750,1234,0.60778
img/ulq/14/ulq-1467.png,750,1221,0.614251
img/ulq/14/ulq-1468.png,750,1247,0.601443
img/ulq/14/ulq-1469.png,750,1207,0.621375
img/ulq/14/ulq-1470.png,750,1202,0.62396
img/ulq/14/ulq-1471.png,750,1242,0.603865
img/ulq/14/ulq-1472.png,750,1234,0.60778
img/ulq/14/ulq-1473.png,750,1266,0.592417
img/ulq/14/ulq-1474.png,750,1229,0.610252
img/ulq/14/ulq-1475.png,750,1224,0.612745
img/ulq/14/ulq-1476.png,750,1225,0.612245
img/ulq/14/ulq-1477.png,750,1168,0.642123
img/ulq/14/ulq-1478.png,750,1222,0.613748
img/ulq/14/ulq-1479.png,750,1220,0.614754
img/ulq/14/ulq-1480.png,750,1232,0.608766
img/ulq/14/ulq-1481.png,750,1226,0.611746
img/ulq/14/ulq-1482.png,750,1140,0.657895
img/ulq/14/ulq-1483.png,750,1217,0.61627
img/ulq/14/ulq-1484.png,750,1241,0.604351
img/ulq/14/ulq-1485.png,750,1229,0.610252
img/ulq/14/ulq-1486.png,750,1234,0.60778
img/ulq/14/ulq-1487.png,750,1231,0.609261
img/ulq/14/ulq-1488.png,750,1231,0.609261
img/ulq/14/ulq-1489.png,750,1245,0.60241
img/ulq/14/ulq-1490.png,750,1220,0.614754
img/ulq/14/ulq-1491.png,750,1226,0.611746
img/ulq/14/ulq-1492.png,750,1238,0.605816
img/ulq/14/ulq-1493.png,750,1271,0.590087
img/ulq/14/ulq-1494.png,750,1181,0.635055
img/ulq/14/ulq-1495.png,750,1222,0.613748
img/ulq/14/ulq-1496.png,750,1248,0.600962
img/ulq/14/ulq-1497.png,750,1242,0.603865
img/ulq/14/ulq-1498.png,750,1226,0.611746
img/ulq/14/ulq-1499.png,750,1230,0.609756
img/ulq/15/ulq-1500.png,750,1241,0.604351
img/ulq/15/ulq-1501.png,750,1253,0.598563
img/ulq/15/ulq-1502.png,750,1228,0.610749
img/ulq/15/ulq-1503.png,750,1234,0.60778
img/ulq/15/ulq-1504.png,750,1244,0.602894
img/ulq/15/ulq-1505.png,750,1232,0.608766
img/ulq/15/ulq-1506.png,750,1225,0.612245
img/ulq/15/ulq-1507.png,750,1240,0.604839
img/ulq/15/ulq-1508.png,750,1238,0.605816
img/ulq/15/ulq-1509.png,750,1238,0.605816
img/ulq/15/ulq-1510.png,750,1172,0.639932
img/ulq/15/ulq-1511.png,750,1241,0.604351
img/ulq/15/ulq-1512.png,750,1226,0.611746
img/ulq/15/ulq-1513.png,750,1223,0.613246
img/ulq/15/ulq-1514.png,750,1259,0.595711
img/ulq/15/ulq-1515.png,750,1249,0.60048
img/ulq/15/ulq-1516.png,750,1245,0.60241
img/ulq/15/ulq-1517.png,750,1230,0.609756
img/ulq/15/ulq-1518.png,750,1266,0.592417
img/ulq/15/ulq-1519.png,750,1220,0.614754
img/ulq/15/ulq-1520.png,750,1214,0.617792
img/ulq/15/ulq-1521.png,750,1224,0.612745
img/ulq/15/ulq-1522.png,750,1225,0.612245
img/ulq/15/ulq-1523.png,750,1241,0.604351
img/ulq/15/ulq-1524.png,750,1232,0.608766
img/ulq/15/ulq-1525.png,750,1182,0.634518
img/ulq/15/ulq-1526.png,750,1059,0.708215
img/ulq/15/ulq-1527.png,750,1135,0.660793
img/ulq/15/ulq-1528.png,750,1229,0.610252
img/ulq/15/ulq-1529.png,750,1225,0.612245
img/ulq/15/ulq-1530.png,750,1256,0.597134
img/ulq/15/ulq-1531.png,750,1220,0.614754
img/ulq/15/ulq-1532.png,750,1249,0.60048
img/ulq/15/ulq-1533.png,750,1227,0.611247
img/ulq/15/ulq-1534.png,750,1236,0.606796
img/ulq/15/ulq-1535.png,750,1238,0.605816
img/ulq/15/ulq-1536.png,750,1245,0.60241
img/ulq/15/ulq-1537.png,750,1247,0.601443
img/ulq/15/ulq-1538.png,750,1225,0.612245
img/ulq/15/ulq-1539.png,750,1206,0.621891
img/ulq/15/ulq-1540.png,750,1200,0.625
img/ulq/15/ulq-1541.png,750,1206,0.621891
img/ulq/15/ulq-1542.png,750,1239,0.605327
img/ulq/15/ulq-1543.png,750,1212,0.618812
img/ulq/15/ulq-1544.png,750,1225,0.612245
img/ulq/15/ulq-1545.png,750,1214,0.617792
img/ulq/15/ulq-1546.png,750,1207,0.621375
img/ulq/15/ulq-1547.png,750,1234,0.60778
img/ulq/15/ulq-1548.png,750,1218,0.615764
img/ulq/15/ulq-1549.png,750,1233,0.608273
img/ulq/15/ulq-1550.png,750,1263,0.593824
img/ulq/15/ulq-1551.png,750,1234,0.60778
img/ulq/15/ulq-1552.png,750,1221,0.614251
img/ulq/15/ulq-1553.png,750,1255,0.59761
img/ulq/15/ulq-1554.png,750,1215,0.617284
img/ulq/15/ulq-1555.png,750,1206,0.621891
img/ulq/15/ulq-1556.png,750,1255,0.59761
img/ulq/15/ulq-1557.png,750,1223,0.613246
img/ulq/15/ulq-1558.png,750,1239,0.605327
img/ulq/15/ulq-1559.png,750,1230,0.609756
img/ulq/15/ulq-1560.png,750,1224,0.612745
img/ulq/15/ulq-1561.png,750,1230,0.609756
img/ulq/15/ulq-1562.png,750,1216,0.616776
img/ulq/15/ulq-1563.png,750,1242,0.603865
img/ulq/15/ulq-1564.png,750,1240,0.604839
img/ulq/15/ulq-1565.png,750,1229,0.610252
img/ulq/15/ulq-1566.png,750,1218,0.615764
img/ulq/15/ulq-1567.png,750,1212,0.618812
img/ulq/15/ulq-1568.png,750,1232,0.608766
img/ulq/15/ulq-1569.png,750,1238,0.605816
img/ulq/15/ulq-1570.png,750,1228,0.610749
img/ulq/15/ulq-1571.png,750,1244,0.602894
img/ulq/15/ulq-1572.png,750,1210,0.619835
img/ulq/15/ulq-1573.png,750,1165,0.643777
img/ulq/15/ulq-1574.png,750,1221,0.614251
img/ulq/15/ulq-1575.png,750,1150,0.652174
img/ulq/15/ulq-1576.png,750,1209,0.620347
img/ulq/15/ulq-1577.png,750,1247,0.601443
img/ulq/15/ulq-1578.png,750,1222,0.613748
img/ulq/15/ulq-1579.png,750,1216,0.616776
img/ulq/15/ulq-1580.png,750,1213,0.618302
img/ulq/15/ulq-1581.png,750,1196,0.62709
img/ulq/15/ulq-1582.png,750,1217,0.61627
img/ulq/15/ulq-1583.png,750,1219,0.615258
img/ulq/15/ulq-1584.png,750,1216,0.616776
img/ulq/15/ulq-1585.png,750,1201,0.62448
img/ulq/15/ulq-1586.png,750,1221,0.614251
img/ulq/15/ulq-1587.png,750,1237,0.606306
img/ulq/15/ulq-1588.png,750,1249,0.60048
img/ulq/15/ulq-1589.png,750,1251,0.59952
img/ulq/15/ulq-1590.png,750,1194,0.628141
img/ulq/15/ulq-1591.png,750,1204,0.622924
img/ulq/15/ulq-1592.png,750,1207,0.621375
img/ulq/15/ulq-1593.png,750,1269,0.591017
img/ulq/15/ulq-1594.png,750,1212,0.618812
img/ulq/15/ulq-1595.png,750,1241,0.604351
img/ulq/15/ulq-1596.png,750,1238,0.605816
img/ulq/15/ulq-1597.png,750,1259,0.595711
img/ulq/15/ulq-1598.png,750,1199,0.625521
img/ulq/15/ulq-1599.png,750,1199,0.625521
img/ulq/16/ulq-1600.png,750,1228,0.610749
img/ulq/16/ulq-1601.png,750,1243,0.603379
img/ulq/16/ulq-1602.png,750,1245,0.60241
img/ulq/16/ulq-1603.png,750,1167,0.642674
img/ulq/16/ulq-1604.png,750,1241,0.604351
img/ulq/16/ulq-1605.png,750,1236,0.606796
img/ulq/16/ulq-1606.png,750,1232,0.608766
img/ulq/16/ulq-1607.png,750,1236,0.606796
img/ulq/16/ulq-1608.png,750,1227,0.611247
img/ulq/16/ulq-1609.png,750,1234,0.60778
img/ulq/16/ulq-1610.png,750,1209,0.620347
img/ulq/16/ulq-1611.png,750,1229,0.610252
img/ulq/16/ulq-1612.png,750,1231,0.609261
img/ulq/16/ulq-1613.png,750,1191,0.629723
img/ulq/16/ulq-1614.png,750,1278,0.586854
img/ulq/16/ulq-1615.png,750,1268,0.591483
img/ulq/16/ulq-1616.png,750,1202,0.62396
img/ulq/16/ulq-1617.png,750,1250,0.6
img/ulq/16/ulq-1618.png,750,1230,0.609756
img/ulq/16/ulq-1619.png,750,1224,0.612745
img/ulq/16/ulq-1620.png,750,1252,0.599042
img/ulq/16/ulq-1621.png,750,1240,0.604839
img/ulq/16/ulq-1622.png,750,1260,0.595238
img/ulq/16/ulq-1623.png,750,1285,0.583658
img/ulq/16/ulq-1624.png,750,1232,0.608766
img/ulq/16/ulq-1625.png,750,1260,0.595238
img/ulq/16/ulq-1626.png,750,1228,0.610749
img/ulq/16/ulq-1627.png,750,1226,0.611746
img/ulq/16/ulq-1628.png,750,1213,0.618302
img/ulq/16/ulq-1629.png,750,1222,0.613748
img/ulq/16/ulq-1630.png,750,1240,0.604839
img/ulq/16/ulq-1631.png,750,1238,0.605816
img/ulq/16/ulq-1632.png,750,1234,0.60778
img/ulq/16/ulq-1633.png,750,909,0.825083
img/ulq/16/ulq-1634.png,750,1119,0.670241
img/ulq/16/ulq-1635.png,750,1153,0.650477
img/ulq/16/ulq-1636.png,750,1267,0.591949
img/ulq/16/ulq-1637.png,750,1235,0.607287
img/ulq/16/ulq-1638.png,750,1218,0.615764
img/ulq/16/ulq-1639.png,750,1234,0.60778
img/ulq/16/ulq-1640.png,750,1222,0.613748
img/ulq/16/ulq-1641.png,750,1233,0.608273
img/ulq/16/ulq-1642.png,750,1227,0.611247
img/ulq/16/ulq-1643.png,750,1230,0.609756
img/ulq/16/ulq-1644.png,750,1239,0.605327
img/ulq/16/ulq-1645.png,750,1226,0.611746
img/ulq/16/ulq-1646.png,750,1225,0.612245
img/ulq/16/ulq-1647.png,750,1211,0.619323
img/ulq/16/ulq-1648.png,750,1235,0.607287
img/ulq/16/ulq-1649.png,750,1232,0.608766
img/ulq/16/ulq-1650.png,750,1227,0.611247
img/ulq/16/ulq-1651.png,750,1216,0.616776
img/ulq/16/ulq-1652.png,750,1196,0.62709
img/ulq/16/ulq-1653.png,750,1238,0.605816
img/ulq/16/ulq-1654.png,750,1246,0.601926
img/ulq/16/ulq-1655.png,750,1261,0.594766
img/ulq/16/ulq-1656.png,750,1227,0.611247
img/ulq/16/ulq-1657.png,750,1246,0.601926
img/ulq/16/ulq-1658.png,750,1237,0.606306
img/ulq/16/ulq-1659.png,750,1246,0.601926
img/ulq/16/ulq-1660.png,750,1255,0.59761
img/ulq/16/ulq-1661.png,750,1256,0.597134
img/ulq/16/ulq-1662.png,750,1237,0.606306
img/ulq/16/ulq-1663.png,750,1242,0.603865
img/ulq/16/ulq-1664.png,750,1229,0.610252
img/ulq/16/ulq-1665.png,750,1231,0.609261
img/ulq/16/ulq-1666.png,750,1229,0.610252
img/ulq/16/ulq-1667.png,750,1231,0.609261
img/ulq/16/ulq-1668.png,750,1257,0.596659
img/ulq/16/ulq-1669.png,750,1221,0.614251
img/ulq/16/ulq-1670.png,750,1238,0.605816
img/ulq/16/ulq-1671.png,750,1232,0.608766
img/ulq/16/ulq-1672.png,750,1245,0.60241
img/ulq/16/ulq-1673.png,750,1252,0.599042
img/ulq/16/ulq-1674.png,750,1237,0.606306
img/ulq/16/ulq-1675.png,750,1245,0.60241
img/ulq/16/ulq-1676.png,750,1247,0.601443
img/ulq/16/ulq-1677.png,750,1238,0.605816
img/ulq/16/ulq-1678.png,750,1236,0.606796
img/ulq/16/ulq-1679.png,750,1242,0.603865
img/ulq/16/ulq-1680.png,750,1246,0.601926
img/ulq/16/ulq-1681.png,750,1158,0.647668
img/ulq/16/ulq-1682.png,750,1232,0.608766
img/ulq/16/ulq-1683.png,750,1257,0.596659
img/ulq/16/ulq-1684.png,750,1174,0.638842
img/ulq/16/ulq-1685.png,750,1256,0.597134
img/ulq/16/ulq-1686.png,750,1245,0.60241
img/ulq/16/ulq-1687.png,750,1238,0.605816
img/ulq/16/ulq-1688.png,750,1248,0.600962
img/ulq/16/ulq-1689.png,750,1230,0.609756
img/ulq/16/ulq-1690.png,750,1225,0.612245
img/ulq/16/ulq-1691.png,750,1240,0.604839
img/ulq/16/ulq-1692.png,750,1235,0.607287
img/ulq/16/ulq-1693.png,750,1253,0.598563
img/ulq/16/ulq-1694.png,750,1248,0.600962
img/ulq/16/ulq-1695.png,750,1236,0.606796
img/ulq/16/ulq-1696.png,750,1240,0.604839
img/ulq/16/ulq-1697.png,750,1233,0.608273
img/ulq/16/ulq-1698.png,750,1239,0.605327
img/ulq/16/ulq-1699.png,750,1240,0.604839
img/ulq/17/ulq-1700.png,750,1312,0.571646
img/ulq/17/ulq-1701.png,750,1219,0.615258
img/ulq/17/ulq-1702.png,750,1245,0.60241
img/ulq/17/ulq-1703.png,750,1240,0.604839
img/ulq/17/ulq-1704.png,750,1296,0.578704
img/ulq/17/ulq-1705.png,750,1230,0.609756
img/ulq/17/ulq-1706.png,750,1251,0.59952
img/ulq/17/ulq-1707.png,750,1248,0.600962
img/ulq/17/ulq-1708.png,750,1242,0.603865
img/ulq/17/ulq-1709.png,750,1228,0.610749
img/ulq/17/ulq-1710.png,750,1236,0.606796
img/ulq/17/ulq-1711.png,750,1239,0.605327
img/ulq/17/ulq-1712.png,750,1239,0.605327
img/ulq/17/ulq-1713.png,750,1229,0.610252
img/ulq/17/ulq-1714.png,750,1238,0.605816
img/ulq/17/ulq-1715.png,750,1202,0.62396
img/ulq/17/ulq-1716.png,750,1257,0.596659
img/ulq/17/ulq-1717.png,750,1234,0.60778
img/ulq/17/ulq-1718.png,750,1252,0.599042
img/ulq/17/ulq-1719.png,750,1234,0.60778
img/ulq/17/ulq-1720.png,750,1284,0.584112
img/ulq/17/ulq-1721.png,750,1238,0.605816
img/ulq/17/ulq-1722.png,750,1226,0.611746
img/ulq/17/ulq-1723.png,750,1237,0.606306
img/ulq/17/ulq-1724.png,750,1249,0.60048
img/ulq/17/ulq-1725.png,750,1250,0.6
img/ulq/17/ulq-1726.png,750,1248,0.600962
img/ulq/17/ulq-1727.png,750,1235,0.607287
img/ulq/17/ulq-1728.png,750,1226,0.611746
img/ulq/17/ulq-1729.png,750,1235,0.607287
img/ulq/17/ulq-1730.png,750,1225,0.612245
img/ulq/17/ulq-1731.png,750,1240,0.604839
img/ulq/17/ulq-1732.png,750,1234,0.60778
img/ulq/17/ulq-1733.png,750,1215,0.617284
img/ulq/17/ulq-1734.png,750,1253,0.598563
img/ulq/17/ulq-1735.png,750,1157,0.648228
img/ulq/17/ulq-1736.png,750,1136,0.660211
img/ulq/17/ulq-1737.png,750,1238,0.605816
img/ulq/17/ulq-1738.png,750,1230,0.609756
img/ulq/17/ulq-1739.png,750,1231,0.609261
img/ulq/17/ulq-1740.png,750,1243,0.603379
img/ulq/17/ulq-1741.png,750,1239,0.605327
img/ulq/17/ulq-1742.png,750,1245,0.60241
img/ulq/17/ulq-1743.png,750,1236,0.606796
img/ulq/17/ulq-1744.png,750,1235,0.607287
img/ulq/17/ulq-1745.png,750,1232,0.608766
img/ulq/17/ulq-1746.png,750,1231,0.609261
img/ulq/17/ulq-1747.png,750,1329,0.564334
img/ulq/17/ulq-1748.png,750,1242,0.603865
img/ulq/17/ulq-1749.png,750,1252,0.599042
img/ulq/17/ulq-1750.png,750,1232,0.608766
img/ulq/17/ulq-1751.png,750,1236,0.606796
img/ulq/17/ulq-1752.png,750,1257,0.596659
img/ulq/17/ulq-1753.png,750,1232,0.608766
img/ulq/17/ulq-1754.png,750,1241,0.604351
img/ulq/17/ulq-1755.png,750,1288,0.582298
img/ulq/17/ulq-1756.png,750,1237,0.606306
img/ulq/17/ulq-1757.png,750,1247,0.601443
img/ulq/17/ulq-1758.png,750,1256,0.597134
img/ulq/17/ulq-1759.png,750,1236,0.606796
img/ulq/17/ulq-1760.png,750,1204,0.622924
img/ulq/17/ulq-1761.png,750,1235,0.607287
img/ulq/17/ulq-1762.png,750,1235,0.607287
img/ulq/17/ulq-1763.png,750,1242,0.603865
img/ulq/17/ulq-1764.png,750,1235,0.607287
img/ulq/17/ulq-1765.png,750,1261,0.594766
img/ulq/17/ulq-1766.png,750,1224,0.612745
img/ulq/17/ulq-1767.png,750,1240,0.604839
img/ulq/17/ulq-1768.png,750,1234,0.60778
img/ulq/17/ulq-1769.png,750,1235,0.607287
img/ulq/17/ulq-1770.png,750,1293,0.580046
img/ulq/17/ulq-1771.png,750,1060,0.707547
img/ulq/17/ulq-1772.png,750,1244,0.602894
img/ulq/17/ulq-1773.png,750,1228,0.610749
img/ulq/17/ulq-1774.png,750,1236,0.606796
img/ulq/17/ulq-1775.png,750,1245,0.60241
img/ulq/17/ulq-1776.png,750,1246,0.601926
img/ulq/17/ulq-1777.png,750,1256,0.597134
img/ulq/17/ulq-1778.png,750,1241,0.604351
img/ulq/17/ulq-1779.png,750,1242,0.603865
img/ulq/17/ulq-1780.png,750,1246,0.601926
img/ulq/17/ulq-1781.png,750,1248,0.600962
img/ulq/17/ulq-1782.png,750,1233,0.608273
img/ulq/17/ulq-1783.png,750,1239,0.605327
img/ulq/17/ulq-1784.png,750,1284,0.584112
img/ulq/17/ulq-1785.png,750,1250,0.6
img/ulq/17/ulq-1786.png,750,1229,0.610252
img/ulq/17/ulq-1787.png,750,1244,0.602894
img/ulq/17/ulq-1788.png,750,1277,0.587314
img/ulq/17/ulq-1789.png,750,1231,0.609261
img/ulq/17/ulq-1790.png,750,1237,0.606306
img/ulq/17/ulq-1791.png,750,1233,0.608273
img/ulq/17/ulq-1792.png,750,1265,0.592885
img/ulq/17/ulq-1793.png,750,1243,0.603379
img/ulq/17/ulq-1794.png,750,1223,0.613246
img/ulq/17/ulq-1795.png,750,1229,0.610252
img/ulq/17/ulq-1796.png,750,1241,0.604351
img/ulq/17/ulq-1797.png,750,1268,0.591483
img/ulq/17/ulq-1798.png,750,1237,0.606306
img/ulq/17/ulq-1799.png,750,1233,0.608273
img/ulq/18/ulq-1800.png,750,1217,0.61627
img/ulq/18/ulq-1801.png,750,1182,0.634518
img/ulq/18/ulq-1802.png,750,1231,0.609261
img/ulq/18/ulq-1803.png,750,1239,0.605327
img/ulq/18/ulq-1804.png,750,1226,0.611746
img/ulq/18/ulq-1805.png,750,1164,0.64433
img/ulq/18/ulq-1806.png,750,1233,0.608273
img/ulq/18/ulq-1807.png,750,1278,0.586854
img/ulq/18/ulq-1808.png,750,1250,0.6
img/ulq/18/ulq-1809.png,750,1296,0.578704
img/ulq/18/ulq-1810.png,750,1303,0.575595
img/ulq/18/ulq-1811.png,750,1241,0.604351
img/ulq/18/ulq-1812.png,750,1253,0.598563
img/ulq/18/ulq-1813.png,750,1247,0.601443
img/ulq/18/ulq-1814.png,750,1191,0.629723
img/ulq/18/ulq-1815.png,750,1244,0.602894
img/ulq/18/ulq-1816.png,750,1239,0.605327
img/ulq/18/ulq-1817.png,750,1179,0.636132
img/ulq/18/ulq-1818.png,750,1310,0.572519
img/ulq/18/ulq-1819.png,750,1237,0.606306
img/ulq/18/ulq-1820.png,750,1241,0.604351
img/ulq/18/ulq-1821.png,750,1233,0.608273
img/ulq/18/ulq-1822.png,750,1235,0.607287
img/ulq/18/ulq-1823.png,750,1242,0.603865
img/ulq/18/ulq-1824.png,750,1231,0.609261
img/ulq/18/ulq-1825.png,750,1270,0.590551
img/ulq/18/ulq-1826.png,750,1298,0.577812
img/ulq/18/ulq-1827.png,750,1205,0.622407
img/ulq/18/ulq-1828.png,750,1234,0.60778
img/ulq/18/ulq-1829.png,750,1252,0.599042
img/ulq/18/ulq-1830.png,750,1228,0.610749
img/ulq/18/ulq-1831.png,750,1226,0.611746
img/ulq/18/ulq-1832.png,750,1248,0.600962
img/ulq/18/ulq-1833.png,750,1324,0.566465
img/ulq/18/ulq-1834.png,750,1249,0.60048
img/ulq/18/ulq-1835.png,750,1235,0.607287
img/ulq/18/ulq-1836.png,750,1310,0.572519
img/ulq/18/ulq-1837.png,750,1235,0.607287
img/ulq/18/ulq-1838.png,750,1065,0.704225
img/ulq/18/ulq-1839.png,750,1247,0.601443
img/ulq/18/ulq-1840.png,750,1245,0.60241
img/ulq/18/ulq-1841.png,750,1237,0.606306
img/ulq/18/ulq-1842.png,750,1233,0.608273
img/ulq/18/ulq-1843.png,750,1188,0.631313
img/ulq/18/ulq-1844.png,750,1256,0.597134
img/ulq/18/ulq-1845.png,750,1239,0.605327
img/ulq/18/ulq-1846.png,750,1191,0.629723
img/ulq/18/ulq-1847.png,750,1248,0.600962
img/ulq/18/ulq-1848.png,750,1228,0.610749
img/ulq/18/ulq-1849.png,750,1249,0.60048
img/ulq/18/ulq-1850.png,750,1241,0.604351
img/ulq/18/ulq-1851.png,750,1227,0.611247
img/ulq/18/ulq-1852.png,750,1256,0.597134
img/ulq/18/ulq-1853.png,750,1191,0.629723
img/ulq/18/ulq-1854.png,750,1242,0.603865
img/ulq/18/ulq-1855.png,750,1257,0.596659
img/ulq/18/ulq-1856.png,750,1258,0.596184
img/ulq/1/ulq-0100.png,750,1226,0.611746
img/ulq/1/ulq-0101.png,750,1285,0.583658
img/ulq/1/ulq-0102.png,750,1226,0.611746
img/ulq/1/ulq-0103.png,750,1227,0.611247
img/ulq/1/ulq-0104.png,750,1239,0.605327
img/ulq/1/ulq-0105.png,750,1128,0.664894
img/ulq/1/ulq-0106.png,750,1190,0.630252
img/ulq/1/ulq-0107.png,750,1198,0.626043
img/ulq/1/ulq-0108.png,750,1816,0.412996
img/ulq/1/ulq-0109.png,750,1886,0.397667
img/ulq/1/ulq-0110.png,750,1946,0.385406
img/ulq/1/ulq-0111.png,750,1922,0.390219
img/ulq/1/ulq-0112.png,750,1902,0.394322
img/ulq/1/ulq-0113.png,750,1905,0.393701
img/ulq/1/ulq-0114.png,750,1893,0.396197
img/ulq/1/ulq-0115.png,750,1875,0.4
img/ulq/1/ulq-0116.png,750,1967,0.381291
img/ulq/1/ulq-0117.png,750,1867,0.401714
img/ulq/1/ulq-0118.png,750,1909,0.392876
img/ulq/1/ulq-0119.png,750,1934,0.387797
img/ulq/1/ulq-0120.png,750,1913,0.392054
img/ulq/1/ulq-0121.png,750,1830,0.409836
img/ulq/1/ulq-0122.png,750,1872,0.400641
img/ulq/1/ulq-0123.png,750,1855,0.404313
img/ulq/1/ulq-0124.png,750,1886,0.397667
img/ulq/1/ulq-0125.png,750,1903,0.394115
img/ulq/1/ulq-0126.png,750,1951,0.384418
img/ulq/1/ulq-0127.png,750,1895,0.395778
img/ulq/1/ulq-0128.png,750,1855,0.404313
img/ulq/1/ulq-0129.png,750,1896,0.39557
img/ulq/1/ulq-0130.png,750,1880,0.398936
img/ulq/1/ulq-0131.png,750,1809,0.414594
img/ulq/1/ulq-0132.png,750,1824,0.411184
img/ulq/1/ulq-0133.png,750,1835,0.408719
img/ulq/1/ulq-0134.png,750,1725,0.434783
img/ulq/1/ulq-0135.png,750,1843,0.406945
img/ulq/1/ulq-0136.png,750,1888,0.397246
img/ulq/1/ulq-0137.png,750,1849,0.405625
img/ulq/1/ulq-0138.png,750,1853,0.404749
img/ulq/1/ulq-0139.png,750,1985,0.377834
img/ulq/1/ulq-0140.png,750,1865,0.402145
img/ulq/1/ulq-0141.png,750,1854,0.404531
img/ulq/1/ulq-0142.png,750,1827,0.410509
img/ulq/1/ulq-0143.png,750,1931,0.3884
img/ulq/1/ulq-0144.png,750,1141,0.657318
img/ulq/1/ulq-0145.png,750,1637,0.458155
img/ulq/1/ulq-0146.png,750,2408,0.311462
img/ulq/1/ulq-0147.png,750,1841,0.407387
img/ulq/1/ulq-0148.png,750,1827,0.410509
img/ulq/1/ulq-0149.png,750,1860,0.403226
img/ulq/1/ulq-0150.png,750,1851,0.405186
img/ulq/1/ulq-0151.png,750,1813,0.413679
img/ulq/1/ulq-0152.png,750,1859,0.403443
img/ulq/1/ulq-0153.png,750,1932,0.388199
img/ulq/1/ulq-0154.png,750,1893,0.396197
img/ulq/1/ulq-0155.png,750,1900,0.394737
img/ulq/1/ulq-0156.png,750,1856,0.404095
img/ulq/1/ulq-0157.png,750,1893,0.396197
img/ulq/1/ulq-0158.png,750,1766,0.424689
img/ulq/1/ulq-0159.png,750,1835,0.408719
img/ulq/1/ulq-0160.png,750,1735,0.432277
img/ulq/1/ulq-0161.png,750,2235,0.33557
img/ulq/1/ulq-0162.png,750,1846,0.406284
img/ulq/1/ulq-0163.png,750,1832,0.409389
img/ulq/1/ulq-0164.png,750,1906,0.393494
img/ulq/1/ulq-0165.png,750,1089,0.688705
img/ulq/1/ulq-0166.png,750,1796,0.417595
img/ulq/1/ulq-0167.png,750,1082,0.693161
img/ulq/1/ulq-0168.png,750,1886,0.397667
img/ulq/1/ulq-0169.png,750,1847,0.406064
img/ulq/1/ulq-0170.png,750,1856,0.404095
img/ulq/1/ulq-0171.png,750,1823,0.41141
img/ulq/1/ulq-0172.png,750,1843,0.406945
img/ulq/1/ulq-0173.png,750,1820,0.412088
img/ulq/1/ulq-0174.png,750,1847,0.406064
img/ulq/1/ulq-0175.png,750,1902,0.394322
img/ulq/1/ulq-0176.png,750,1922,0.390219
img/ulq/1/ulq-0177.png,750,1852,0.404968
img/ulq/1/ulq-0178.png,750,2289,0.327654
img/ulq/1/ulq-0179.png,750,1835,0.408719
img/ulq/1/ulq-0180.png,750,1771,0.42349
img/ulq/1/ulq-0181.png,750,1857,0.403877
img/ulq/1/ulq-0182.png,750,1860,0.403226
img/ulq/1/ulq-0183.png,750,1912,0.392259
img/ulq/1/ulq-0184.png,750,1868,0.401499
img/ulq/1/ulq-0185.png,750,1907,0.393288
img/ulq/1/ulq-0186.png,750,1750,0.428571
img/ulq/1/ulq-0187.png,750,1762,0.425653
img/ulq/1/ulq-0188.png,750,1831,0.409612
img/ulq/1/ulq-0189.png,750,1801,0.416435
img/ulq/1/ulq-0190.png,750,1848,0.405844
img/ulq/1/ulq-0191.png,750,1883,0.398301
img/ulq/1/ulq-0192.png,750,1847,0.406064
img/ulq/1/ulq-0193.png,750,1865,0.402145
img/ulq/1/ulq-0194.png,750,1895,0.395778
img/ulq/1/ulq-0195.png,750,1658,0.452352
img/ulq/1/ulq-0196.png,750,1864,0.402361
img/ulq/1/ulq-0197.png,750,1901,0.394529
img/ulq/1/ulq-0198.png,750,1895,0.395778
img/ulq/1/ulq-0199.png,750,1886,0.397667
img/ulq/1/ulq-100.png,750,1239,0.605327
img/ulq/2/ulq-0200.png,750,1755,0.42735
img/ulq/2/ulq-0201.png,750,1835,0.408719
img/ulq/2/ulq-0202.png,750,1830,0.409836
img/ulq/2/ulq-0203.png,750,2413,0.310816
img/ulq/2/ulq-0204.png,750,1836,0.408497
img/ulq/2/ulq-0205.png,750,1818,0.412541
img/ulq/2/ulq-0206.png,750,1886,0.397667
img/ulq/2/ulq-0207.png,750,1898,0.395153
img/ulq/2/ulq-0208.png,750,1876,0.399787
img/ulq/2/ulq-0209.png,750,1867,0.401714
img/ulq/2/ulq-0210.png,750,1925,0.38961
img/ulq/2/ulq-0211.png,750,1848,0.405844
img/ulq/2/ulq-0212.png,750,1767,0.424448
img/ulq/2/ulq-0213.png,750,1854,0.404531
img/ulq/2/ulq-0214.png,750,1869,0.401284
img/ulq/2/ulq-0215.png,750,1850,0.405405
img/ulq/2/ulq-0216.png,750,1892,0.396406
img/ulq/2/ulq-0217.png,750,1858,0.40366
img/ulq/2/ulq-0218.png,750,1777,0.42206
img/ulq/2/ulq-0219.png,750,1352,0.554734
img/ulq/2/ulq-0220.png,750,1186,0.632378
img/ulq/2/ulq-0221.png,750,164,4.57317
img/ulq/2/ulq-0222.png,750,1220,0.614754
img/ulq/2/ulq-0223.png,750,441,1.70068
img/ulq/2/ulq-0224.png,750,545,1.37615
img/ulq/2/ulq-0225.png,750,1261,0.594766
img/ulq/2/ulq-0226.png,750,1253,0.598563
img/ulq/2/ulq-0227.png,750,1249,0.60048
img/ulq/2/ulq-0228.png,750,1258,0.596184
img/ulq/2/ulq-0229.png,750,1236,0.606796
img/ulq/2/ulq-0230.png,750,1268,0.591483
img/ulq/2/ulq-0231.png,750,1259,0.595711
img/ulq/2/ulq-0232.png,750,1243,0.603379
img/ulq/2/ulq-0233.png,750,1252,0.599042
img/ulq/2/ulq-0234.png,750,1257,0.596659
img/ulq/2/ulq-0235.png,750,1255,0.59761
img/ulq/2/ulq-0236.png,750,1241,0.604351
img/ulq/2/ulq-0237.png,750,1242,0.603865
img/ulq/2/ulq-0238.png,750,1267,0.591949
img/ulq/2/ulq-0239.png,750,1239,0.605327
img/ulq/2/ulq-0240.png,750,1239,0.605327
img/ulq/2/ulq-0241.png,750,1253,0.598563
img/ulq/2/ulq-0242.png,750,1242,0.603865
img/ulq/2/ulq-0243.png,750,1252,0.599042
img/ulq/2/ulq-0244.png,750,592,1.26689
img/ulq/2/ulq-0245.png,750,750,1
img/ulq/2/ulq-0246.png,750,1291,0.580945
img/ulq/2/ulq-0247.png,750,1128,0.664894
img/ulq/2/ulq-0248.png,750,1237,0.606306
img/ulq/2/ulq-0249.png,750,1229,0.610252
img/ulq/2/ulq-0250.png,750,1206,0.621891
img/ulq/2/ulq-0251.png,750,1217,0.61627
img/ulq/2/ulq-0252.png,750,1192,0.629195
img/ulq/2/ulq-0253.png,750,1203,0.623441
img/ulq/2/ulq-0254.png,750,1211,0.619323
img/ulq/2/ulq-0255.png,750,1217,0.61627
img/ulq/2/ulq-0256.png,750,1215,0.617284
img/ulq/2/ulq-0257.png,750,1232,0.608766
img/ulq/2/ulq-0258.png,750,1232,0.608766
img/ulq/2/ulq-0259.png,750,1242,0.603865
img/ulq/2/ulq-0260.png,750,1236,0.606796
img/ulq/2/ulq-0261.png,750,1218,0.615764
img/ulq/2/ulq-0262.png,750,1251,0.59952
img/ulq/2/ulq-0263.png,750,1251,0.59952
img/ulq/2/ulq-0264.png,750,1245,0.60241
img/ulq/2/ulq-0265.png,750,1226,0.611746
img/ulq/2/ulq-0266.png,750,1243,0.603379
img/ulq/2/ulq-0267.png,750,1269,0.591017
img/ulq/2/ulq-0268.png,750,1233,0.608273
img/ulq/2/ulq-0269.png,750,1252,0.599042
img/ulq/2/ulq-0270.png,750,1246,0.601926
img/ulq/2/ulq-0271.png,750,1248,0.600962
img/ulq/2/ulq-0272.png,750,1293,0.580046
img/ulq/2/ulq-0273.png,750,1296,0.578704
img/ulq/2/ulq-0274.png,750,1243,0.603379
img/ulq/2/ulq-0275.png,750,1264,0.593354
img/ulq/2/ulq-0276.png,750,1239,0.605327
img/ulq/2/ulq-0277.png,750,1240,0.604839
img/ulq/2/ulq-0278.png,750,1235,0.607287
img/ulq/2/ulq-0279.png,750,1236,0.606796
img/ulq/2/ulq-0280.png,750,1219,0.615258
img/ulq/2/ulq-0281.png,750,1237,0.606306
img/ulq/2/ulq-0282.png,750,1273,0.589159
img/ulq/2/ulq-0283.png,750,1246,0.601926
img/ulq/2/ulq-0284.png,750,1239,0.605327
img/ulq/2/ulq-0285.png,750,1231,0.609261
img/ulq/2/ulq-0286.png,750,1272,0.589623
img/ulq/2/ulq-0287.png,750,1251,0.59952
img/ulq/2/ulq-0288.png,750,1243,0.603379
img/ulq/2/ulq-0289.png,750,1229,0.610252
img/ulq/2/ulq-0290.png,750,1270,0.590551
img/ulq/2/ulq-0291.png,750,1212,0.618812
img/ulq/2/ulq-0292.png,750,1236,0.606796
img/ulq/2/ulq-0293.png,750,1227,0.611247
img/ulq/2/ulq-0294.png,750,1252,0.599042
img/ulq/2/ulq-0295.png,750,1243,0.603379
img/ulq/2/ulq-0296.png,750,1234,0.60778
img/ulq/2/ulq-0297.png,750,1254,0.598086
img/ulq/2/ulq-0298.png,750,1236,0.606796
img/ulq/2/ulq-0299.png,750,1228,0.610749
img/ulq/3/ulq-0300.png,750,1264,0.593354
img/ulq/3/ulq-0301.png,750,1216,0.616776
img/ulq/3/ulq-0302.png,750,1236,0.606796
img/ulq/3/ulq-0303.png,750,1230,0.609756
img/ulq/3/ulq-0304.png,750,1242,0.603865
img/ulq/3/ulq-0305.png,750,1236,0.606796
img/ulq/3/ulq-0306.png,750,1233,0.608273
img/ulq/3/ulq-0307.png,750,1285,0.583658
img/ulq/3/ulq-0308.png,750,1245,0.60241
img/ulq/3/ulq-0309.png,750,1243,0.603379
img/ulq/3/ulq-0310.png,750,1238,0.605816
img/ulq/3/ulq-0311.png,750,1240,0.604839
img/ulq/3/ulq-0312.png,750,1235,0.607287
img/ulq/3/ulq-0313.png,750,1237,0.606306
img/ulq/3/ulq-0314.png,750,1145,0.655022
img/ulq/3/ulq-0315.png,750,1250,0.6
img/ulq/3/ulq-0316.png,750,1177,0.637213
img/ulq/3/ulq-0317.png,750,1265,0.592885
img/ulq/3/ulq-0318.png,750,1240,0.604839
img/ulq/3/ulq-0319.png,750,1246,0.601926
img/ulq/3/ulq-0320.png,750,1252,0.599042
img/ulq/3/ulq-0321.png,750,1192,0.629195
img/ulq/3/ulq-0322.png,750,1213,0.618302
img/ulq/3/ulq-0323.png,750,1206,0.621891
img/ulq/3/ulq-0324.png,750,1234,0.60778
img/ulq/3/ulq-0325.png,750,1216,0.616776
img/ulq/3/ulq-0326.png,750,1246,0.601926
img/ulq/3/ulq-0327.png,750,1264,0.593354
img/ulq/3/ulq-0328.png,750,1243,0.603379
img/ulq/3/ulq-0329.png,750,1233,0.608273
img/ulq/3/ulq-0330.png,750,1245,0.60241
img/ulq/3/ulq-0331.png,750,1235,0.607287
img/ulq/3/ulq-0332.png,750,1268,0.591483
img/ulq/3/ulq-0333.png,750,1216,0.616776
img/ulq/3/ulq-0334.png,750,1233,0.608273
img/ulq/3/ulq-0335.png,750,1245,0.60241
img/ulq/3/ulq-0336.png,750,1251,0.59952
img/ulq/3/ulq-0337.png,750,1213,0.618302
img/ulq/3/ulq-0338.png,750,1210,0.619835
img/ulq/3/ulq-0339.png,750,1218,0.615764
img/ulq/3/ulq-0340.png,750,1223,0.613246
img/ulq/3/ulq-0341.png,750,1199,0.625521
img/ulq/3/ulq-0342.png,750,1220,0.614754
img/ulq/3/ulq-0343.png,750,1217,0.61627
img/ulq/3/ulq-0344.png,750,1271,0.590087
img/ulq/3/ulq-0345.png,750,1214,0.617792
img/ulq/3/ulq-0346.png,750,1223,0.613246
img/ulq/3/ulq-0347.png,750,1232,0.608766
img/ulq/3/ulq-0348.png,750,1220,0.614754
img/ulq/3/ulq-0349.png,750,378,1.98413
img/ulq/3/ulq-0350.png,750,1045,0.717703
img/ulq/3/ulq-0351.png,750,1242,0.603865
img/ulq/3/ulq-0352.png,750,1223,0.613246
img/ulq/3/ulq-0353.png,750,1251,0.59952
img/ulq/3/ulq-0354.png,750,1235,0.607287
img/ulq/3/ulq-0355.png,750,1213,0.618302
img/ulq/3/ulq-0356.png,750,1262,0.594295
img/ulq/3/ulq-0357.png,750,1230,0.609756
img/ulq/3/ulq-0358.png,750,1224,0.612745
img/ulq/3/ulq-0359.png,750,1248,0.600962
img/ulq/3/ulq-0360.png,750,1251,0.59952
img/ulq/3/ulq-0361.png,750,1218,0.615764
img/ulq/3/ulq-0362.png,750,1174,0.638842
img/ulq/3/ulq-0363.png,750,1269,0.591017
img/ulq/3/ulq-0364.png,750,1204,0.622924
img/ulq/3/ulq-0365.png,750,1225,0.612245
img/ulq/3/ulq-0366.png,750,1233,0.608273
img/ulq/3/ulq-0367.png,750,1225,0.612245
img/ulq/3/ulq-0368.png,750,1235,0.607287
img/ulq/3/ulq-0369.png,750,1207,0.621375
img/ulq/3/ulq-0370.png,750,1194,0.628141
img/ulq/3/ulq-0371.png,750,1220,0.614754
img/ulq/3/ulq-0372.png,750,1224,0.612745
img/ulq/3/ulq-0373.png,750,1269,0.591017
img/ulq/3/ulq-0374.png,750,1231,0.609261
img/ulq/3/ulq-0375.png,750,1237,0.606306
img/ulq/3/ulq-0376.png,750,1248,0.600962
img/ulq/3/ulq-0377.png,750,1221,0.614251
img/ulq/3/ulq-0378.png,750,1243,0.603379
img/ulq/3/ulq-0379.png,750,1244,0.602894
img/ulq/3/ulq-0380.png,750,1209,0.620347
img/ulq/3/ulq-0381.png,750,1209,0.620347
img/ulq/3/ulq-0382.png,750,1201,0.62448
img/ulq/3/ulq-0383.png,750,1209,0.620347
img/ulq/3/ulq-0384.png,750,1225,0.612245
img/ulq/3/ulq-0385.png,750,1232,0.608766
img/ulq/3/ulq-0386.png,750,1239,0.605327
img/ulq/3/ulq-0387.png,750,1168,0.642123
img/ulq/3/ulq-0388.png,750,1230,0.609756
img/ulq/3/ulq-0389.png,750,1196,0.62709
img/ulq/3/ulq-0390.png,750,1225,0.612245
img/ulq/3/ulq-0391.png,750,1229,0.610252
img/ulq/3/ulq-0392.png,750,1260,0.595238
img/ulq/3/ulq-0393.png,750,1235,0.607287
img/ulq/3/ulq-0394.png,750,1242,0.603865
img/ulq/3/ulq-0395.png,750,1225,0.612245
img/ulq/3/ulq-0396.png,750,1301,0.57648
img/ulq/3/ulq-0397.png,750,1208,0.620861
img/ulq/3/ulq-0398.png,750,1242,0.603865
img/ulq/3/ulq-0399.png,750,1233,0.608273
img/ulq/4/ulq-0400.png,750,1225,0.612245
img/ulq/4/ulq-0401.png,750,1248,0.600962
img/ulq/4/ulq-0402.png,750,1222,0.613748
img/ulq/4/ulq-0403.png,750,1270,0.590551
img/ulq/4/ulq-0404.png,750,1198,0.626043
img/ulq/4/ulq-0405.png,750,1241,0.604351
img/ulq/4/ulq-0406.png,750,1180,0.635593
img/ulq/4/ulq-0407.png,750,1232,0.608766
img/ulq/4/ulq-0408.png,750,1259,0.595711
img/ulq/4/ulq-0409.png,750,1243,0.603379
img/ulq/4/ulq-0410.png,750,1304,0.575153
img/ulq/4/ulq-0411.png,750,1285,0.583658
img/ulq/4/ulq-0412.png,750,1265,0.592885
img/ulq/4/ulq-0413.png,750,1233,0.608273
img/ulq/4/ulq-0414.png,750,1246,0.601926
img/ulq/4/ulq-0415.png,750,1238,0.605816
img/ulq/4/ulq-0416.png,750,1242,0.603865
img/ulq/4/ulq-0417.png,750,1235,0.607287
img/ulq/4/ulq-0418.png,750,1225,0.612245
img/ulq/4/ulq-0419.png,750,1249,0.60048
img/ulq/4/ulq-0420.png,750,1266,0.592417
img/ulq/4/ulq-0421.png,750,1250,0.6
img/ulq/4/ulq-0422.png,750,1241,0.604351
img/ulq/4/ulq-0423.png,750,1248,0.600962
img/ulq/4/ulq-0424.png,750,1214,0.617792
img/ulq/4/ulq-0425.png,750,1234,0.60778
img/ulq/4/ulq-0426.png,750,1256,0.597134
img/ulq/4/ulq-0427.png,750,1239,0.605327
img/ulq/4/ulq-0428.png,750,1242,0.603865
img/ulq/4/ulq-0429.png,750,1009,0.74331
img/ulq/4/ulq-0430.png,750,1228,0.610749
img/ulq/4/ulq-0431.png,750,1179,0.636132
img/ulq/4/ulq-0432.png,750,1238,0.605816
img/ulq/4/ulq-0433.png,750,1242,0.603865
img/ulq/4/ulq-0434.png,750,1249,0.60048
img/ulq/4/ulq-0435.png,750,1228,0.610749
img/ulq/4/ulq-0436.png,750,1237,0.606306
img/ulq/4/ulq-0437.png,750,1274,0.588697
img/ulq/4/ulq-0438.png,750,1193,0.628667
img/ulq/4/ulq-0439.png,750,1223,0.613246
img/ulq/4/ulq-0440.png,750,1246,0.601926
img/ulq/4/ulq-0441.png,750,1223,0.613246
img/ulq/4/ulq-0442.png,750,1302,0.576037
img/ulq/4/ulq-0443.png,750,1243,0.603379
img/ulq/4/ulq-0444.png,750,1237,0.606306
img/ulq/4/ulq-0445.png,750,1230,0.609756
img/ulq/4/ulq-0446.png,750,1189,0.630782
img/ulq/4/ulq-0447.png,750,1223,0.613246
img/ulq/4/ulq-0448.png,750,1217,0.61627
img/ulq/4/ulq-0449.png,750,1222,0.613748
img/ulq/4/ulq-0450.png,750,1227,0.611247
img/ulq/4/ulq-0451.png,750,423,1.77305
img/ulq/4/ulq-0452.png,750,1074,0.698324
img/ulq/4/ulq-0453.png,750,1202,0.62396
img/ulq/4/ulq-0454.png,750,1181,0.635055
img/ulq/4/ulq-0455.png,750,1229,0.610252
img/ulq/4/ulq-0456.png,750,1233,0.608273
img/ulq/4/ulq-0457.png,750,1216,0.616776
img/ulq/4/ulq-0458.png,750,1227,0.611247
img/ulq/4/ulq-0459.png,750,1214,0.617792
img/ulq/4/ulq-0460.png,750,1227,0.611247
img/ulq/4/ulq-0461.png,750,1263,0.593824
img/ulq/4/ulq-0462.png,750,1268,0.591483
img/ulq/4/ulq-0463.png,750,1188,0.631313
img/ulq/4/ulq-0464.png,750,1206,0.621891
img/ulq/4/ulq-0465.png,750,1221,0.614251
img/ulq/4/ulq-0466.png,750,1225,0.612245
img/ulq/4/ulq-0467.png,750,1216,0.616776
img/ulq/4/ulq-0468.png,750,1263,0.593824
img/ulq/4/ulq-0469.png,750,1230,0.609756
img/ulq/4/ulq-0470.png,750,1043,0.71908
img/ulq/4/ulq-0471.png,750,1212,0.618812
img/ulq/4/ulq-0472.png,750,1227,0.611247
img/ulq/4/ulq-0473.png,750,1214,0.617792
img/ulq/4/ulq-0474.png,750,1228,0.610749
img/ulq/4/ulq-0475.png,750,1213,0.618302
img/ulq/4/ulq-0476.png,750,1214,0.617792
img/ulq/4/ulq-0477.png,750,1219,0.615258
img/ulq/4/ulq-0478.png,750,1232,0.608766
img/ulq/4/ulq-0479.png,750,1216,0.616776
img/ulq/4/ulq-0480.png,750,1271,0.590087
img/ulq/4/ulq-0481.png,750,1253,0.598563
img/ulq/4/ulq-0482.png,750,1216,0.616776
img/ulq/4/ulq-0483.png,750,1207,0.621375
img/ulq/4/ulq-0484.png,750,1236,0.606796
img/ulq/4/ulq-0485.png,750,1260,0.595238
img/ulq/4/ulq-0486.png,750,1231,0.609261
img/ulq/4/ulq-0487.png,750,1225,0.612245
img/ulq/4/ulq-0488.png,750,1231,0.609261
img/ulq/4/ulq-0489.png,750,1242,0.603865
img/ulq/4/ulq-0490.png,750,1221,0.614251
img/ulq/4/ulq-0491.png,750,1226,0.611746
img/ulq/4/ulq-0492.png,750,1200,0.625
img/ulq/4/ulq-0493.png,750,1223,0.613246
img/ulq/4/ulq-0494.png,750,1215,0.617284
img/ulq/4/ulq-0495.png,750,1222,0.613748
img/ulq/4/ulq-0496.png,750,1219,0.615258
img/ulq/4/ulq-0497.png,750,1220,0.614754
img/ulq/4/ulq-0498.png,750,1206,0.621891
img/ulq/4/ulq-0499.png,750,1198,0.626043
img/ulq/5/ulq-0500.png,750,1202,0.62396
img/ulq/5/ulq-0501.png,750,1210,0.619835
img/ulq/5/ulq-0502.png,750,1222,0.613748
img/ulq/5/ulq-0503.png,750,1227,0.611247
img/ulq/5/ulq-0504.png,750,1244,0.602894
img/ulq/5/ulq-0505.png,750,1198,0.626043
img/ulq/5/ulq-0506.png,750,1238,0.605816
img/ulq/5/ulq-0507.png,750,1268,0.591483
img/ulq/5/ulq-0508.png,750,1217,0.61627
img/ulq/5/ulq-0509.png,750,1219,0.615258
img/ulq/5/ulq-0510.png,750,1197,0.626566
img/ulq/5/ulq-0511.png,750,1214,0.617792
img/ulq/5/ulq-0512.png,750,1225,0.612245
img/ulq/5/ulq-0513.png,750,1227,0.611247
img/ulq/5/ulq-0514.png,750,1268,0.591483
img/ulq/5/ulq-0515.png,750,1235,0.607287
img/ulq/5/ulq-0516.png,750,1242,0.603865
img/ulq/5/ulq-0517.png,750,1225,0.612245
img/ulq/5/ulq-0518.png,750,1233,0.608273
img/ulq/5/ulq-0519.png,750,1004,0.747012
img/ulq/5/ulq-0520.png,750,1208,0.620861
img/ulq/5/ulq-0521.png,750,1243,0.603379
img/ulq/5/ulq-0522.png,750,1251,0.59952
img/ulq/5/ulq-0523.png,750,1246,0.601926
img/ulq/5/ulq-0524.png,750,1152,0.651042
img/ulq/5/ulq-0525.png,750,1230,0.609756
img/ulq/5/ulq-0526.png,750,1197,0.626566
img/ulq/5/ulq-0527.png,750,1237,0.606306
img/ulq/5/ulq-0528.png,750,1235,0.607287
img/ulq/5/ulq-0529.png,750,1229,0.610252
img/ulq/5/ulq-0530.png,750,1202,0.62396
img/ulq/5/ulq-0531.png,750,1208,0.620861
img/ulq/5/ulq-0532.png,750,1244,0.602894
img/ulq/5/ulq-0533.png,750,1228,0.610749
img/ulq/5/ulq-0534.png,750,1243,0.603379
img/ulq/5/ulq-0535.png,750,1220,0.614754
img/ulq/5/ulq-0536.png,750,1235,0.607287
img/ulq/5/ulq-0537.png,750,1239,0.605327
img/ulq/5/ulq-0538.png,750,1238,0.605816
img/ulq/5/ulq-0539.png,750,1224,0.612745
img/ulq/5/ulq-0540.png,750,1167,0.642674
img/ulq/5/ulq-0541.png,750,1250,0.6
img/ulq/5/ulq-0542.png,750,1225,0.612245
img/ulq/5/ulq-0543.png,750,1228,0.610749
img/ulq/5/ulq-0544.png,750,1216,0.616776
img/ulq/5/ulq-0545.png,750,1170,0.641026
img/ulq/5/ulq-0546.png,750,1211,0.619323
img/ulq/5/ulq-0547.png,750,1217,0.61627
img/ulq/5/ulq-0548.png,750,1260,0.595238
img/ulq/5/ulq-0549.png,750,1172,0.639932
img/ulq/5/ulq-0550.png,750,1240,0.604839
img/ulq/5/ulq-0551.png,750,1185,0.632911
img/ulq/5/ulq-0552.png,750,1277,0.587314
img/ulq/5/ulq-0553.png,750,1256,0.597134
img/ulq/5/ulq-0554.png,750,1243,0.603379
img/ulq/5/ulq-0555.png,750,1228,0.610749
img/ulq/5/ulq-0556.png,750,1265,0.592885
img/ulq/5/ulq-0557.png,750,1221,0.614251
img/ulq/5/ulq-0558.png,750,1259,0.595711
img/ulq/5/ulq-0559.png,750,1172,0.639932
img/ulq/5/ulq-0560.png,750,1207,0.621375
img/ulq/5/ulq-0561.png,750,1220,0.614754
img/ulq/5/ulq-0562.png,750,1222,0.613748
img/ulq/5/ulq-0563.png,750,1240,0.604839
img/ulq/5/ulq-0564.png,750,1230,0.609756
img/ulq/5/ulq-0565.png,750,1195,0.627615
img/ulq/5/ulq-0566.png,750,1213,0.618302
img/ulq/5/ulq-0567.png,750,1203,0.623441
img/ulq/5/ulq-0568.png,750,1212,0.618812
img/ulq/5/ulq-0569.png,750,1203,0.623441
img/ulq/5/ulq-0570.png,750,1231,0.609261
img/ulq/5/ulq-0571.png,750,1233,0.608273
img/ulq/5/ulq-0572.png,750,1205,0.622407
img/ulq/5/ulq-0573.png,750,1246,0.601926
img/ulq/5/ulq-0574.png,750,1215,0.617284
img/ulq/5/ulq-0575.png,750,1191,0.629723
img/ulq/5/ulq-0576.png,750,1217,0.61627
img/ulq/5/ulq-0577.png,750,1233,0.608273
img/ulq/5/ulq-0578.png,750,1202,0.62396
img/ulq/5/ulq-0579.png,750,1218,0.615764
img/ulq/5/ulq-0580.png,750,1222,0.613748
img/ulq/5/ulq-0581.png,750,1231,0.609261
img/ulq/5/ulq-0582.png,750,1205,0.622407
img/ulq/5/ulq-0583.png,750,1198,0.626043
img/ulq/5/ulq-0584.png,750,1152,0.651042
img/ulq/5/ulq-0585.png,750,1219,0.615258
img/ulq/5/ulq-0586.png,750,1233,0.608273
img/ulq/5/ulq-0587.png,750,1200,0.625
img/ulq/5/ulq-0588.png,750,1205,0.622407
img/ulq/5/ulq-0589.png,750,1214,0.617792
img/ulq/5/ulq-0590.png,750,1200,0.625
img/ulq/5/ulq-0591.png,750,1243,0.603379
img/ulq/5/ulq-0592.png,750,1238,0.605816
img/ulq/5/ulq-0593.png,750,1281,0.58548
img/ulq/5/ulq-0594.png,750,1236,0.606796
img/ulq/5/ulq-0595.png,750,1248,0.600962
img/ulq/5/ulq-0596.png,750,1228,0.610749
img/ulq/5/ulq-0597.png,750,1280,0.585938
img/ulq/5/ulq-0598.png,750,1243,0.603379
img/ulq/5/ulq-0599.png,750,1210,0.619835
img/ulq/6/ulq-0600.png,750,1205,0.622407
img/ulq/6/ulq-0601.png,750,1203,0.623441
img/ulq/6/ulq-0602.png,750,1232,0.608766
img/ulq/6/ulq-0603.png,750,1231,0.609261
img/ulq/6/ulq-0604.png,750,1204,0.622924
img/ulq/6/ulq-0605.png,750,1225,0.612245
img/ulq/6/ulq-0606.png,750,1255,0.59761
img/ulq/6/ulq-0607.png,750,1221,0.614251
img/ulq/6/ulq-0608.png,750,1214,0.617792
img/ulq/6/ulq-0609.png,750,1213,0.618302
img/ulq/6/ulq-0610.png,750,1241,0.604351
img/ulq/6/ulq-0611.png,750,1236,0.606796
img/ulq/6/ulq-0612.png,750,1155,0.649351
img/ulq/6/ulq-0613.png,750,1227,0.611247
img/ulq/6/ulq-0614.png,750,1231,0.609261
img/ulq/6/ulq-0615.png,750,1227,0.611247
img/ulq/6/ulq-0616.png,750,1230,0.609756
img/ulq/6/ulq-0617.png,750,1235,0.607287
img/ulq/6/ulq-0618.png,750,1233,0.608273
img/ulq/6/ulq-0619.png,750,1227,0.611247
img/ulq/6/ulq-0620.png,750,1229,0.610252
img/ulq/6/ulq-0621.png,750,1228,0.610749
img/ulq/6/ulq-0622.png,750,1233,0.608273
img/ulq/6/ulq-0623.png,750,1223,0.613246
img/ulq/6/ulq-0624.png,750,1217,0.61627
img/ulq/6/ulq-0625.png,750,1229,0.610252
img/ulq/6/ulq-0626.png,750,1224,0.612745
img/ulq/6/ulq-0627.png,750,1249,0.60048
img/ulq/6/ulq-0628.png,750,1170,0.641026
img/ulq/6/ulq-0629.png,750,1047,0.716332
img/ulq/6/ulq-0630.png,750,1232,0.608766
img/ulq/6/ulq-0631.png,750,1194,0.628141
img/ulq/6/ulq-0632.png,750,1231,0.609261
img/ulq/6/ulq-0633.png,750,1205,0.622407
img/ulq/6/ulq-0634.png,750,1223,0.613246
img/ulq/6/ulq-0635.png,750,1227,0.611247
img/ulq/6/ulq-0636.png,750,1233,0.608273
img/ulq/6/ulq-0637.png,750,1226,0.611746
img/ulq/6/ulq-0638.png,750,1240,0.604839
img/ulq/6/ulq-0639.png,750,1232,0.608766
img/ulq/6/ulq-0640.png,750,1283,0.584567
img/ulq/6/ulq-0641.png,750,1213,0.618302
img/ulq/6/ulq-0642.png,750,1226,0.611746
img/ulq/6/ulq-0643.png,750,1223,0.613246
img/ulq/6/ulq-0644.png,750,1204,0.622924
img/ulq/6/ulq-0645.png,750,1224,0.612745
img/ulq/6/ulq-0646.png,750,1201,0.62448
img/ulq/6/ulq-0647.png,750,1229,0.610252
img/ulq/6/ulq-0648.png,750,1235,0.607287
img/ulq/6/ulq-0649.png,750,1239,0.605327
img/ulq/6/ulq-0650.png,750,1222,0.613748
img/ulq/6/ulq-0651.png,750,1238,0.605816
img/ulq/6/ulq-0652.png,750,1243,0.603379
img/ulq/6/ulq-0653.png,750,1223,0.613246
img/ulq/6/ulq-0654.png,750,1238,0.605816
img/ulq/6/ulq-0655.png,750,1213,0.618302
img/ulq/6/ulq-0656.png,750,1239,0.605327
img/ulq/6/ulq-0657.png,750,1225,0.612245
img/ulq/6/ulq-0658.png,750,1220,0.614754
img/ulq/6/ulq-0659.png,750,1220,0.614754
img/ulq/6/ulq-0660.png,750,1186,0.632378
img/ulq/6/ulq-0661.png,750,1237,0.606306
img/ulq/6/ulq-0662.png,750,1225,0.612245
img/ulq/6/ulq-0663.png,750,1219,0.615258
img/ulq/6/ulq-0664.png,750,1243,0.603379
img/ulq/6/ulq-0665.png,750,1266,0.592417
img/ulq/6/ulq-0666.png,750,1248,0.600962
img/ulq/6/ulq-0667.png,750,1228,0.610749
img/ulq/6/ulq-0668.png,750,1222,0.613748
img/ulq/6/ulq-0669.png,750,1233,0.608273
img/ulq/6/ulq-0670.png,750,1213,0.618302
img/ulq/6/ulq-0671.png,750,1225,0.612245
img/ulq/6/ulq-0672.png,750,1233,0.608273
img/ulq/6/ulq-0673.png,750,1220,0.614754
img/ulq/6/ulq-0674.png,750,1223,0.613246
img/ulq/6/ulq-0675.png,750,1201,0.62448
img/ulq/6/ulq-0676.png,750,1223,0.613246
img/ulq/6/ulq-0677.png,750,1215,0.617284
img/ulq/6/ulq-0678.png,750,1219,0.615258
img/ulq/6/ulq-0679.png,750,1171,0.640478
img/ulq/6/ulq-0680.png,750,1148,0.65331
img/ulq/6/ulq-0681.png,750,1220,0.614754
img/ulq/6/ulq-0682.png,750,1241,0.604351
img/ulq/6/ulq-0683.png,750,1232,0.608766
img/ulq/6/ulq-0684.png,750,1224,0.612745
img/ulq/6/ulq-0685.png,750,1221,0.614251
img/ulq/6/ulq-0686.png,750,1237,0.606306
img/ulq/6/ulq-0687.png,750,1239,0.605327
img/ulq/6/ulq-0688.png,750,1050,0.714286
img/ulq/6/ulq-0689.png,750,1200,0.625
img/ulq/6/ulq-0690.png,750,1241,0.604351
img/ulq/6/ulq-0691.png,750,1239,0.605327
img/ulq/6/ulq-0692.png,750,1224,0.612745
img/ulq/6/ulq-0693.png,750,1160,0.646552
img/ulq/6/ulq-0694.png,750,1168,0.642123
img/ulq/6/ulq-0695.png,750,1241,0.604351
img/ulq/6/ulq-0696.png,750,1197,0.626566
img/ulq/6/ulq-0697.png,750,1216,0.616776
img/ulq/6/ulq-0698.png,750,1235,0.607287
img/ulq/6/ulq-0699.png,750,1241,0.604351
img/ulq/7/ulq-0700.png,750,1219,0.615258
img/ulq/7/ulq-0701.png,750,1214,0.617792
img/ulq/7/ulq-0702.png,750,1244,0.602894
img/ulq/7/ulq-0703.png,750,1247,0.601443
img/ulq/7/ulq-0704.png,750,1235,0.607287
img/ulq/7/ulq-0705.png,750,1238,0.605816
img/ulq/7/ulq-0706.png,750,1277,0.587314
img/ulq/7/ulq-0707.png,750,1221,0.614251
img/ulq/7/ulq-0708.png,750,1225,0.612245
img/ulq/7/ulq-0709.png,750,1201,0.62448
img/ulq/7/ulq-0710.png,750,1225,0.612245
img/ulq/7/ulq-0711.png,750,1279,0.586396
img/ulq/7/ulq-0712.png,750,1238,0.605816
img/ulq/7/ulq-0713.png,750,1268,0.591483
img/ulq/7/ulq-0714.png,750,1274,0.588697
img/ulq/7/ulq-0715.png,750,1327,0.565185
img/ulq/7/ulq-0716.png,750,1229,0.610252
img/ulq/7/ulq-0717.png,750,1229,0.610252
img/ulq/7/ulq-0718.png,750,1225,0.612245
img/ulq/7/ulq-0719.png,750,1224,0.612745
img/ulq/7/ulq-0720.png,750,1197,0.626566
img/ulq/7/ulq-0721.png,750,1193,0.628667
img/ulq/7/ulq-0722.png,750,1235,0.607287
img/ulq/7/ulq-0723.png,750,1244,0.602894
img/ulq/7/ulq-0724.png,750,1265,0.592885
img/ulq/7/ulq-0725.png,750,1270,0.590551
img/ulq/7/ulq-0726.png,750,1224,0.612745
img/ulq/7/ulq-0727.png,750,1288,0.582298
img/ulq/7/ulq-0728.png,750,1267,0.591949
img/ulq/7/ulq-0729.png,750,1226,0.611746
img/ulq/7/ulq-0730.png,750,1230,0.609756
img/ulq/7/ulq-0731.png,750,1271,0.590087
img/ulq/7/ulq-0732.png,750,1242,0.603865
img/ulq/7/ulq-0733.png,750,1243,0.603379
img/ulq/7/ulq-0734.png,750,1266,0.592417
img/ulq/7/ulq-0735.png,750,1242,0.603865
img/ulq/7/ulq-0736.png,750,1260,0.595238
img/ulq/7/ulq-0737.png,750,1233,0.608273
img/ulq/7/ulq-0738.png,750,1260,0.595238
img/ulq/7/ulq-0739.png,750,1275,0.588235
img/ulq/7/ulq-0740.png,750,1230,0.609756
img/ulq/7/ulq-0741.png,750,1126,0.666075
img/ulq/7/ulq-0742.png,750,1244,0.602894
img/ulq/7/ulq-0743.png,750,1172,0.639932
img/ulq/7/ulq-0744.png,750,1223,0.613246
img/ulq/7/ulq-0745.png,750,1243,0.603379
img/ulq/7/ulq-0746.png,750,1237,0.606306
img/ulq/7/ulq-0747.png,750,1134,0.661376
img/ulq/7/ulq-0748.png,750,1267,0.591949
img/ulq/7/ulq-0749.png,750,1236,0.606796
img/ulq/7/ulq-0750.png,750,1262,0.594295
img/ulq/7/ulq-0751.png,750,1304,0.575153
img/ulq/7/ulq-0752.png,750,1259,0.595711
img/ulq/7/ulq-0753.png,750,1230,0.609756
img/ulq/7/ulq-0754.png,750,1158,0.647668
img/ulq/7/ulq-0755.png,750,1165,0.643777
img/ulq/7/ulq-0756.png,750,1189,0.630782
img/ulq/7/ulq-0757.png,750,1226,0.611746
img/ulq/7/ulq-0758.png,750,1222,0.613748
img/ulq/7/ulq-0759.png,750,1221,0.614251
img/ulq/7/ulq-0760.png,750,1268,0.591483
img/ulq/7/ulq-0761.png,750,1176,0.637755
img/ulq/7/ulq-0762.png,750,1235,0.607287
img/ulq/7/ulq-0763.png,750,1229,0.610252
img/ulq/7/ulq-0764.png,750,1177,0.637213
img/ulq/7/ulq-0765.png,750,1179,0.636132
img/ulq/7/ulq-0766.png,750,1147,0.65388
img/ulq/7/ulq-0767.png,750,1006,0.745527
img/ulq/7/ulq-0768.png,750,1235,0.607287
img/ulq/7/ulq-0769.png,750,1219,0.615258
img/ulq/7/ulq-0770.png,750,1232,0.608766
img/ulq/7/ulq-0771.png,750,1208,0.620861
img/ulq/7/ulq-0772.png,750,1221,0.614251
img/ulq/7/ulq-0773.png,750,1233,0.608273
img/ulq/7/ulq-0774.png,750,1227,0.611247
img/ulq/7/ulq-0775.png,750,1223,0.613246
img/ulq/7/ulq-0776.png,750,1278,0.586854
img/ulq/7/ulq-0777.png,750,1228,0.610749
img/ulq/7/ulq-0778.png,750,1235,0.607287
img/ulq/7/ulq-0779.png,750,1220,0.614754
img/ulq/7/ulq-0780.png,750,1210,0.619835
img/ulq/7/ulq-0781.png,750,1230,0.609756
img/ulq/7/ulq-0782.png,750,1208,0.620861
img/ulq/7/ulq-0783.png,750,1202,0.62396
img/ulq/7/ulq-0784.png,750,1239,0.605327
img/ulq/7/ulq-0785.png,750,1220,0.614754
img/ulq/7/ulq-0786.png,750,1242,0.603865
img/ulq/7/ulq-0787.png,750,1231,0.609261
img/ulq/7/ulq-0788.png,750,1240,0.604839
img/ulq/7/ulq-0789.png,750,1247,0.601443
img/ulq/7/ulq-0790.png,750,1250,0.6
img/ulq/7/ulq-0791.png,750,1227,0.611247
img/ulq/7/ulq-0792.png,750,1229,0.610252
img/ulq/7/ulq-0793.png,750,1234,0.60778
img/ulq/7/ulq-0794.png,750,1217,0.61627
img/ulq/7/ulq-0795.png,750,1257,0.596659
img/ulq/7/ulq-0796.png,750,1173,0.639386
img/ulq/7/ulq-0797.png,750,1230,0.609756
img/ulq/7/ulq-0798.png,750,1220,0.614754
img/ulq/7/ulq-0799.png,750,1302,0.576037
img/ulq/8/ulq-0800.png,750,1154,0.649913
img/ulq/8/ulq-0801.png,750,1216,0.616776
img/ulq/8/ulq-0802.png,750,1210,0.619835
img/ulq/8/ulq-0803.png,750,1192,0.629195
img/ulq/8/ulq-0804.png,750,1217,0.61627
img/ulq/8/ulq-0805.png,750,1212,0.618812
img/ulq/8/ulq-0806.png,750,1226,0.611746
img/ulq/8/ulq-0807.png,750,1232,0.608766
img/ulq/8/ulq-0808.png,750,1246,0.601926
img/ulq/8/ulq-0809.png,750,1227,0.611247
img/ulq/8/ulq-0810.png,750,1241,0.604351
img/ulq/8/ulq-0811.png,750,1186,0.632378
img/ulq/8/ulq-0812.png,750,1258,0.596184
img/ulq/8/ulq-0813.png,750,1302,0.576037
img/ulq/8/ulq-0814.png,750,1234,0.60778
img/ulq/8/ulq-0815.png,750,1264,0.593354
img/ulq/8/ulq-0816.png,750,1234,0.60778
img/ulq/8/ulq-0817.png,750,1248,0.600962
img/ulq/8/ulq-0818.png,750,1239,0.605327
img/ulq/8/ulq-0819.png,750,1238,0.605816
img/ulq/8/ulq-0820.png,750,1229,0.610252
img/ulq/8/ulq-0821.png,750,1275,0.588235
img/ulq/8/ulq-0822.png,750,1251,0.59952
img/ulq/8/ulq-0823.png,750,1251,0.59952
img/ulq/8/ulq-0824.png,750,1228,0.610749
img/ulq/8/ulq-0825.png,750,1262,0.594295
img/ulq/8/ulq-0826.png,750,1268,0.591483
img/ulq/8/ulq-0827.png,750,1242,0.603865
img/ulq/8/ulq-0828.png,750,1272,0.589623
img/ulq/8/ulq-0829.png,750,1200,0.625
img/ulq/8/ulq-0830.png,750,1279,0.586396
img/ulq/8/ulq-0831.png,750,1243,0.603379
img/ulq/8/ulq-0832.png,750,1230,0.609756
img/ulq/8/ulq-0833.png,750,1246,0.601926
img/ulq/8/ulq-0834.png,750,1222,0.613748
img/ulq/8/ulq-0835.png,750,1268,0.591483
img/ulq/8/ulq-0836.png,750,1256,0.597134
img/ulq/8/ulq-0837.png,750,1231,0.609261
img/ulq/8/ulq-0838.png,750,1191,0.629723
img/ulq/8/ulq-0839.png,750,1255,0.59761
img/ulq/8/ulq-0840.png,750,1172,0.639932
img/ulq/8/ulq-0841.png,750,1246,0.601926
img/ulq/8/ulq-0842.png,750,1264,0.593354
img/ulq/8/ulq-0843.png,750,1234,0.60778
img/ulq/8/ulq-0844.png,750,1229,0.610252
img/ulq/8/ulq-0845.png,750,1252,0.599042
img/ulq/8/ulq-0846.png,750,1273,0.589159
img/ulq/8/ulq-0847.png,750,1244,0.602894
img/ulq/8/ulq-0848.png,750,1174,0.638842
img/ulq/8/ulq-0849.png,750,1223,0.613246
img/ulq/8/ulq-0850.png,750,1208,0.620861
img/ulq/8/ulq-0851.png,750,1245,0.60241
img/ulq/8/ulq-0852.png,750,1274,0.588697
img/ulq/8/ulq-0853.png,750,1250,0.6
img/ulq/8/ulq-0854.png,750,1001,0.749251
img/ulq/8/ulq-0855.png,750,1060,0.707547
img/ulq/8/ulq-0856.png,750,1258,0.596184
img/ulq/8/ulq-0857.png,750,1238,0.605816
img/ulq/8/ulq-0858.png,750,1244,0.602894
img/ulq/8/ulq-0859.png,750,1199,0.625521
img/ulq/8/ulq-0860.png,750,1260,0.595238
img/ulq/8/ulq-0861.png,750,1246,0.601926
img/ulq/8/ulq-0862.png,750,1254,0.598086
img/ulq/8/ulq-0863.png,750,1220,0.614754
img/ulq/8/ulq-0864.png,750,1251,0.59952
img/ulq/8/ulq-0865.png,750,1272,0.589623
img/ulq/8/ulq-0866.png,750,1276,0.587774
img/ulq/8/ulq-0867.png,750,1214,0.617792
img/ulq/8/ulq-0868.png,750,1182,0.634518
img/ulq/8/ulq-0869.png,750,1208,0.620861
img/ulq/8/ulq-0870.png,750,1214,0.617792
img/ulq/8/ulq-0871.png,750,1315,0.570342
img/ulq/8/ulq-0872.png,750,1243,0.603379
img/ulq/8/ulq-0873.png,750,1232,0.608766
img/ulq/8/ulq-0874.png,750,1230,0.609756
img/ulq/8/ulq-0875.png,750,1195,0.627615
img/ulq/8/ulq-0876.png,750,1223,0.613246
img/ulq/8/ulq-0877.png,750,1239,0.605327
img/ulq/8/ulq-0878.png,750,1263,0.593824
img/ulq/8/ulq-0879.png,750,1252,0.599042
img/ulq/8/ulq-0880.png,750,1232,0.608766
img/ulq/8/ulq-0881.png,750,1195,0.627615
img/ulq/8/ulq-0882.png,750,1226,0.611746
img/ulq/8/ulq-0883.png,750,1223,0.613246
img/ulq/8/ulq-0884.png,750,1215,0.617284
img/ulq/8/ulq-0885.png,750,1071,0.70028
img/ulq/8/ulq-0886.png,750,1276,0.587774
img/ulq/8/ulq-0887.png,750,1170,0.641026
img/ulq/8/ulq-0888.png,750,1244,0.602894
img/ulq/8/ulq-0889.png,750,1251,0.59952
img/ulq/8/ulq-0890.png,750,1234,0.60778
img/ulq/8/ulq-0891.png,750,1244,0.602894
img/ulq/8/ulq-0892.png,750,1244,0.602894
img/ulq/8/ulq-0893.png,750,1236,0.606796
img/ulq/8/ulq-0894.png,750,1238,0.605816
img/ulq/8/ulq-0895.png,750,1187,0.631845
img/ulq/8/ulq-0896.png,750,1186,0.632378
img/ulq/8/ulq-0897.png,750,1261,0.594766
img/ulq/8/ulq-0898.png,750,1230,0.609756
img/ulq/8/ulq-0899.png,750,1200,0.625
img/ulq/9/ulq-0900.png,750,1269,0.591017
img/ulq/9/ulq-0901.png,750,1234,0.60778
img/ulq/9/ulq-0902.png,750,1257,0.596659
img/ulq/9/ulq-0903.png,750,1262,0.594295
img/ulq/9/ulq-0904.png,750,1179,0.636132
img/ulq/9/ulq-0905.png,750,1229,0.610252
img/ulq/9/ulq-0906.png,750,1247,0.601443
img/ulq/9/ulq-0907.png,750,1244,0.602894
img/ulq/9/ulq-0908.png,750,1226,0.611746
img/ulq/9/ulq-0909.png,750,1273,0.589159
img/ulq/9/ulq-0910.png,750,1268,0.591483
img/ulq/9/ulq-0911.png,750,1245,0.60241
img/ulq/9/ulq-0912.png,750,1234,0.60778
img/ulq/9/ulq-0913.png,750,1242,0.603865
img/ulq/9/ulq-0914.png,750,1245,0.60241
img/ulq/9/ulq-0915.png,750,1255,0.59761
img/ulq/9/ulq-0916.png,750,1238,0.605816
img/ulq/9/ulq-0917.png,750,1249,0.60048
img/ulq/9/ulq-0918.png,750,1232,0.608766
img/ulq/9/ulq-0919.png,750,1232,0.608766
img/ulq/9/ulq-0920.png,750,1241,0.604351
img/ulq/9/ulq-0921.png,750,1171,0.640478
img/ulq/9/ulq-0922.png,750,1245,0.60241
img/ulq/9/ulq-0923.png,750,1255,0.59761
img/ulq/9/ulq-0924.png,750,1169,0.641574
img/ulq/9/ulq-0925.png,750,1234,0.60778
img/ulq/9/ulq-0926.png,750,1234,0.60778
img/ulq/9/ulq-0927.png,750,1235,0.607287
img/ulq/9/ulq-0928.png,750,1228,0.610749
img/ulq/9/ulq-0929.png,750,1242,0.603865
img/ulq/9/ulq-0930.png,750,1171,0.640478
img/ulq/9/ulq-0931.png,750,1247,0.601443
img/ulq/9/ulq-0932.png,750,1262,0.594295
img/ulq/9/ulq-0933.png,750,1237,0.606306
img/ulq/9/ulq-0934.png,750,1228,0.610749
img/ulq/9/ulq-0935.png,750,1241,0.604351
img/ulq/9/ulq-0936.png,750,1231,0.609261
img/ulq/9/ulq-0937.png,750,1252,0.599042
img/ulq/9/ulq-0938.png,750,1236,0.606796
img/ulq/9/ulq-0939.png,750,1241,0.604351
img/ulq/9/ulq-0940.png,750,1247,0.601443
img/ulq/9/ulq-0941.png,750,1256,0.597134
img/ulq/9/ulq-0942.png,750,1261,0.594766
img/ulq/9/ulq-0943.png,750,1234,0.60778
img/ulq/9/ulq-0944.png,750,1235,0.607287
img/ulq/9/ulq-0945.png,750,1238,0.605816
img/ulq/9/ulq-0946.png,750,1218,0.615764
img/ulq/9/ulq-0947.png,750,1257,0.596659
img/ulq/9/ulq-0948.png,750,1222,0.613748
img/ulq/9/ulq-0949.png,750,1259,0.595711
img/ulq/9/ulq-0950.png,750,1229,0.610252
img/ulq/9/ulq-0951.png,750,1259,0.595711
img/ulq/9/ulq-0952.png,750,1233,0.608273
img/ulq/9/ulq-0953.png,750,1242,0.603865
img/ulq/9/ulq-0954.png,750,1256,0.597134
img/ulq/9/ulq-0955.png,750,1259,0.595711
img/ulq/9/ulq-0956.png,750,1219,0.615258
img/ulq/9/ulq-0957.png,750,1141,0.657318
img/ulq/9/ulq-0958.png,750,1239,0.605327
img/ulq/9/ulq-0959.png,750,1232,0.608766
img/ulq/9/ulq-0960.png,750,1237,0.606306
img/ulq/9/ulq-0961.png,750,1260,0.595238
img/ulq/9/ulq-0962.png,750,1282,0.585023
img/ulq/9/ulq-0963.png,750,1247,0.601443
img/ulq/9/ulq-0964.png,750,1193,0.628667
img/ulq/9/ulq-0965.png,750,1249,0.60048
img/ulq/9/ulq-0966.png,750,1251,0.59952
img/ulq/9/ulq-0967.png,750,1248,0.600962
img/ulq/9/ulq-0968.png,750,1239,0.605327
img/ulq/9/ulq-0969.png,750,1239,0.605327
img/ulq/9/ulq-0970.png,750,1248,0.600962
img/ulq/9/ulq-0971.png,750,1234,0.60778
img/ulq/9/ulq-0972.png,750,1226,0.611746
img/ulq/9/ulq-0973.png,750,1218,0.615764
img/ulq/9/ulq-0974.png,750,1162,0.645439
img/ulq/9/ulq-0975.png,750,1238,0.605816
img/ulq/9/ulq-0976.png,750,1286,0.583204
img/ulq/9/ulq-0977.png,750,1228,0.610749
img/ulq/9/ulq-0978.png,750,1233,0.608273
img/ulq/9/ulq-0979.png,750,1237,0.606306
img/ulq/9/ulq-0980.png,750,1239,0.605327
img/ulq/9/ulq-0981.png,750,1259,0.595711
img/ulq/9/ulq-0982.png,750,1229,0.610252
img/ulq/9/ulq-0983.png,750,1244,0.602894
img/ulq/9/ulq-0984.png,750,1231,0.609261
img/ulq/9/ulq-0985.png,750,1064,0.704887
img/ulq/9/ulq-0986.png,750,1244,0.602894
img/ulq/9/ulq-0987.png,750,1230,0.609756
img/ulq/9/ulq-0988.png,750,1241,0.604351
img/ulq/9/ulq-0989.png,750,1236,0.606796
img/ulq/9/ulq-0990.png,750,1263,0.593824
img/ulq/9/ulq-0991.png,750,1245,0.60241
img/ulq/9/ulq-0992.png,750,1313,0.571211
img/ulq/9/ulq-0993.png,750,1274,0.588697
img/ulq/9/ulq-0994.png,750,1249,0.60048
img/ulq/9/ulq-0995.png,750,1194,0.628141
img/ulq/9/ulq-0996.png,750,1277,0.587314
img/ulq/9/ulq-0997.png,750,1247,0.601443
img/ulq/9/ulq-0998.png,750,1239,0.605327
img/ulq/9/ulq-0999.png,750,1289,0.581846
