img/umj/0/umj-0001.png,1200,1520,0.789474
img/umj/0/umj-0002.png,1200,2148,0.558659
img/umj/0/umj-0003.png,1200,1200,1
img/umj/0/umj-0004.png,1200,1741,0.689259
img/umj/0/umj-0005.png,1200,2116,0.567108
img/umj/0/umj-0006.png,1200,1709,0.702165
img/umj/0/umj-0007.png,1200,1688,0.7109
img/umj/0/umj-0008.png,1200,1677,0.715564
img/umj/0/umj-0009.png,1200,643,1.86625
img/umj/0/umj-0010.png,1200,1324,0.906344
img/umj/0/umj-0011.png,1200,1108,1.08303
img/umj/0/umj-0012.png,1200,1682,0.713436
img/umj/0/umj-0013.png,1200,1686,0.711744
img/umj/0/umj-0014.png,1200,1689,0.71048
img/umj/0/umj-0015.png,1200,1697,0.70713
img/umj/0/umj-0016.png,1200,1695,0.707965
img/umj/0/umj-0017.png,1200,1701,0.705467
img/umj/0/umj-0018.png,1200,1662,0.722022
img/umj/0/umj-0019.png,1200,1695,0.707965
img/umj/0/umj-0020.png,1200,1682,0.713436
img/umj/0/umj-0021.png,1200,1704,0.704225
img/umj/0/umj-0022.png,1200,1667,0.719856
img/umj/0/umj-0023.png,1200,1691,0.709639
img/umj/0/umj-0024.png,1200,1689,0.71048
img/umj/0/umj-0025.png,1200,1697,0.70713
img/umj/0/umj-0026.png,1200,1686,0.711744
img/umj/0/umj-0027.png,1200,1692,0.70922
img/umj/0/umj-0028.png,1200,1756,0.683371
img/umj/0/umj-0029.png,1200,1700,0.705882
img/umj/0/umj-0030.png,1200,1713,0.700525
img/umj/0/umj-0031.png,1200,1676,0.71599
img/umj/0/umj-0032.png,1200,1693,0.708801
img/umj/0/umj-0033.png,1200,1371,0.875274
img/umj/0/umj-0034.png,1200,1578,0.760456
img/umj/0/umj-0035.png,1200,1724,0.696056
img/umj/0/umj-0036.png,1200,1751,0.685323
img/umj/0/umj-0037.png,1200,1733,0.692441
img/umj/0/umj-0038.png,1200,1737,0.690846
img/umj/0/umj-0039.png,1200,1737,0.690846
img/umj/0/umj-0040.png,1200,1730,0.693642
img/umj/0/umj-0041.png,1200,1731,0.693241
img/umj/0/umj-0042.png,1200,1729,0.694043
img/umj/0/umj-0043.png,1200,1732,0.692841
img/umj/0/umj-0044.png,1200,1733,0.692441
img/umj/0/umj-0045.png,1200,1722,0.696864
img/umj/0/umj-0046.png,1200,1730,0.693642
img/umj/0/umj-0047.png,1200,1716,0.699301
img/umj/0/umj-0048.png,1200,1732,0.692841
img/umj/0/umj-0049.png,1200,1740,0.689655
img/umj/0/umj-0050.png,1200,1730,0.693642
img/umj/0/umj-0051.png,1200,1730,0.693642
img/umj/0/umj-0052.png,1200,1736,0.691244
img/umj/0/umj-0053.png,1200,1736,0.691244
img/umj/0/umj-0054.png,1200,1736,0.691244
img/umj/0/umj-0055.png,1200,1676,0.71599
img/umj/0/umj-0056.png,1200,701,1.71184
img/umj/0/umj-0057.png,1200,1545,0.776699
img/umj/0/umj-0058.png,1200,1736,0.691244
img/umj/0/umj-0059.png,1200,1722,0.696864
img/umj/0/umj-0060.png,1200,1720,0.697674
img/umj/0/umj-0061.png,1200,1658,0.723764
img/umj/0/umj-0062.png,1200,1715,0.699708
img/umj/0/umj-0063.png,1200,1703,0.704639
img/umj/0/umj-0064.png,1200,1726,0.695249
img/umj/0/umj-0065.png,1200,1740,0.689655
img/umj/0/umj-0066.png,1200,1736,0.691244
img/umj/0/umj-0067.png,1200,1724,0.696056
img/umj/0/umj-0068.png,1200,1694,0.708383
img/umj/0/umj-0069.png,1200,1708,0.702576
img/umj/0/umj-0070.png,1200,1713,0.700525
img/umj/0/umj-0071.png,1200,1714,0.700117
img/umj/0/umj-0072.png,1200,1715,0.699708
img/umj/0/umj-0073.png,1200,1732,0.692841
img/umj/0/umj-0074.png,1200,1739,0.690052
img/umj/0/umj-0075.png,1200,1711,0.701344
img/umj/0/umj-0076.png,1200,1723,0.69646
img/umj/0/umj-0077.png,1200,1726,0.695249
img/umj/0/umj-0078.png,1200,1736,0.691244
img/umj/0/umj-0079.png,1200,1723,0.69646
img/umj/0/umj-0080.png,1200,1739,0.690052
img/umj/0/umj-0081.png,1200,1734,0.692042
img/umj/0/umj-0082.png,1200,1733,0.692441
img/umj/0/umj-0083.png,1200,1711,0.701344
img/umj/0/umj-0084.png,1200,1731,0.693241
img/umj/0/umj-0085.png,1200,1719,0.69808
img/umj/0/umj-0086.png,1200,1744,0.688073
img/umj/0/umj-0087.png,1200,1732,0.692841
img/umj/0/umj-0088.png,1200,1727,0.694847
img/umj/0/umj-0089.png,1200,1732,0.692841
img/umj/0/umj-0090.png,1200,801,1.49813
img/umj/0/umj-0091.png,1200,1557,0.770713
img/umj/0/umj-0092.png,1200,1728,0.694444
img/umj/0/umj-0093.png,1200,1749,0.686106
img/umj/0/umj-0094.png,1200,1683,0.713012
img/umj/0/umj-0095.png,1200,1721,0.697269
img/umj/0/umj-0096.png,1200,1732,0.692841
img/umj/0/umj-0097.png,1200,1732,0.692841
img/umj/0/umj-0098.png,1200,1734,0.692042
img/umj/0/umj-0099.png,1200,1380,0.869565
img/umj/10/umj-1000.png,1200,1702,0.705053
img/umj/10/umj-1001.png,1200,1677,0.715564
img/umj/10/umj-1002.png,1200,1697,0.70713
img/umj/10/umj-1003.png,1200,1689,0.71048
img/umj/10/umj-1004.png,1200,1716,0.699301
img/umj/10/umj-1005.png,1200,1689,0.71048
img/umj/10/umj-1006.png,1200,1707,0.702988
img/umj/10/umj-1007.png,1200,1673,0.717274
img/umj/10/umj-1008.png,1200,1632,0.735294
img/umj/10/umj-1009.png,1200,1740,0.689655
img/umj/10/umj-1010.png,1200,1735,0.691643
img/umj/10/umj-1011.png,1200,1725,0.695652
img/umj/10/umj-1012.png,1200,1666,0.720288
img/umj/10/umj-1013.png,1200,1708,0.702576
img/umj/10/umj-1014.png,1200,1688,0.7109
img/umj/10/umj-1015.png,1200,1734,0.692042
img/umj/10/umj-1016.png,1200,1697,0.70713
img/umj/10/umj-1017.png,1200,1744,0.688073
img/umj/10/umj-1018.png,1200,1706,0.7034
img/umj/10/umj-1019.png,1200,1666,0.720288
img/umj/10/umj-1020.png,1200,1682,0.713436
img/umj/10/umj-1021.png,1200,1717,0.698893
img/umj/10/umj-1022.png,1200,1333,0.900225
img/umj/10/umj-1023.png,1200,1678,0.715137
img/umj/10/umj-1024.png,1200,1688,0.7109
img/umj/10/umj-1025.png,1200,1669,0.718993
img/umj/10/umj-1026.png,1200,1719,0.69808
img/umj/10/umj-1027.png,1200,1718,0.698487
img/umj/10/umj-1028.png,1200,3225,0.372093
img/umj/10/umj-1029.png,1200,1693,0.708801
img/umj/10/umj-1030.png,1200,1709,0.702165
img/umj/10/umj-1031.png,1200,1687,0.711322
img/umj/10/umj-1032.png,1200,1681,0.713861
img/umj/10/umj-1033.png,1200,2126,0.56444
img/umj/10/umj-1034.png,1200,2111,0.568451
img/umj/10/umj-1035.png,1200,2039,0.588524
img/umj/10/umj-1036.png,1200,2314,0.518583
img/umj/10/umj-1037.png,1200,2218,0.541028
img/umj/10/umj-1038.png,1200,2057,0.583374
img/umj/10/umj-1039.png,1200,1952,0.614754
img/umj/10/umj-1040.png,1200,2142,0.560224
img/umj/10/umj-1041.png,1200,2002,0.599401
img/umj/10/umj-1042.png,1200,2210,0.542986
img/umj/10/umj-1043.png,1200,2303,0.521059
img/umj/10/umj-1044.png,1200,2071,0.57943
img/umj/10/umj-1045.png,1200,2118,0.566572
img/umj/10/umj-1046.png,1200,2277,0.527009
img/umj/10/umj-1047.png,1200,2300,0.521739
img/umj/10/umj-1048.png,1200,2241,0.535475
img/umj/10/umj-1049.png,1200,2072,0.579151
img/umj/10/umj-1050.png,1200,2348,0.511073
img/umj/10/umj-1051.png,1200,2236,0.536673
img/umj/10/umj-1052.png,1200,2218,0.541028
img/umj/10/umj-1053.png,1200,2195,0.546697
img/umj/10/umj-1054.png,1200,2147,0.558919
img/umj/10/umj-1055.png,1200,2219,0.540784
img/umj/10/umj-1056.png,1200,1903,0.630583
img/umj/10/umj-1057.png,1200,1153,1.04076
img/umj/1/umj-0100.png,1200,1568,0.765306
img/umj/1/umj-0101.png,1200,1715,0.699708
img/umj/1/umj-0102.png,1200,1735,0.691643
img/umj/1/umj-0103.png,1200,1714,0.700117
img/umj/1/umj-0104.png,1200,1665,0.720721
img/umj/1/umj-0105.png,1200,1731,0.693241
img/umj/1/umj-0106.png,1200,1727,0.694847
img/umj/1/umj-0107.png,1200,1720,0.697674
img/umj/1/umj-0108.png,1200,505,2.37624
img/umj/1/umj-0109.png,1200,1574,0.762389
img/umj/1/umj-0110.png,1200,1679,0.714711
img/umj/1/umj-0111.png,1200,1732,0.692841
img/umj/1/umj-0112.png,1200,1731,0.693241
img/umj/1/umj-0113.png,1200,1743,0.688468
img/umj/1/umj-0114.png,1200,1681,0.713861
img/umj/1/umj-0115.png,1200,1713,0.700525
img/umj/1/umj-0116.png,1200,1720,0.697674
img/umj/1/umj-0117.png,1200,1722,0.696864
img/umj/1/umj-0118.png,1200,1730,0.693642
img/umj/1/umj-0119.png,1200,1727,0.694847
img/umj/1/umj-0120.png,1200,1731,0.693241
img/umj/1/umj-0121.png,1200,1701,0.705467
img/umj/1/umj-0122.png,1200,1741,0.689259
img/umj/1/umj-0123.png,1200,1729,0.694043
img/umj/1/umj-0124.png,1200,1725,0.695652
img/umj/1/umj-0125.png,1200,1731,0.693241
img/umj/1/umj-0126.png,1200,1734,0.692042
img/umj/1/umj-0127.png,1200,1712,0.700935
img/umj/1/umj-0128.png,1200,1669,0.718993
img/umj/1/umj-0129.png,1200,1731,0.693241
img/umj/1/umj-0130.png,1200,1728,0.694444
img/umj/1/umj-0131.png,1200,1727,0.694847
img/umj/1/umj-0132.png,1200,1715,0.699708
img/umj/1/umj-0133.png,1200,1728,0.694444
img/umj/1/umj-0134.png,1200,1698,0.706714
img/umj/1/umj-0135.png,1200,1729,0.694043
img/umj/1/umj-0136.png,1200,1694,0.708383
img/umj/1/umj-0137.png,1200,1727,0.694847
img/umj/1/umj-0138.png,1200,1734,0.692042
img/umj/1/umj-0139.png,1200,1732,0.692841
img/umj/1/umj-0140.png,1200,1739,0.690052
img/umj/1/umj-0141.png,1200,1716,0.699301
img/umj/1/umj-0142.png,1200,666,1.8018
img/umj/1/umj-0143.png,1200,1553,0.772698
img/umj/1/umj-0144.png,1200,1714,0.700117
img/umj/1/umj-0145.png,1200,1728,0.694444
img/umj/1/umj-0146.png,1200,1708,0.702576
img/umj/1/umj-0147.png,1200,1723,0.69646
img/umj/1/umj-0148.png,1200,1730,0.693642
img/umj/1/umj-0149.png,1200,1727,0.694847
img/umj/1/umj-0150.png,1200,1723,0.69646
img/umj/1/umj-0151.png,1200,1679,0.714711
img/umj/1/umj-0152.png,1200,1734,0.692042
img/umj/1/umj-0153.png,1200,1732,0.692841
img/umj/1/umj-0154.png,1200,1727,0.694847
img/umj/1/umj-0155.png,1200,1708,0.702576
img/umj/1/umj-0156.png,1200,1714,0.700117
img/umj/1/umj-0157.png,1200,1727,0.694847
img/umj/1/umj-0158.png,1200,1722,0.696864
img/umj/1/umj-0159.png,1200,1636,0.733496
img/umj/1/umj-0160.png,1200,1727,0.694847
img/umj/1/umj-0161.png,1200,1735,0.691643
img/umj/1/umj-0162.png,1200,1736,0.691244
img/umj/1/umj-0163.png,1200,1727,0.694847
img/umj/1/umj-0164.png,1200,1697,0.70713
img/umj/1/umj-0165.png,1200,1734,0.692042
img/umj/1/umj-0166.png,1200,1718,0.698487
img/umj/1/umj-0167.png,1200,1727,0.694847
img/umj/1/umj-0168.png,1200,1725,0.695652
img/umj/1/umj-0169.png,1200,1715,0.699708
img/umj/1/umj-0170.png,1200,1707,0.702988
img/umj/1/umj-0171.png,1200,1740,0.689655
img/umj/1/umj-0172.png,1200,1719,0.69808
img/umj/1/umj-0173.png,1200,1744,0.688073
img/umj/1/umj-0174.png,1200,1726,0.695249
img/umj/1/umj-0175.png,1200,1731,0.693241
img/umj/1/umj-0176.png,1200,1690,0.710059
img/umj/1/umj-0177.png,1200,1732,0.692841
img/umj/1/umj-0178.png,1200,1732,0.692841
img/umj/1/umj-0179.png,1200,1722,0.696864
img/umj/1/umj-0180.png,1200,1730,0.693642
img/umj/1/umj-0181.png,1200,1734,0.692042
img/umj/1/umj-0182.png,1200,1673,0.717274
img/umj/1/umj-0183.png,1200,1734,0.692042
img/umj/1/umj-0184.png,1200,1670,0.718563
img/umj/1/umj-0185.png,1200,1718,0.698487
img/umj/1/umj-0186.png,1200,1671,0.718133
img/umj/1/umj-0187.png,1200,1720,0.697674
img/umj/1/umj-0188.png,1200,1725,0.695652
img/umj/1/umj-0189.png,1200,1694,0.708383
img/umj/1/umj-0190.png,1200,1727,0.694847
img/umj/1/umj-0191.png,1200,1698,0.706714
img/umj/1/umj-0192.png,1200,1731,0.693241
img/umj/1/umj-0193.png,1200,1722,0.696864
img/umj/1/umj-0194.png,1200,889,1.34983
img/umj/1/umj-0195.png,1200,1574,0.762389
img/umj/1/umj-0196.png,1200,1733,0.692441
img/umj/1/umj-0197.png,1200,1728,0.694444
img/umj/1/umj-0198.png,1200,1731,0.693241
img/umj/1/umj-0199.png,1200,1731,0.693241
img/umj/2/umj-0200.png,1200,1700,0.705882
img/umj/2/umj-0201.png,1200,1695,0.707965
img/umj/2/umj-0202.png,1200,1726,0.695249
img/umj/2/umj-0203.png,1200,1722,0.696864
img/umj/2/umj-0204.png,1200,1728,0.694444
img/umj/2/umj-0205.png,1200,1725,0.695652
img/umj/2/umj-0206.png,1200,1697,0.70713
img/umj/2/umj-0207.png,1200,1715,0.699708
img/umj/2/umj-0208.png,1200,1650,0.727273
img/umj/2/umj-0209.png,1200,1726,0.695249
img/umj/2/umj-0210.png,1200,1715,0.699708
img/umj/2/umj-0211.png,1200,1736,0.691244
img/umj/2/umj-0212.png,1200,1752,0.684932
img/umj/2/umj-0213.png,1200,1734,0.692042
img/umj/2/umj-0214.png,1200,1739,0.690052
img/umj/2/umj-0215.png,1200,1734,0.692042
img/umj/2/umj-0216.png,1200,1669,0.718993
img/umj/2/umj-0217.png,1200,1749,0.686106
img/umj/2/umj-0218.png,1200,1666,0.720288
img/umj/2/umj-0219.png,1200,1685,0.712166
img/umj/2/umj-0220.png,1200,1673,0.717274
img/umj/2/umj-0221.png,1200,1745,0.687679
img/umj/2/umj-0222.png,1200,1643,0.730371
img/umj/2/umj-0223.png,1200,1737,0.690846
img/umj/2/umj-0224.png,1200,1687,0.711322
img/umj/2/umj-0225.png,1200,1723,0.69646
img/umj/2/umj-0226.png,1200,1689,0.71048
img/umj/2/umj-0227.png,1200,1718,0.698487
img/umj/2/umj-0228.png,1200,1725,0.695652
img/umj/2/umj-0229.png,1200,1734,0.692042
img/umj/2/umj-0230.png,1200,1689,0.71048
img/umj/2/umj-0231.png,1200,705,1.70213
img/umj/2/umj-0232.png,1200,1554,0.772201
img/umj/2/umj-0233.png,1200,1732,0.692841
img/umj/2/umj-0234.png,1200,1665,0.720721
img/umj/2/umj-0235.png,1200,1717,0.698893
img/umj/2/umj-0236.png,1200,1708,0.702576
img/umj/2/umj-0237.png,1200,1737,0.690846
img/umj/2/umj-0238.png,1200,1724,0.696056
img/umj/2/umj-0239.png,1200,1735,0.691643
img/umj/2/umj-0240.png,1200,1664,0.721154
img/umj/2/umj-0241.png,1200,1737,0.690846
img/umj/2/umj-0242.png,1200,1675,0.716418
img/umj/2/umj-0243.png,1200,1729,0.694043
img/umj/2/umj-0244.png,1200,1734,0.692042
img/umj/2/umj-0245.png,1200,1722,0.696864
img/umj/2/umj-0246.png,1200,1721,0.697269
img/umj/2/umj-0247.png,1200,1692,0.70922
img/umj/2/umj-0248.png,1200,1722,0.696864
img/umj/2/umj-0249.png,1200,1730,0.693642
img/umj/2/umj-0250.png,1200,1725,0.695652
img/umj/2/umj-0251.png,1200,1727,0.694847
img/umj/2/umj-0252.png,1200,1720,0.697674
img/umj/2/umj-0253.png,1200,1734,0.692042
img/umj/2/umj-0254.png,1200,1651,0.726832
img/umj/2/umj-0255.png,1200,1704,0.704225
img/umj/2/umj-0256.png,1200,1729,0.694043
img/umj/2/umj-0257.png,1200,1723,0.69646
img/umj/2/umj-0258.png,1200,1696,0.707547
img/umj/2/umj-0259.png,1200,1728,0.694444
img/umj/2/umj-0260.png,1200,1739,0.690052
img/umj/2/umj-0261.png,1200,1384,0.867052
img/umj/2/umj-0262.png,1200,1729,0.694043
img/umj/2/umj-0263.png,1200,758,1.58311
img/umj/2/umj-0264.png,1200,1575,0.761905
img/umj/2/umj-0265.png,1200,1392,0.862069
img/umj/2/umj-0266.png,1200,1725,0.695652
img/umj/2/umj-0267.png,1200,1718,0.698487
img/umj/2/umj-0268.png,1200,1710,0.701754
img/umj/2/umj-0269.png,1200,1729,0.694043
img/umj/2/umj-0270.png,1200,1720,0.697674
img/umj/2/umj-0271.png,1200,1689,0.71048
img/umj/2/umj-0272.png,1200,1729,0.694043
img/umj/2/umj-0273.png,1200,1359,0.883002
img/umj/2/umj-0274.png,1200,1549,0.774693
img/umj/2/umj-0275.png,1200,1708,0.702576
img/umj/2/umj-0276.png,1200,1730,0.693642
img/umj/2/umj-0277.png,1200,1736,0.691244
img/umj/2/umj-0278.png,1200,1730,0.693642
img/umj/2/umj-0279.png,1200,1720,0.697674
img/umj/2/umj-0280.png,1200,1701,0.705467
img/umj/2/umj-0281.png,1200,1722,0.696864
img/umj/2/umj-0282.png,1200,1654,0.725514
img/umj/2/umj-0283.png,1200,1713,0.700525
img/umj/2/umj-0284.png,1200,1736,0.691244
img/umj/2/umj-0285.png,1200,1725,0.695652
img/umj/2/umj-0286.png,1200,1739,0.690052
img/umj/2/umj-0287.png,1200,1698,0.706714
img/umj/2/umj-0288.png,1200,1689,0.71048
img/umj/2/umj-0289.png,1200,1740,0.689655
img/umj/2/umj-0290.png,1200,1689,0.71048
img/umj/2/umj-0291.png,1200,1734,0.692042
img/umj/2/umj-0292.png,1200,1707,0.702988
img/umj/2/umj-0293.png,1200,1721,0.697269
img/umj/2/umj-0294.png,1200,1738,0.690449
img/umj/2/umj-0295.png,1200,1730,0.693642
img/umj/2/umj-0296.png,1200,1729,0.694043
img/umj/2/umj-0297.png,1200,1728,0.694444
img/umj/2/umj-0298.png,1200,1722,0.696864
img/umj/2/umj-0299.png,1200,1718,0.698487
img/umj/3/umj-0300.png,1200,1705,0.703812
img/umj/3/umj-0301.png,1200,1730,0.693642
img/umj/3/umj-0302.png,1200,1736,0.691244
img/umj/3/umj-0303.png,1200,1734,0.692042
img/umj/3/umj-0304.png,1200,1732,0.692841
img/umj/3/umj-0305.png,1200,1726,0.695249
img/umj/3/umj-0306.png,1200,1689,0.71048
img/umj/3/umj-0307.png,1200,1734,0.692042
img/umj/3/umj-0308.png,1200,1737,0.690846
img/umj/3/umj-0309.png,1200,1715,0.699708
img/umj/3/umj-0310.png,1200,1707,0.702988
img/umj/3/umj-0311.png,1200,1740,0.689655
img/umj/3/umj-0312.png,1200,1682,0.713436
img/umj/3/umj-0313.png,1200,1721,0.697269
img/umj/3/umj-0314.png,1200,1727,0.694847
img/umj/3/umj-0315.png,1200,1718,0.698487
img/umj/3/umj-0316.png,1200,1697,0.70713
img/umj/3/umj-0317.png,1200,1723,0.69646
img/umj/3/umj-0318.png,1200,1705,0.703812
img/umj/3/umj-0319.png,1200,1703,0.704639
img/umj/3/umj-0320.png,1200,1714,0.700117
img/umj/3/umj-0321.png,1200,1724,0.696056
img/umj/3/umj-0322.png,1200,1708,0.702576
img/umj/3/umj-0323.png,1200,1716,0.699301
img/umj/3/umj-0324.png,1200,1696,0.707547
img/umj/3/umj-0325.png,1200,1732,0.692841
img/umj/3/umj-0326.png,1200,1573,0.762873
img/umj/3/umj-0327.png,1200,1629,0.736648
img/umj/3/umj-0328.png,1200,1707,0.702988
img/umj/3/umj-0329.png,1200,1405,0.854093
img/umj/3/umj-0330.png,1200,1735,0.691643
img/umj/3/umj-0331.png,1200,1720,0.697674
img/umj/3/umj-0332.png,1200,1723,0.69646
img/umj/3/umj-0333.png,1200,1723,0.69646
img/umj/3/umj-0334.png,1200,1702,0.705053
img/umj/3/umj-0335.png,1200,1734,0.692042
img/umj/3/umj-0336.png,1200,1694,0.708383
img/umj/3/umj-0337.png,1200,1737,0.690846
img/umj/3/umj-0338.png,1200,1703,0.704639
img/umj/3/umj-0339.png,1200,1729,0.694043
img/umj/3/umj-0340.png,1200,1697,0.70713
img/umj/3/umj-0341.png,1200,1725,0.695652
img/umj/3/umj-0342.png,1200,1740,0.689655
img/umj/3/umj-0343.png,1200,1712,0.700935
img/umj/3/umj-0344.png,1200,1711,0.701344
img/umj/3/umj-0345.png,1200,1723,0.69646
img/umj/3/umj-0346.png,1200,1735,0.691643
img/umj/3/umj-0347.png,1200,1129,1.06289
img/umj/3/umj-0348.png,1200,1575,0.761905
img/umj/3/umj-0349.png,1200,1675,0.716418
img/umj/3/umj-0350.png,1200,1687,0.711322
img/umj/3/umj-0351.png,1200,1723,0.69646
img/umj/3/umj-0352.png,1200,1697,0.70713
img/umj/3/umj-0353.png,1200,1720,0.697674
img/umj/3/umj-0354.png,1200,1714,0.700117
img/umj/3/umj-0355.png,1200,1640,0.731707
img/umj/3/umj-0356.png,1200,1720,0.697674
img/umj/3/umj-0357.png,1200,1668,0.719424
img/umj/3/umj-0358.png,1200,1696,0.707547
img/umj/3/umj-0359.png,1200,1716,0.699301
img/umj/3/umj-0360.png,1200,1711,0.701344
img/umj/3/umj-0361.png,1200,1736,0.691244
img/umj/3/umj-0362.png,1200,1729,0.694043
img/umj/3/umj-0363.png,1200,1731,0.693241
img/umj/3/umj-0364.png,1200,1691,0.709639
img/umj/3/umj-0365.png,1200,1732,0.692841
img/umj/3/umj-0366.png,1200,1721,0.697269
img/umj/3/umj-0367.png,1200,1661,0.722456
img/umj/3/umj-0368.png,1200,1728,0.694444
img/umj/3/umj-0369.png,1200,1735,0.691643
img/umj/3/umj-0370.png,1200,1708,0.702576
img/umj/3/umj-0371.png,1200,1734,0.692042
img/umj/3/umj-0372.png,1200,1703,0.704639
img/umj/3/umj-0373.png,1200,1740,0.689655
img/umj/3/umj-0374.png,1200,1716,0.699301
img/umj/3/umj-0375.png,1200,1723,0.69646
img/umj/3/umj-0376.png,1200,1721,0.697269
img/umj/3/umj-0377.png,1200,1725,0.695652
img/umj/3/umj-0378.png,1200,1700,0.705882
img/umj/3/umj-0379.png,1200,1740,0.689655
img/umj/3/umj-0380.png,1200,1732,0.692841
img/umj/3/umj-0381.png,1200,1734,0.692042
img/umj/3/umj-0382.png,1200,1697,0.70713
img/umj/3/umj-0383.png,1200,1715,0.699708
img/umj/3/umj-0384.png,1200,1714,0.700117
img/umj/3/umj-0385.png,1200,1747,0.686892
img/umj/3/umj-0386.png,1200,1698,0.706714
img/umj/3/umj-0387.png,1200,1734,0.692042
img/umj/3/umj-0388.png,1200,1700,0.705882
img/umj/3/umj-0389.png,1200,1708,0.702576
img/umj/3/umj-0390.png,1200,1723,0.69646
img/umj/3/umj-0391.png,1200,1692,0.70922
img/umj/3/umj-0392.png,1200,1739,0.690052
img/umj/3/umj-0393.png,1200,1734,0.692042
img/umj/3/umj-0394.png,1200,1737,0.690846
img/umj/3/umj-0395.png,1200,1730,0.693642
img/umj/3/umj-0396.png,1200,1735,0.691643
img/umj/3/umj-0397.png,1200,1679,0.714711
img/umj/3/umj-0398.png,1200,1365,0.879121
img/umj/3/umj-0399.png,1200,1568,0.765306
img/umj/4/umj-0400.png,1200,1710,0.701754
img/umj/4/umj-0401.png,1200,1726,0.695249
img/umj/4/umj-0402.png,1200,1739,0.690052
img/umj/4/umj-0403.png,1200,1716,0.699301
img/umj/4/umj-0404.png,1200,1742,0.688863
img/umj/4/umj-0405.png,1200,1739,0.690052
img/umj/4/umj-0406.png,1200,1732,0.692841
img/umj/4/umj-0407.png,1200,1735,0.691643
img/umj/4/umj-0408.png,1200,1704,0.704225
img/umj/4/umj-0409.png,1200,1743,0.688468
img/umj/4/umj-0410.png,1200,1737,0.690846
img/umj/4/umj-0411.png,1200,1692,0.70922
img/umj/4/umj-0412.png,1200,1730,0.693642
img/umj/4/umj-0413.png,1200,1739,0.690052
img/umj/4/umj-0414.png,1200,1750,0.685714
img/umj/4/umj-0415.png,1200,1710,0.701754
img/umj/4/umj-0416.png,1200,1742,0.688863
img/umj/4/umj-0417.png,1200,1740,0.689655
img/umj/4/umj-0418.png,1200,1709,0.702165
img/umj/4/umj-0419.png,1200,1732,0.692841
img/umj/4/umj-0420.png,1200,1709,0.702165
img/umj/4/umj-0421.png,1200,1707,0.702988
img/umj/4/umj-0422.png,1200,1742,0.688863
img/umj/4/umj-0423.png,1200,1736,0.691244
img/umj/4/umj-0424.png,1200,1750,0.685714
img/umj/4/umj-0425.png,1200,1702,0.705053
img/umj/4/umj-0426.png,1200,1731,0.693241
img/umj/4/umj-0427.png,1200,1732,0.692841
img/umj/4/umj-0428.png,1200,1729,0.694043
img/umj/4/umj-0429.png,1200,1683,0.713012
img/umj/4/umj-0430.png,1200,1687,0.711322
img/umj/4/umj-0431.png,1200,1727,0.694847
img/umj/4/umj-0432.png,1200,1727,0.694847
img/umj/4/umj-0433.png,1200,1727,0.694847
img/umj/4/umj-0434.png,1200,1710,0.701754
img/umj/4/umj-0435.png,1200,1723,0.69646
img/umj/4/umj-0436.png,1200,1747,0.686892
img/umj/4/umj-0437.png,1200,1685,0.712166
img/umj/4/umj-0438.png,1200,1693,0.708801
img/umj/4/umj-0439.png,1200,1731,0.693241
img/umj/4/umj-0440.png,1200,1703,0.704639
img/umj/4/umj-0441.png,1200,1736,0.691244
img/umj/4/umj-0442.png,1200,1355,0.885609
img/umj/4/umj-0443.png,1200,1564,0.767263
img/umj/4/umj-0444.png,1200,1712,0.700935
img/umj/4/umj-0445.png,1200,1750,0.685714
img/umj/4/umj-0446.png,1200,1736,0.691244
img/umj/4/umj-0447.png,1200,1722,0.696864
img/umj/4/umj-0448.png,1200,1725,0.695652
img/umj/4/umj-0449.png,1200,1729,0.694043
img/umj/4/umj-0450.png,1200,1700,0.705882
img/umj/4/umj-0451.png,1200,1742,0.688863
img/umj/4/umj-0452.png,1200,1721,0.697269
img/umj/4/umj-0453.png,1200,1735,0.691643
img/umj/4/umj-0454.png,1200,1723,0.69646
img/umj/4/umj-0455.png,1200,1734,0.692042
img/umj/4/umj-0456.png,1200,1739,0.690052
img/umj/4/umj-0457.png,1200,1734,0.692042
img/umj/4/umj-0458.png,1200,1735,0.691643
img/umj/4/umj-0459.png,1200,1706,0.7034
img/umj/4/umj-0460.png,1200,1732,0.692841
img/umj/4/umj-0461.png,1200,1728,0.694444
img/umj/4/umj-0462.png,1200,1734,0.692042
img/umj/4/umj-0463.png,1200,1687,0.711322
img/umj/4/umj-0464.png,1200,1681,0.713861
img/umj/4/umj-0465.png,1200,1683,0.713012
img/umj/4/umj-0466.png,1200,1743,0.688468
img/umj/4/umj-0467.png,1200,1677,0.715564
img/umj/4/umj-0468.png,1200,1701,0.705467
img/umj/4/umj-0469.png,1200,1725,0.695652
img/umj/4/umj-0470.png,1200,1697,0.70713
img/umj/4/umj-0471.png,1200,1741,0.689259
img/umj/4/umj-0472.png,1200,1692,0.70922
img/umj/4/umj-0473.png,1200,1723,0.69646
img/umj/4/umj-0474.png,1200,1564,0.767263
img/umj/4/umj-0475.png,1200,1732,0.692841
img/umj/4/umj-0476.png,1200,1684,0.712589
img/umj/4/umj-0477.png,1200,1680,0.714286
img/umj/4/umj-0478.png,1200,1707,0.702988
img/umj/4/umj-0479.png,1200,1702,0.705053
img/umj/4/umj-0480.png,1200,1709,0.702165
img/umj/4/umj-0481.png,1200,1734,0.692042
img/umj/4/umj-0482.png,1200,1699,0.706298
img/umj/4/umj-0483.png,1200,1744,0.688073
img/umj/4/umj-0484.png,1200,1739,0.690052
img/umj/4/umj-0485.png,1200,1736,0.691244
img/umj/4/umj-0486.png,1200,1695,0.707965
img/umj/4/umj-0487.png,1200,1742,0.688863
img/umj/4/umj-0488.png,1200,1575,0.761905
img/umj/4/umj-0489.png,1200,1725,0.695652
img/umj/4/umj-0490.png,1200,1695,0.707965
img/umj/4/umj-0491.png,1200,1673,0.717274
img/umj/4/umj-0492.png,1200,1732,0.692841
img/umj/4/umj-0493.png,1200,1734,0.692042
img/umj/4/umj-0494.png,1200,1733,0.692441
img/umj/4/umj-0495.png,1200,1674,0.716846
img/umj/4/umj-0496.png,1200,1735,0.691643
img/umj/4/umj-0497.png,1200,1732,0.692841
img/umj/4/umj-0498.png,1200,1706,0.7034
img/umj/4/umj-0499.png,1200,1663,0.721587
img/umj/5/umj-0500.png,1200,1735,0.691643
img/umj/5/umj-0501.png,1200,1659,0.723327
img/umj/5/umj-0502.png,1200,1731,0.693241
img/umj/5/umj-0503.png,1200,1745,0.687679
img/umj/5/umj-0504.png,1200,1740,0.689655
img/umj/5/umj-0505.png,1200,1723,0.69646
img/umj/5/umj-0506.png,1200,1736,0.691244
img/umj/5/umj-0507.png,1200,1555,0.771704
img/umj/5/umj-0508.png,1200,1725,0.695652
img/umj/5/umj-0509.png,1200,1738,0.690449
img/umj/5/umj-0510.png,1200,1738,0.690449
img/umj/5/umj-0511.png,1200,653,1.83767
img/umj/5/umj-0512.png,1200,1540,0.779221
img/umj/5/umj-0513.png,1200,1735,0.691643
img/umj/5/umj-0514.png,1200,1724,0.696056
img/umj/5/umj-0515.png,1200,1736,0.691244
img/umj/5/umj-0516.png,1200,1724,0.696056
img/umj/5/umj-0517.png,1200,1736,0.691244
img/umj/5/umj-0518.png,1200,1725,0.695652
img/umj/5/umj-0519.png,1200,1723,0.69646
img/umj/5/umj-0520.png,1200,1739,0.690052
img/umj/5/umj-0521.png,1200,1715,0.699708
img/umj/5/umj-0522.png,1200,1737,0.690846
img/umj/5/umj-0523.png,1200,1734,0.692042
img/umj/5/umj-0524.png,1200,1731,0.693241
img/umj/5/umj-0525.png,1200,1715,0.699708
img/umj/5/umj-0526.png,1200,1746,0.687285
img/umj/5/umj-0527.png,1200,1735,0.691643
img/umj/5/umj-0528.png,1200,1729,0.694043
img/umj/5/umj-0529.png,1200,1728,0.694444
img/umj/5/umj-0530.png,1200,1716,0.699301
img/umj/5/umj-0531.png,1200,1724,0.696056
img/umj/5/umj-0532.png,1200,1722,0.696864
img/umj/5/umj-0533.png,1200,1739,0.690052
img/umj/5/umj-0534.png,1200,1698,0.706714
img/umj/5/umj-0535.png,1200,1739,0.690052
img/umj/5/umj-0536.png,1200,1714,0.700117
img/umj/5/umj-0537.png,1200,1726,0.695249
img/umj/5/umj-0538.png,1200,1706,0.7034
img/umj/5/umj-0539.png,1200,1695,0.707965
img/umj/5/umj-0540.png,1200,1734,0.692042
img/umj/5/umj-0541.png,1200,1730,0.693642
img/umj/5/umj-0542.png,1200,1724,0.696056
img/umj/5/umj-0543.png,1200,1653,0.725953
img/umj/5/umj-0544.png,1200,1725,0.695652
img/umj/5/umj-0545.png,1200,1692,0.70922
img/umj/5/umj-0546.png,1200,1688,0.7109
img/umj/5/umj-0547.png,1200,1710,0.701754
img/umj/5/umj-0548.png,1200,1662,0.722022
img/umj/5/umj-0549.png,1200,1722,0.696864
img/umj/5/umj-0550.png,1200,1718,0.698487
img/umj/5/umj-0551.png,1200,1731,0.693241
img/umj/5/umj-0552.png,1200,1696,0.707547
img/umj/5/umj-0553.png,1200,1643,0.730371
img/umj/5/umj-0554.png,1200,1716,0.699301
img/umj/5/umj-0555.png,1200,1735,0.691643
img/umj/5/umj-0556.png,1200,1725,0.695652
img/umj/5/umj-0557.png,1200,1378,0.870827
img/umj/5/umj-0558.png,1200,1699,0.706298
img/umj/5/umj-0559.png,1200,1731,0.693241
img/umj/5/umj-0560.png,1200,1698,0.706714
img/umj/5/umj-0561.png,1200,1721,0.697269
img/umj/5/umj-0562.png,1200,1728,0.694444
img/umj/5/umj-0563.png,1200,1732,0.692841
img/umj/5/umj-0564.png,1200,1682,0.713436
img/umj/5/umj-0565.png,1200,1736,0.691244
img/umj/5/umj-0566.png,1200,1730,0.693642
img/umj/5/umj-0567.png,1200,1654,0.725514
img/umj/5/umj-0568.png,1200,1733,0.692441
img/umj/5/umj-0569.png,1200,1731,0.693241
img/umj/5/umj-0570.png,1200,1727,0.694847
img/umj/5/umj-0571.png,1200,1722,0.696864
img/umj/5/umj-0572.png,1200,1556,0.771208
img/umj/5/umj-0573.png,1200,1686,0.711744
img/umj/5/umj-0574.png,1200,1706,0.7034
img/umj/5/umj-0575.png,1200,1746,0.687285
img/umj/5/umj-0576.png,1200,1695,0.707965
img/umj/5/umj-0577.png,1200,1713,0.700525
img/umj/5/umj-0578.png,1200,1733,0.692441
img/umj/5/umj-0579.png,1200,1721,0.697269
img/umj/5/umj-0580.png,1200,1729,0.694043
img/umj/5/umj-0581.png,1200,1731,0.693241
img/umj/5/umj-0582.png,1200,1738,0.690449
img/umj/5/umj-0583.png,1200,1743,0.688468
img/umj/5/umj-0584.png,1200,1702,0.705053
img/umj/5/umj-0585.png,1200,1716,0.699301
img/umj/5/umj-0586.png,1200,1725,0.695652
img/umj/5/umj-0587.png,1200,1708,0.702576
img/umj/5/umj-0588.png,1200,1706,0.7034
img/umj/5/umj-0589.png,1200,1693,0.708801
img/umj/5/umj-0590.png,1200,1686,0.711744
img/umj/5/umj-0591.png,1200,1734,0.692042
img/umj/5/umj-0592.png,1200,1730,0.693642
img/umj/5/umj-0593.png,1200,1738,0.690449
img/umj/5/umj-0594.png,1200,1711,0.701344
img/umj/5/umj-0595.png,1200,490,2.44898
img/umj/5/umj-0596.png,1200,1567,0.765795
img/umj/5/umj-0597.png,1200,1740,0.689655
img/umj/5/umj-0598.png,1200,1700,0.705882
img/umj/5/umj-0599.png,1200,1709,0.702165
img/umj/6/umj-0600.png,1200,1744,0.688073
img/umj/6/umj-0601.png,1200,1709,0.702165
img/umj/6/umj-0602.png,1200,1711,0.701344
img/umj/6/umj-0603.png,1200,1701,0.705467
img/umj/6/umj-0604.png,1200,1685,0.712166
img/umj/6/umj-0605.png,1200,1694,0.708383
img/umj/6/umj-0606.png,1200,1692,0.70922
img/umj/6/umj-0607.png,1200,1733,0.692441
img/umj/6/umj-0608.png,1200,1735,0.691643
img/umj/6/umj-0609.png,1200,1738,0.690449
img/umj/6/umj-0610.png,1200,1731,0.693241
img/umj/6/umj-0611.png,1200,1750,0.685714
img/umj/6/umj-0612.png,1200,1701,0.705467
img/umj/6/umj-0613.png,1200,1734,0.692042
img/umj/6/umj-0614.png,1200,1711,0.701344
img/umj/6/umj-0615.png,1200,1730,0.693642
img/umj/6/umj-0616.png,1200,1741,0.689259
img/umj/6/umj-0617.png,1200,1745,0.687679
img/umj/6/umj-0618.png,1200,1738,0.690449
img/umj/6/umj-0619.png,1200,1735,0.691643
img/umj/6/umj-0620.png,1200,1719,0.69808
img/umj/6/umj-0621.png,1200,1726,0.695249
img/umj/6/umj-0622.png,1200,1698,0.706714
img/umj/6/umj-0623.png,1200,1735,0.691643
img/umj/6/umj-0624.png,1200,1742,0.688863
img/umj/6/umj-0625.png,1200,1725,0.695652
img/umj/6/umj-0626.png,1200,1742,0.688863
img/umj/6/umj-0627.png,1200,1729,0.694043
img/umj/6/umj-0628.png,1200,1685,0.712166
img/umj/6/umj-0629.png,1200,1713,0.700525
img/umj/6/umj-0630.png,1200,1735,0.691643
img/umj/6/umj-0631.png,1200,1726,0.695249
img/umj/6/umj-0632.png,1200,1722,0.696864
img/umj/6/umj-0633.png,1200,1734,0.692042
img/umj/6/umj-0634.png,1200,1102,1.08893
img/umj/6/umj-0635.png,1200,1575,0.761905
img/umj/6/umj-0636.png,1200,1723,0.69646
img/umj/6/umj-0637.png,1200,1732,0.692841
img/umj/6/umj-0638.png,1200,1718,0.698487
img/umj/6/umj-0639.png,1200,1734,0.692042
img/umj/6/umj-0640.png,1200,1731,0.693241
img/umj/6/umj-0641.png,1200,1739,0.690052
img/umj/6/umj-0642.png,1200,1736,0.691244
img/umj/6/umj-0643.png,1200,1715,0.699708
img/umj/6/umj-0644.png,1200,1731,0.693241
img/umj/6/umj-0645.png,1200,1717,0.698893
img/umj/6/umj-0646.png,1200,1677,0.715564
img/umj/6/umj-0647.png,1200,1733,0.692441
img/umj/6/umj-0648.png,1200,1719,0.69808
img/umj/6/umj-0649.png,1200,1693,0.708801
img/umj/6/umj-0650.png,1200,1701,0.705467
img/umj/6/umj-0651.png,1200,1731,0.693241
img/umj/6/umj-0652.png,1200,1737,0.690846
img/umj/6/umj-0653.png,1200,1726,0.695249
img/umj/6/umj-0654.png,1200,1690,0.710059
img/umj/6/umj-0655.png,1200,1743,0.688468
img/umj/6/umj-0656.png,1200,1713,0.700525
img/umj/6/umj-0657.png,1200,1725,0.695652
img/umj/6/umj-0658.png,1200,1722,0.696864
img/umj/6/umj-0659.png,1200,1714,0.700117
img/umj/6/umj-0660.png,1200,1694,0.708383
img/umj/6/umj-0661.png,1200,1748,0.686499
img/umj/6/umj-0662.png,1200,1739,0.690052
img/umj/6/umj-0663.png,1200,1732,0.692841
img/umj/6/umj-0664.png,1200,1692,0.70922
img/umj/6/umj-0665.png,1200,1716,0.699301
img/umj/6/umj-0666.png,1200,1734,0.692042
img/umj/6/umj-0667.png,1200,1735,0.691643
img/umj/6/umj-0668.png,1200,1698,0.706714
img/umj/6/umj-0669.png,1200,1731,0.693241
img/umj/6/umj-0670.png,1200,1714,0.700117
img/umj/6/umj-0671.png,1200,1738,0.690449
img/umj/6/umj-0672.png,1200,1682,0.713436
img/umj/6/umj-0673.png,1200,1718,0.698487
img/umj/6/umj-0674.png,1200,1735,0.691643
img/umj/6/umj-0675.png,1200,1732,0.692841
img/umj/6/umj-0676.png,1200,1709,0.702165
img/umj/6/umj-0677.png,1200,1725,0.695652
img/umj/6/umj-0678.png,1200,1698,0.706714
img/umj/6/umj-0679.png,1200,1694,0.708383
img/umj/6/umj-0680.png,1200,1700,0.705882
img/umj/6/umj-0681.png,1200,1711,0.701344
img/umj/6/umj-0682.png,1200,1731,0.693241
img/umj/6/umj-0683.png,1200,1715,0.699708
img/umj/6/umj-0684.png,1200,1729,0.694043
img/umj/6/umj-0685.png,1200,1701,0.705467
img/umj/6/umj-0686.png,1200,1716,0.699301
img/umj/6/umj-0687.png,1200,1689,0.71048
img/umj/6/umj-0688.png,1200,1723,0.69646
img/umj/6/umj-0689.png,1200,1720,0.697674
img/umj/6/umj-0690.png,1200,1718,0.698487
img/umj/6/umj-0691.png,1200,1692,0.70922
img/umj/6/umj-0692.png,1200,1732,0.692841
img/umj/6/umj-0693.png,1200,1723,0.69646
img/umj/6/umj-0694.png,1200,1665,0.720721
img/umj/6/umj-0695.png,1200,1717,0.698893
img/umj/6/umj-0696.png,1200,1629,0.736648
img/umj/6/umj-0697.png,1200,1552,0.773196
img/umj/6/umj-0698.png,1200,1702,0.705053
img/umj/6/umj-0699.png,1200,1635,0.733945
img/umj/7/umj-0700.png,1200,1734,0.692042
img/umj/7/umj-0701.png,1200,1723,0.69646
img/umj/7/umj-0702.png,1200,1721,0.697269
img/umj/7/umj-0703.png,1200,1672,0.717703
img/umj/7/umj-0704.png,1200,1725,0.695652
img/umj/7/umj-0705.png,1200,1725,0.695652
img/umj/7/umj-0706.png,1200,1695,0.707965
img/umj/7/umj-0707.png,1200,1711,0.701344
img/umj/7/umj-0708.png,1200,1727,0.694847
img/umj/7/umj-0709.png,1200,1723,0.69646
img/umj/7/umj-0710.png,1200,1729,0.694043
img/umj/7/umj-0711.png,1200,1717,0.698893
img/umj/7/umj-0712.png,1200,1729,0.694043
img/umj/7/umj-0713.png,1200,1718,0.698487
img/umj/7/umj-0714.png,1200,1692,0.70922
img/umj/7/umj-0715.png,1200,1714,0.700117
img/umj/7/umj-0716.png,1200,1717,0.698893
img/umj/7/umj-0717.png,1200,1735,0.691643
img/umj/7/umj-0718.png,1200,1677,0.715564
img/umj/7/umj-0719.png,1200,1674,0.716846
img/umj/7/umj-0720.png,1200,1709,0.702165
img/umj/7/umj-0721.png,1200,1712,0.700935
img/umj/7/umj-0722.png,1200,1702,0.705053
img/umj/7/umj-0723.png,1200,1735,0.691643
img/umj/7/umj-0724.png,1200,1745,0.687679
img/umj/7/umj-0725.png,1200,1735,0.691643
img/umj/7/umj-0726.png,1200,1671,0.718133
img/umj/7/umj-0727.png,1200,1728,0.694444
img/umj/7/umj-0728.png,1200,1708,0.702576
img/umj/7/umj-0729.png,1200,1695,0.707965
img/umj/7/umj-0730.png,1200,1725,0.695652
img/umj/7/umj-0731.png,1200,1717,0.698893
img/umj/7/umj-0732.png,1200,1708,0.702576
img/umj/7/umj-0733.png,1200,1735,0.691643
img/umj/7/umj-0734.png,1200,1717,0.698893
img/umj/7/umj-0735.png,1200,1673,0.717274
img/umj/7/umj-0736.png,1200,1686,0.711744
img/umj/7/umj-0737.png,1200,1568,0.765306
img/umj/7/umj-0738.png,1200,1714,0.700117
img/umj/7/umj-0739.png,1200,1713,0.700525
img/umj/7/umj-0740.png,1200,1731,0.693241
img/umj/7/umj-0741.png,1200,1727,0.694847
img/umj/7/umj-0742.png,1200,1727,0.694847
img/umj/7/umj-0743.png,1200,1645,0.729483
img/umj/7/umj-0744.png,1200,1739,0.690052
img/umj/7/umj-0745.png,1200,1392,0.862069
img/umj/7/umj-0746.png,1200,1645,0.729483
img/umj/7/umj-0747.png,1200,1710,0.701754
img/umj/7/umj-0748.png,1200,1726,0.695249
img/umj/7/umj-0749.png,1200,1725,0.695652
img/umj/7/umj-0750.png,1200,1717,0.698893
img/umj/7/umj-0751.png,1200,1740,0.689655
img/umj/7/umj-0752.png,1200,1652,0.726392
img/umj/7/umj-0753.png,1200,1693,0.708801
img/umj/7/umj-0754.png,1200,1711,0.701344
img/umj/7/umj-0755.png,1200,1714,0.700117
img/umj/7/umj-0756.png,1200,1714,0.700117
img/umj/7/umj-0757.png,1200,1715,0.699708
img/umj/7/umj-0758.png,1200,1668,0.719424
img/umj/7/umj-0759.png,1200,1730,0.693642
img/umj/7/umj-0760.png,1200,1658,0.723764
img/umj/7/umj-0761.png,1200,1730,0.693642
img/umj/7/umj-0762.png,1200,1729,0.694043
img/umj/7/umj-0763.png,1200,1709,0.702165
img/umj/7/umj-0764.png,1200,1705,0.703812
img/umj/7/umj-0765.png,1200,1731,0.693241
img/umj/7/umj-0766.png,1200,1711,0.701344
img/umj/7/umj-0767.png,1200,1717,0.698893
img/umj/7/umj-0768.png,1200,1719,0.69808
img/umj/7/umj-0769.png,1200,1712,0.700935
img/umj/7/umj-0770.png,1200,1700,0.705882
img/umj/7/umj-0771.png,1200,1723,0.69646
img/umj/7/umj-0772.png,1200,1726,0.695249
img/umj/7/umj-0773.png,1200,1707,0.702988
img/umj/7/umj-0774.png,1200,1718,0.698487
img/umj/7/umj-0775.png,1200,1545,0.776699
img/umj/7/umj-0776.png,1200,1719,0.69808
img/umj/7/umj-0777.png,1200,1682,0.713436
img/umj/7/umj-0778.png,1200,1711,0.701344
img/umj/7/umj-0779.png,1200,1695,0.707965
img/umj/7/umj-0780.png,1200,1731,0.693241
img/umj/7/umj-0781.png,1200,1703,0.704639
img/umj/7/umj-0782.png,1200,1722,0.696864
img/umj/7/umj-0783.png,1200,1406,0.853485
img/umj/7/umj-0784.png,1200,1730,0.693642
img/umj/7/umj-0785.png,1200,1720,0.697674
img/umj/7/umj-0786.png,1200,1716,0.699301
img/umj/7/umj-0787.png,1200,1726,0.695249
img/umj/7/umj-0788.png,1200,1710,0.701754
img/umj/7/umj-0789.png,1200,1721,0.697269
img/umj/7/umj-0790.png,1200,1695,0.707965
img/umj/7/umj-0791.png,1200,1695,0.707965
img/umj/7/umj-0792.png,1200,1725,0.695652
img/umj/7/umj-0793.png,1200,1731,0.693241
img/umj/7/umj-0794.png,1200,1695,0.707965
img/umj/7/umj-0795.png,1200,1721,0.697269
img/umj/7/umj-0796.png,1200,1716,0.699301
img/umj/7/umj-0797.png,1200,1700,0.705882
img/umj/7/umj-0798.png,1200,1701,0.705467
img/umj/7/umj-0799.png,1200,1392,0.862069
img/umj/8/umj-0800.png,1200,1716,0.699301
img/umj/8/umj-0801.png,1200,1400,0.857143
img/umj/8/umj-0802.png,1200,1736,0.691244
img/umj/8/umj-0803.png,1200,1731,0.693241
img/umj/8/umj-0804.png,1200,1702,0.705053
img/umj/8/umj-0805.png,1200,1727,0.694847
img/umj/8/umj-0806.png,1200,1719,0.69808
img/umj/8/umj-0807.png,1200,1716,0.699301
img/umj/8/umj-0808.png,1200,1730,0.693642
img/umj/8/umj-0809.png,1200,1727,0.694847
img/umj/8/umj-0810.png,1200,1720,0.697674
img/umj/8/umj-0811.png,1200,1687,0.711322
img/umj/8/umj-0812.png,1200,1723,0.69646
img/umj/8/umj-0813.png,1200,1708,0.702576
img/umj/8/umj-0814.png,1200,1697,0.70713
img/umj/8/umj-0815.png,1200,1396,0.859599
img/umj/8/umj-0816.png,1200,1690,0.710059
img/umj/8/umj-0817.png,1200,1687,0.711322
img/umj/8/umj-0818.png,1200,738,1.62602
img/umj/8/umj-0819.png,1200,1553,0.772698
img/umj/8/umj-0820.png,1200,1704,0.704225
img/umj/8/umj-0821.png,1200,1717,0.698893
img/umj/8/umj-0822.png,1200,1725,0.695652
img/umj/8/umj-0823.png,1200,1396,0.859599
img/umj/8/umj-0824.png,1200,1698,0.706714
img/umj/8/umj-0825.png,1200,1702,0.705053
img/umj/8/umj-0826.png,1200,1730,0.693642
img/umj/8/umj-0827.png,1200,1713,0.700525
img/umj/8/umj-0828.png,1200,1707,0.702988
img/umj/8/umj-0829.png,1200,1726,0.695249
img/umj/8/umj-0830.png,1200,1721,0.697269
img/umj/8/umj-0831.png,1200,1697,0.70713
img/umj/8/umj-0832.png,1200,1700,0.705882
img/umj/8/umj-0833.png,1200,1722,0.696864
img/umj/8/umj-0834.png,1200,1725,0.695652
img/umj/8/umj-0835.png,1200,1722,0.696864
img/umj/8/umj-0836.png,1200,1715,0.699708
img/umj/8/umj-0837.png,1200,1679,0.714711
img/umj/8/umj-0838.png,1200,1729,0.694043
img/umj/8/umj-0839.png,1200,1726,0.695249
img/umj/8/umj-0840.png,1200,1708,0.702576
img/umj/8/umj-0841.png,1200,1715,0.699708
img/umj/8/umj-0842.png,1200,1720,0.697674
img/umj/8/umj-0843.png,1200,1722,0.696864
img/umj/8/umj-0844.png,1200,1721,0.697269
img/umj/8/umj-0845.png,1200,1723,0.69646
img/umj/8/umj-0846.png,1200,1719,0.69808
img/umj/8/umj-0847.png,1200,1704,0.704225
img/umj/8/umj-0848.png,1200,1723,0.69646
img/umj/8/umj-0849.png,1200,1715,0.699708
img/umj/8/umj-0850.png,1200,1721,0.697269
img/umj/8/umj-0851.png,1200,1674,0.716846
img/umj/8/umj-0852.png,1200,1729,0.694043
img/umj/8/umj-0853.png,1200,1729,0.694043
img/umj/8/umj-0854.png,1200,1721,0.697269
img/umj/8/umj-0855.png,1200,1723,0.69646
img/umj/8/umj-0856.png,1200,1736,0.691244
img/umj/8/umj-0857.png,1200,1660,0.722892
img/umj/8/umj-0858.png,1200,1774,0.676437
img/umj/8/umj-0859.png,1200,1676,0.71599
img/umj/8/umj-0860.png,1200,1726,0.695249
img/umj/8/umj-0861.png,1200,1721,0.697269
img/umj/8/umj-0862.png,1200,1732,0.692841
img/umj/8/umj-0863.png,1200,1769,0.678349
img/umj/8/umj-0864.png,1200,1699,0.706298
img/umj/8/umj-0865.png,1200,1726,0.695249
img/umj/8/umj-0866.png,1200,1730,0.693642
img/umj/8/umj-0867.png,1200,1739,0.690052
img/umj/8/umj-0868.png,1200,1727,0.694847
img/umj/8/umj-0869.png,1200,1701,0.705467
img/umj/8/umj-0870.png,1200,1732,0.692841
img/umj/8/umj-0871.png,1200,1670,0.718563
img/umj/8/umj-0872.png,1200,1727,0.694847
img/umj/8/umj-0873.png,1200,1734,0.692042
img/umj/8/umj-0874.png,1200,1694,0.708383
img/umj/8/umj-0875.png,1200,1714,0.700117
img/umj/8/umj-0876.png,1200,1686,0.711744
img/umj/8/umj-0877.png,1200,1674,0.716846
img/umj/8/umj-0878.png,1200,1738,0.690449
img/umj/8/umj-0879.png,1200,1699,0.706298
img/umj/8/umj-0880.png,1200,1732,0.692841
img/umj/8/umj-0881.png,1200,1710,0.701754
img/umj/8/umj-0882.png,1200,1730,0.693642
img/umj/8/umj-0883.png,1200,1693,0.708801
img/umj/8/umj-0884.png,1200,1730,0.693642
img/umj/8/umj-0885.png,1200,1793,0.669269
img/umj/8/umj-0886.png,1200,1695,0.707965
img/umj/8/umj-0887.png,1200,1727,0.694847
img/umj/8/umj-0888.png,1200,1240,0.967742
img/umj/8/umj-0889.png,1200,1569,0.764818
img/umj/8/umj-0890.png,1200,1712,0.700935
img/umj/8/umj-0891.png,1200,1726,0.695249
img/umj/8/umj-0892.png,1200,1664,0.721154
img/umj/8/umj-0893.png,1200,1738,0.690449
img/umj/8/umj-0894.png,1200,1706,0.7034
img/umj/8/umj-0895.png,1200,1710,0.701754
img/umj/8/umj-0896.png,1200,1670,0.718563
img/umj/8/umj-0897.png,1200,1722,0.696864
img/umj/8/umj-0898.png,1200,1722,0.696864
img/umj/8/umj-0899.png,1200,1730,0.693642
img/umj/9/umj-0900.png,1200,1718,0.698487
img/umj/9/umj-0901.png,1200,1715,0.699708
img/umj/9/umj-0902.png,1200,1731,0.693241
img/umj/9/umj-0903.png,1200,1733,0.692441
img/umj/9/umj-0904.png,1200,1730,0.693642
img/umj/9/umj-0905.png,1200,1714,0.700117
img/umj/9/umj-0906.png,1200,1744,0.688073
img/umj/9/umj-0907.png,1200,1741,0.689259
img/umj/9/umj-0908.png,1200,1725,0.695652
img/umj/9/umj-0909.png,1200,1737,0.690846
img/umj/9/umj-0910.png,1200,1735,0.691643
img/umj/9/umj-0911.png,1200,1721,0.697269
img/umj/9/umj-0912.png,1200,1735,0.691643
img/umj/9/umj-0913.png,1200,1713,0.700525
img/umj/9/umj-0914.png,1200,1734,0.692042
img/umj/9/umj-0915.png,1200,1720,0.697674
img/umj/9/umj-0916.png,1200,1740,0.689655
img/umj/9/umj-0917.png,1200,1728,0.694444
img/umj/9/umj-0918.png,1200,1738,0.690449
img/umj/9/umj-0919.png,1200,1715,0.699708
img/umj/9/umj-0920.png,1200,1734,0.692042
img/umj/9/umj-0921.png,1200,1739,0.690052
img/umj/9/umj-0922.png,1200,1446,0.829876
img/umj/9/umj-0923.png,1200,1566,0.766284
img/umj/9/umj-0924.png,1200,1730,0.693642
img/umj/9/umj-0925.png,1200,1719,0.69808
img/umj/9/umj-0926.png,1200,1724,0.696056
img/umj/9/umj-0927.png,1200,1714,0.700117
img/umj/9/umj-0928.png,1200,1727,0.694847
img/umj/9/umj-0929.png,1200,1718,0.698487
img/umj/9/umj-0930.png,1200,1724,0.696056
img/umj/9/umj-0931.png,1200,1665,0.720721
img/umj/9/umj-0932.png,1200,1721,0.697269
img/umj/9/umj-0933.png,1200,1365,0.879121
img/umj/9/umj-0934.png,1200,1722,0.696864
img/umj/9/umj-0935.png,1200,1712,0.700935
img/umj/9/umj-0936.png,1200,1727,0.694847
img/umj/9/umj-0937.png,1200,1724,0.696056
img/umj/9/umj-0938.png,1200,1705,0.703812
img/umj/9/umj-0939.png,1200,1722,0.696864
img/umj/9/umj-0940.png,1200,1727,0.694847
img/umj/9/umj-0941.png,1200,1724,0.696056
img/umj/9/umj-0942.png,1200,1729,0.694043
img/umj/9/umj-0943.png,1200,1715,0.699708
img/umj/9/umj-0944.png,1200,1725,0.695652
img/umj/9/umj-0945.png,1200,1656,0.724638
img/umj/9/umj-0946.png,1200,1706,0.7034
img/umj/9/umj-0947.png,1200,1729,0.694043
img/umj/9/umj-0948.png,1200,1735,0.691643
img/umj/9/umj-0949.png,1200,1630,0.736196
img/umj/9/umj-0950.png,1200,1721,0.697269
img/umj/9/umj-0951.png,1200,1681,0.713861
img/umj/9/umj-0952.png,1200,1717,0.698893
img/umj/9/umj-0953.png,1200,1632,0.735294
img/umj/9/umj-0954.png,1200,1743,0.688468
img/umj/9/umj-0955.png,1200,1653,0.725953
img/umj/9/umj-0956.png,1200,1725,0.695652
img/umj/9/umj-0957.png,1200,1722,0.696864
img/umj/9/umj-0958.png,1200,1726,0.695249
img/umj/9/umj-0959.png,1200,1664,0.721154
img/umj/9/umj-0960.png,1200,1719,0.69808
img/umj/9/umj-0961.png,1200,1698,0.706714
img/umj/9/umj-0962.png,1200,1725,0.695652
img/umj/9/umj-0963.png,1200,1731,0.693241
img/umj/9/umj-0964.png,1200,1702,0.705053
img/umj/9/umj-0965.png,1200,1033,1.16167
img/umj/9/umj-0966.png,1200,1540,0.779221
img/umj/9/umj-0967.png,1200,1706,0.7034
img/umj/9/umj-0968.png,1200,1724,0.696056
img/umj/9/umj-0969.png,1200,1751,0.685323
img/umj/9/umj-0970.png,1200,1746,0.687285
img/umj/9/umj-0971.png,1200,1746,0.687285
img/umj/9/umj-0972.png,1200,1718,0.698487
img/umj/9/umj-0973.png,1200,1720,0.697674
img/umj/9/umj-0974.png,1200,1725,0.695652
img/umj/9/umj-0975.png,1200,1445,0.83045
img/umj/9/umj-0976.png,1200,1725,0.695652
img/umj/9/umj-0977.png,1200,1763,0.680658
img/umj/9/umj-0978.png,1200,1740,0.689655
img/umj/9/umj-0979.png,1200,1684,0.712589
img/umj/9/umj-0980.png,1200,1661,0.722456
img/umj/9/umj-0981.png,1200,1687,0.711322
img/umj/9/umj-0982.png,1200,1705,0.703812
img/umj/9/umj-0983.png,1200,1736,0.691244
img/umj/9/umj-0984.png,1200,1697,0.70713
img/umj/9/umj-0985.png,1200,1655,0.725076
img/umj/9/umj-0986.png,1200,1700,0.705882
img/umj/9/umj-0987.png,1200,1700,0.705882
img/umj/9/umj-0988.png,1200,1673,0.717274
img/umj/9/umj-0989.png,1200,1687,0.711322
img/umj/9/umj-0990.png,1200,1701,0.705467
img/umj/9/umj-0991.png,1200,1715,0.699708
img/umj/9/umj-0992.png,1200,1656,0.724638
img/umj/9/umj-0993.png,1200,1692,0.70922
img/umj/9/umj-0994.png,1200,1730,0.693642
img/umj/9/umj-0995.png,1200,1698,0.706714
img/umj/9/umj-0996.png,1200,1754,0.684151
img/umj/9/umj-0997.png,1200,1729,0.694043
img/umj/9/umj-0998.png,1200,1203,0.997506
img/umj/9/umj-0999.png,1200,1717,0.698893
