img/br/0/br-0000.png,750,91,8.24176
img/br/0/br-0001.png,750,466,1.60944
img/br/0/br-0002.png,750,1075,0.697674
img/br/0/br-0003.png,750,1054,0.711575
img/br/0/br-0004.png,750,685,1.09489
img/br/0/br-0005.png,750,750,1
img/br/0/br-0006.png,750,1105,0.678733
img/br/0/br-0007.png,750,1326,0.565611
img/br/0/br-0008.png,750,1328,0.564759
img/br/0/br-0009.png,750,1321,0.567752
img/br/0/br-0010.png,750,1324,0.566465
img/br/0/br-0011.png,750,1326,0.565611
img/br/0/br-0012.png,750,1108,0.676895
img/br/0/br-0013.png,750,1331,0.563486
img/br/0/br-0014.png,750,1324,0.566465
img/br/0/br-0015.png,750,1327,0.565185
img/br/0/br-0016.png,750,1326,0.565611
img/br/0/br-0017.png,750,1331,0.563486
img/br/0/br-0018.png,750,1330,0.56391
img/br/0/br-0019.png,750,1324,0.566465
img/br/0/br-0020.png,750,1330,0.56391
img/br/0/br-0021.png,750,1324,0.566465
img/br/0/br-0022.png,750,1323,0.566893
img/br/0/br-0023.png,750,1330,0.56391
img/br/0/br-0024.png,750,1338,0.560538
img/br/0/br-0025.png,750,486,1.54321
img/br/0/br-0026.png,750,1054,0.711575
img/br/0/br-0027.png,750,1324,0.566465
img/br/0/br-0028.png,750,1293,0.580046
img/br/0/br-0029.png,750,1334,0.562219
img/br/0/br-0030.png,750,1330,0.56391
img/br/0/br-0031.png,750,1347,0.556793
img/br/0/br-0032.png,750,1350,0.555556
img/br/0/br-0033.png,750,1349,0.555967
img/br/0/br-0034.png,750,1406,0.533428
img/br/0/br-0035.png,750,1339,0.560119
img/br/0/br-0036.png,750,1296,0.578704
img/br/0/br-0037.png,750,1331,0.563486
img/br/0/br-0038.png,750,1347,0.556793
img/br/0/br-0039.png,750,1344,0.558036
img/br/0/br-0040.png,750,1368,0.548246
img/br/0/br-0041.png,750,1347,0.556793
img/br/0/br-0042.png,750,1381,0.543085
img/br/0/br-0043.png,750,1324,0.566465
img/br/0/br-0044.png,750,1344,0.558036
img/br/0/br-0045.png,750,1345,0.557621
img/br/0/br-0046.png,750,1328,0.564759
img/br/0/br-0047.png,750,1324,0.566465
img/br/0/br-0048.png,750,1391,0.53918
img/br/0/br-0049.png,750,1341,0.559284
img/br/0/br-0050.png,750,1336,0.561377
img/br/0/br-0051.png,750,1353,0.554324
img/br/0/br-0052.png,750,1306,0.574273
img/br/0/br-0053.png,750,1330,0.56391
img/br/0/br-0054.png,750,1295,0.579151
img/br/0/br-0055.png,750,1330,0.56391
img/br/0/br-0056.png,750,1331,0.563486
img/br/0/br-0057.png,750,1325,0.566038
img/br/0/br-0058.png,750,1411,0.531538
img/br/0/br-0059.png,750,1328,0.564759
img/br/0/br-0060.png,750,1351,0.555144
img/br/0/br-0061.png,750,1351,0.555144
img/br/0/br-0062.png,750,1352,0.554734
img/br/0/br-0063.png,750,1339,0.560119
img/br/0/br-0064.png,750,1311,0.572082
img/br/0/br-0065.png,750,1341,0.559284
img/br/0/br-0066.png,750,1334,0.562219
img/br/0/br-0067.png,750,1321,0.567752
img/br/0/br-0068.png,750,1341,0.559284
img/br/0/br-0069.png,750,1333,0.562641
img/br/0/br-0070.png,750,1400,0.535714
img/br/0/br-0071.png,750,1328,0.564759
img/br/0/br-0072.png,750,1333,0.562641
img/br/0/br-0073.png,750,1344,0.558036
img/br/0/br-0074.png,750,1326,0.565611
img/br/0/br-0075.png,750,1318,0.569044
img/br/0/br-0076.png,750,1385,0.541516
img/br/0/br-0077.png,750,1318,0.569044
img/br/0/br-0078.png,750,1342,0.558867
img/br/0/br-0079.png,750,1351,0.555144
img/br/0/br-0080.png,750,1328,0.564759
img/br/0/br-0081.png,750,1346,0.557207
img/br/0/br-0082.png,750,1325,0.566038
img/br/0/br-0083.png,750,1336,0.561377
img/br/0/br-0084.png,750,1330,0.56391
img/br/0/br-0085.png,750,1313,0.571211
img/br/0/br-0086.png,750,1340,0.559701
img/br/0/br-0087.png,750,1341,0.559284
img/br/0/br-0088.png,750,1349,0.555967
img/br/0/br-0089.png,750,1330,0.56391
img/br/0/br-0090.png,750,1340,0.559701
img/br/0/br-0091.png,750,1326,0.565611
img/br/0/br-0092.png,750,1347,0.556793
img/br/0/br-0093.png,750,1347,0.556793
img/br/0/br-0094.png,750,1332,0.563063
img/br/0/br-0095.png,750,1326,0.565611
img/br/0/br-0096.png,750,640,1.17188
img/br/0/br-0097.png,750,1043,0.71908
img/br/0/br-0098.png,750,1330,0.56391
img/br/0/br-0099.png,750,1314,0.570776
img/br/10/br-1000.png,750,1047,0.716332
img/br/10/br-1001.png,750,1334,0.562219
img/br/10/br-1002.png,750,1332,0.563063
img/br/10/br-1003.png,750,1346,0.557207
img/br/10/br-1004.png,750,1337,0.560957
img/br/10/br-1005.png,750,1327,0.565185
img/br/10/br-1006.png,750,1337,0.560957
img/br/10/br-1007.png,750,1317,0.569476
img/br/10/br-1008.png,750,1353,0.554324
img/br/10/br-1009.png,750,1332,0.563063
img/br/10/br-1010.png,750,1335,0.561798
img/br/10/br-1011.png,750,1279,0.586396
img/br/10/br-1012.png,750,1339,0.560119
img/br/10/br-1013.png,750,1334,0.562219
img/br/10/br-1014.png,750,1330,0.56391
img/br/10/br-1015.png,750,1348,0.55638
img/br/10/br-1016.png,750,1328,0.564759
img/br/10/br-1017.png,750,1317,0.569476
img/br/10/br-1018.png,750,1352,0.554734
img/br/10/br-1019.png,750,1341,0.559284
img/br/10/br-1020.png,750,1328,0.564759
img/br/10/br-1021.png,750,1327,0.565185
img/br/10/br-1022.png,750,1334,0.562219
img/br/10/br-1023.png,750,1332,0.563063
img/br/10/br-1024.png,750,1283,0.584567
img/br/10/br-1025.png,750,515,1.45631
img/br/10/br-1026.png,750,1046,0.717017
img/br/10/br-1027.png,750,1327,0.565185
img/br/10/br-1028.png,750,1384,0.541908
img/br/10/br-1029.png,750,1330,0.56391
img/br/10/br-1030.png,750,1391,0.53918
img/br/10/br-1031.png,750,1331,0.563486
img/br/10/br-1032.png,750,1384,0.541908
img/br/10/br-1033.png,750,1337,0.560957
img/br/10/br-1034.png,750,1353,0.554324
img/br/10/br-1035.png,750,1332,0.563063
img/br/10/br-1036.png,750,1348,0.55638
img/br/10/br-1037.png,750,1321,0.567752
img/br/10/br-1038.png,750,1326,0.565611
img/br/10/br-1039.png,750,1320,0.568182
img/br/10/br-1040.png,750,1340,0.559701
img/br/10/br-1041.png,750,1301,0.57648
img/br/10/br-1042.png,750,1327,0.565185
img/br/10/br-1043.png,750,1313,0.571211
img/br/10/br-1044.png,750,1327,0.565185
img/br/10/br-1045.png,750,1321,0.567752
img/br/10/br-1046.png,750,1333,0.562641
img/br/10/br-1047.png,750,1342,0.558867
img/br/10/br-1048.png,750,1328,0.564759
img/br/10/br-1049.png,750,1341,0.559284
img/br/10/br-1050.png,750,1343,0.558451
img/br/10/br-1051.png,750,1350,0.555556
img/br/10/br-1052.png,750,1334,0.562219
img/br/10/br-1053.png,750,1348,0.55638
img/br/10/br-1054.png,750,1309,0.572956
img/br/10/br-1055.png,750,1320,0.568182
img/br/10/br-1056.png,750,1342,0.558867
img/br/10/br-1057.png,750,1332,0.563063
img/br/10/br-1058.png,750,1384,0.541908
img/br/10/br-1059.png,750,1327,0.565185
img/br/10/br-1060.png,750,1333,0.562641
img/br/10/br-1061.png,750,1336,0.561377
img/br/10/br-1062.png,750,1399,0.536097
img/br/10/br-1063.png,750,1348,0.55638
img/br/10/br-1064.png,750,1347,0.556793
img/br/10/br-1065.png,750,1351,0.555144
img/br/10/br-1066.png,750,1323,0.566893
img/br/10/br-1067.png,750,1320,0.568182
img/br/10/br-1068.png,750,1303,0.575595
img/br/10/br-1069.png,750,1352,0.554734
img/br/10/br-1070.png,750,1317,0.569476
img/br/10/br-1071.png,750,1297,0.578258
img/br/10/br-1072.png,750,1339,0.560119
img/br/10/br-1073.png,750,1318,0.569044
img/br/10/br-1074.png,750,1325,0.566038
img/br/10/br-1075.png,750,1328,0.564759
img/br/10/br-1076.png,750,1105,0.678733
img/br/10/br-1077.png,750,1064,0.704887
img/br/10/br-1078.png,750,1347,0.556793
img/br/10/br-1079.png,750,1321,0.567752
img/br/10/br-1080.png,750,1330,0.56391
img/br/10/br-1081.png,750,1343,0.558451
img/br/10/br-1082.png,750,1356,0.553097
img/br/10/br-1083.png,750,1351,0.555144
img/br/10/br-1084.png,750,1325,0.566038
img/br/10/br-1085.png,750,1328,0.564759
img/br/10/br-1086.png,750,1401,0.535332
img/br/10/br-1087.png,750,1336,0.561377
img/br/10/br-1088.png,750,1353,0.554324
img/br/10/br-1089.png,750,305,2.45902
img/br/10/br-1090.png,750,1173,0.639386
img/br/10/br-1091.png,750,1390,0.539568
img/br/10/br-1092.png,750,1393,0.538406
img/br/10/br-1093.png,750,1375,0.545455
img/br/10/br-1094.png,750,1361,0.551065
img/br/1/br-0100.png,750,1319,0.568613
img/br/1/br-0101.png,750,1352,0.554734
img/br/1/br-0102.png,750,1309,0.572956
img/br/1/br-0103.png,750,1333,0.562641
img/br/1/br-0104.png,750,1291,0.580945
img/br/1/br-0105.png,750,1335,0.561798
img/br/1/br-0106.png,750,1330,0.56391
img/br/1/br-0107.png,750,1348,0.55638
img/br/1/br-0108.png,750,1325,0.566038
img/br/1/br-0109.png,750,1344,0.558036
img/br/1/br-0110.png,750,1333,0.562641
img/br/1/br-0111.png,750,1335,0.561798
img/br/1/br-0112.png,750,1341,0.559284
img/br/1/br-0113.png,750,1320,0.568182
img/br/1/br-0114.png,750,1293,0.580046
img/br/1/br-0115.png,750,1337,0.560957
img/br/1/br-0116.png,750,1346,0.557207
img/br/1/br-0117.png,750,1317,0.569476
img/br/1/br-0118.png,750,1408,0.53267
img/br/1/br-0119.png,750,1333,0.562641
img/br/1/br-0120.png,750,1366,0.549048
img/br/1/br-0121.png,750,1334,0.562219
img/br/1/br-0122.png,750,1327,0.565185
img/br/1/br-0123.png,750,1333,0.562641
img/br/1/br-0124.png,750,1337,0.560957
img/br/1/br-0125.png,750,1344,0.558036
img/br/1/br-0126.png,750,1389,0.539957
img/br/1/br-0127.png,750,1322,0.567322
img/br/1/br-0128.png,750,1313,0.571211
img/br/1/br-0129.png,750,1322,0.567322
img/br/1/br-0130.png,750,1349,0.555967
img/br/1/br-0131.png,750,1328,0.564759
img/br/1/br-0132.png,750,1348,0.55638
img/br/1/br-0133.png,750,1304,0.575153
img/br/1/br-0134.png,750,1334,0.562219
img/br/1/br-0135.png,750,1323,0.566893
img/br/1/br-0136.png,750,1332,0.563063
img/br/1/br-0137.png,750,1341,0.559284
img/br/1/br-0138.png,750,1330,0.56391
img/br/1/br-0139.png,750,1315,0.570342
img/br/1/br-0140.png,750,1321,0.567752
img/br/1/br-0141.png,750,1346,0.557207
img/br/1/br-0142.png,750,1317,0.569476
img/br/1/br-0143.png,750,1313,0.571211
img/br/1/br-0144.png,750,1319,0.568613
img/br/1/br-0145.png,750,1316,0.569909
img/br/1/br-0146.png,750,1336,0.561377
img/br/1/br-0147.png,750,1335,0.561798
img/br/1/br-0148.png,750,1334,0.562219
img/br/1/br-0149.png,750,1321,0.567752
img/br/1/br-0150.png,750,1393,0.538406
img/br/1/br-0151.png,750,607,1.23558
img/br/1/br-0152.png,750,1066,0.703565
img/br/1/br-0153.png,750,1347,0.556793
img/br/1/br-0154.png,750,1389,0.539957
img/br/1/br-0155.png,750,1350,0.555556
img/br/1/br-0156.png,750,1317,0.569476
img/br/1/br-0157.png,750,1294,0.579598
img/br/1/br-0158.png,750,1324,0.566465
img/br/1/br-0159.png,750,1332,0.563063
img/br/1/br-0160.png,750,1318,0.569044
img/br/1/br-0161.png,750,1319,0.568613
img/br/1/br-0162.png,750,1333,0.562641
img/br/1/br-0163.png,750,1320,0.568182
img/br/1/br-0164.png,750,922,0.813449
img/br/1/br-0165.png,750,1074,0.698324
img/br/1/br-0166.png,750,1331,0.563486
img/br/1/br-0167.png,750,1318,0.569044
img/br/1/br-0168.png,750,1328,0.564759
img/br/1/br-0169.png,750,1342,0.558867
img/br/1/br-0170.png,750,1308,0.573394
img/br/1/br-0171.png,750,1313,0.571211
img/br/1/br-0172.png,750,1331,0.563486
img/br/1/br-0173.png,750,1335,0.561798
img/br/1/br-0174.png,750,1326,0.565611
img/br/1/br-0175.png,750,1355,0.553506
img/br/1/br-0176.png,750,538,1.39405
img/br/1/br-0177.png,750,1077,0.696379
img/br/1/br-0178.png,750,1320,0.568182
img/br/1/br-0179.png,750,1347,0.556793
img/br/1/br-0180.png,750,1322,0.567322
img/br/1/br-0181.png,750,1318,0.569044
img/br/1/br-0182.png,750,1345,0.557621
img/br/1/br-0183.png,750,1348,0.55638
img/br/1/br-0184.png,750,1340,0.559701
img/br/1/br-0185.png,750,1334,0.562219
img/br/1/br-0186.png,750,1323,0.566893
img/br/1/br-0187.png,750,1320,0.568182
img/br/1/br-0188.png,750,1397,0.536865
img/br/1/br-0189.png,750,1339,0.560119
img/br/1/br-0190.png,750,1382,0.542692
img/br/1/br-0191.png,750,1315,0.570342
img/br/1/br-0192.png,750,1325,0.566038
img/br/1/br-0193.png,750,1344,0.558036
img/br/1/br-0194.png,750,1342,0.558867
img/br/1/br-0195.png,750,1335,0.561798
img/br/1/br-0196.png,750,1351,0.555144
img/br/1/br-0197.png,750,1315,0.570342
img/br/1/br-0198.png,750,1405,0.533808
img/br/1/br-0199.png,750,1337,0.560957
img/br/2/br-0200.png,750,1331,0.563486
img/br/2/br-0201.png,750,1316,0.569909
img/br/2/br-0202.png,750,1356,0.553097
img/br/2/br-0203.png,750,1352,0.554734
img/br/2/br-0204.png,750,1344,0.558036
img/br/2/br-0205.png,750,1342,0.558867
img/br/2/br-0206.png,750,1335,0.561798
img/br/2/br-0207.png,750,1325,0.566038
img/br/2/br-0208.png,750,1295,0.579151
img/br/2/br-0209.png,750,1303,0.575595
img/br/2/br-0210.png,750,675,1.11111
img/br/2/br-0211.png,750,1061,0.70688
img/br/2/br-0212.png,750,1343,0.558451
img/br/2/br-0213.png,750,1325,0.566038
img/br/2/br-0214.png,750,1311,0.572082
img/br/2/br-0215.png,750,1321,0.567752
img/br/2/br-0216.png,750,1332,0.563063
img/br/2/br-0217.png,750,1323,0.566893
img/br/2/br-0218.png,750,1335,0.561798
img/br/2/br-0219.png,750,1316,0.569909
img/br/2/br-0220.png,750,1345,0.557621
img/br/2/br-0221.png,750,1349,0.555967
img/br/2/br-0222.png,750,1346,0.557207
img/br/2/br-0223.png,750,1335,0.561798
img/br/2/br-0224.png,750,1325,0.566038
img/br/2/br-0225.png,750,1334,0.562219
img/br/2/br-0226.png,750,1344,0.558036
img/br/2/br-0227.png,750,1349,0.555967
img/br/2/br-0228.png,750,1394,0.53802
img/br/2/br-0229.png,750,1330,0.56391
img/br/2/br-0230.png,750,1332,0.563063
img/br/2/br-0231.png,750,1328,0.564759
img/br/2/br-0232.png,750,1319,0.568613
img/br/2/br-0233.png,750,1350,0.555556
img/br/2/br-0234.png,750,1352,0.554734
img/br/2/br-0235.png,750,1322,0.567322
img/br/2/br-0236.png,750,1332,0.563063
img/br/2/br-0237.png,750,1317,0.569476
img/br/2/br-0238.png,750,1332,0.563063
img/br/2/br-0239.png,750,1298,0.577812
img/br/2/br-0240.png,750,1350,0.555556
img/br/2/br-0241.png,750,1338,0.560538
img/br/2/br-0242.png,750,1390,0.539568
img/br/2/br-0243.png,750,1331,0.563486
img/br/2/br-0244.png,750,1331,0.563486
img/br/2/br-0245.png,750,1317,0.569476
img/br/2/br-0246.png,750,1409,0.532292
img/br/2/br-0247.png,750,1337,0.560957
img/br/2/br-0248.png,750,1332,0.563063
img/br/2/br-0249.png,750,1327,0.565185
img/br/2/br-0250.png,750,1397,0.536865
img/br/2/br-0251.png,750,1318,0.569044
img/br/2/br-0252.png,750,1368,0.548246
img/br/2/br-0253.png,750,1332,0.563063
img/br/2/br-0254.png,750,1314,0.570776
img/br/2/br-0255.png,750,1325,0.566038
img/br/2/br-0256.png,750,1408,0.53267
img/br/2/br-0257.png,750,1336,0.561377
img/br/2/br-0258.png,750,1337,0.560957
img/br/2/br-0259.png,750,1310,0.572519
img/br/2/br-0260.png,750,1344,0.558036
img/br/2/br-0261.png,750,1333,0.562641
img/br/2/br-0262.png,750,1343,0.558451
img/br/2/br-0263.png,750,1342,0.558867
img/br/2/br-0264.png,750,1332,0.563063
img/br/2/br-0265.png,750,1320,0.568182
img/br/2/br-0266.png,750,1313,0.571211
img/br/2/br-0267.png,750,1313,0.571211
img/br/2/br-0268.png,750,1336,0.561377
img/br/2/br-0269.png,750,1318,0.569044
img/br/2/br-0270.png,750,1338,0.560538
img/br/2/br-0271.png,750,1332,0.563063
img/br/2/br-0272.png,750,1323,0.566893
img/br/2/br-0273.png,750,1337,0.560957
img/br/2/br-0274.png,750,1379,0.543872
img/br/2/br-0275.png,750,280,2.67857
img/br/2/br-0276.png,750,1059,0.708215
img/br/2/br-0277.png,750,1331,0.563486
img/br/2/br-0278.png,750,1302,0.576037
img/br/2/br-0279.png,750,1327,0.565185
img/br/2/br-0280.png,750,1352,0.554734
img/br/2/br-0281.png,750,1341,0.559284
img/br/2/br-0282.png,750,1333,0.562641
img/br/2/br-0283.png,750,1322,0.567322
img/br/2/br-0284.png,750,1347,0.556793
img/br/2/br-0285.png,750,1322,0.567322
img/br/2/br-0286.png,750,1352,0.554734
img/br/2/br-0287.png,750,1337,0.560957
img/br/2/br-0288.png,750,1388,0.540346
img/br/2/br-0289.png,750,1327,0.565185
img/br/2/br-0290.png,750,1340,0.559701
img/br/2/br-0291.png,750,1337,0.560957
img/br/2/br-0292.png,750,1388,0.540346
img/br/2/br-0293.png,750,1319,0.568613
img/br/2/br-0294.png,750,1350,0.555556
img/br/2/br-0295.png,750,1297,0.578258
img/br/2/br-0296.png,750,1336,0.561377
img/br/2/br-0297.png,750,1316,0.569909
img/br/2/br-0298.png,750,1309,0.572956
img/br/2/br-0299.png,750,1318,0.569044
img/br/3/br-0300.png,750,1321,0.567752
img/br/3/br-0301.png,750,1317,0.569476
img/br/3/br-0302.png,750,1312,0.571646
img/br/3/br-0303.png,750,1332,0.563063
img/br/3/br-0304.png,750,1379,0.543872
img/br/3/br-0305.png,750,1331,0.563486
img/br/3/br-0306.png,750,1383,0.542299
img/br/3/br-0307.png,750,1335,0.561798
img/br/3/br-0308.png,750,1399,0.536097
img/br/3/br-0309.png,750,1323,0.566893
img/br/3/br-0310.png,750,1321,0.567752
img/br/3/br-0311.png,750,1317,0.569476
img/br/3/br-0312.png,750,1312,0.571646
img/br/3/br-0313.png,750,1341,0.559284
img/br/3/br-0314.png,750,1338,0.560538
img/br/3/br-0315.png,750,1317,0.569476
img/br/3/br-0316.png,750,1354,0.553914
img/br/3/br-0317.png,750,1321,0.567752
img/br/3/br-0318.png,750,1354,0.553914
img/br/3/br-0319.png,750,1318,0.569044
img/br/3/br-0320.png,750,170,4.41176
img/br/3/br-0321.png,750,1039,0.721848
img/br/3/br-0322.png,750,1337,0.560957
img/br/3/br-0323.png,750,1321,0.567752
img/br/3/br-0324.png,750,1326,0.565611
img/br/3/br-0325.png,750,1326,0.565611
img/br/3/br-0326.png,750,1324,0.566465
img/br/3/br-0327.png,750,1328,0.564759
img/br/3/br-0328.png,750,1313,0.571211
img/br/3/br-0329.png,750,1345,0.557621
img/br/3/br-0330.png,750,1334,0.562219
img/br/3/br-0331.png,750,1339,0.560119
img/br/3/br-0332.png,750,1344,0.558036
img/br/3/br-0333.png,750,1335,0.561798
img/br/3/br-0334.png,750,1318,0.569044
img/br/3/br-0335.png,750,1282,0.585023
img/br/3/br-0336.png,750,1334,0.562219
img/br/3/br-0337.png,750,1335,0.561798
img/br/3/br-0338.png,750,1347,0.556793
img/br/3/br-0339.png,750,1316,0.569909
img/br/3/br-0340.png,750,1305,0.574713
img/br/3/br-0341.png,750,1317,0.569476
img/br/3/br-0342.png,750,1319,0.568613
img/br/3/br-0343.png,750,1297,0.578258
img/br/3/br-0344.png,750,1330,0.56391
img/br/3/br-0345.png,750,1326,0.565611
img/br/3/br-0346.png,750,962,0.779626
img/br/3/br-0347.png,750,1050,0.714286
img/br/3/br-0348.png,750,1389,0.539957
img/br/3/br-0349.png,750,1323,0.566893
img/br/3/br-0350.png,750,1309,0.572956
img/br/3/br-0351.png,750,1324,0.566465
img/br/3/br-0352.png,750,1315,0.570342
img/br/3/br-0353.png,750,1321,0.567752
img/br/3/br-0354.png,750,1371,0.547046
img/br/3/br-0355.png,750,1346,0.557207
img/br/3/br-0356.png,750,1390,0.539568
img/br/3/br-0357.png,750,1334,0.562219
img/br/3/br-0358.png,750,1384,0.541908
img/br/3/br-0359.png,750,1330,0.56391
img/br/3/br-0360.png,750,1344,0.558036
img/br/3/br-0361.png,750,1341,0.559284
img/br/3/br-0362.png,750,1338,0.560538
img/br/3/br-0363.png,750,469,1.59915
img/br/3/br-0364.png,750,1058,0.708885
img/br/3/br-0365.png,750,1344,0.558036
img/br/3/br-0366.png,750,1343,0.558451
img/br/3/br-0367.png,750,1324,0.566465
img/br/3/br-0368.png,750,1327,0.565185
img/br/3/br-0369.png,750,1298,0.577812
img/br/3/br-0370.png,750,1328,0.564759
img/br/3/br-0371.png,750,1337,0.560957
img/br/3/br-0372.png,750,1311,0.572082
img/br/3/br-0373.png,750,1329,0.564334
img/br/3/br-0374.png,750,1373,0.546249
img/br/3/br-0375.png,750,1334,0.562219
img/br/3/br-0376.png,750,1319,0.568613
img/br/3/br-0377.png,750,1314,0.570776
img/br/3/br-0378.png,750,1348,0.55638
img/br/3/br-0379.png,750,1338,0.560538
img/br/3/br-0380.png,750,1352,0.554734
img/br/3/br-0381.png,750,1330,0.56391
img/br/3/br-0382.png,750,1359,0.551876
img/br/3/br-0383.png,750,1330,0.56391
img/br/3/br-0384.png,750,1328,0.564759
img/br/3/br-0385.png,750,1338,0.560538
img/br/3/br-0386.png,750,1333,0.562641
img/br/3/br-0387.png,750,1344,0.558036
img/br/3/br-0388.png,750,1384,0.541908
img/br/3/br-0389.png,750,1330,0.56391
img/br/3/br-0390.png,750,1316,0.569909
img/br/3/br-0391.png,750,1300,0.576923
img/br/3/br-0392.png,750,1335,0.561798
img/br/3/br-0393.png,750,1325,0.566038
img/br/3/br-0394.png,750,1400,0.535714
img/br/3/br-0395.png,750,1290,0.581395
img/br/3/br-0396.png,750,1325,0.566038
img/br/3/br-0397.png,750,1339,0.560119
img/br/3/br-0398.png,750,1319,0.568613
img/br/3/br-0399.png,750,1304,0.575153
img/br/4/br-0400.png,750,1334,0.562219
img/br/4/br-0401.png,750,1320,0.568182
img/br/4/br-0402.png,750,1328,0.564759
img/br/4/br-0403.png,750,1338,0.560538
img/br/4/br-0404.png,750,1352,0.554734
img/br/4/br-0405.png,750,1324,0.566465
img/br/4/br-0406.png,750,1318,0.569044
img/br/4/br-0407.png,750,1340,0.559701
img/br/4/br-0408.png,750,1320,0.568182
img/br/4/br-0409.png,750,1304,0.575153
img/br/4/br-0410.png,750,1347,0.556793
img/br/4/br-0411.png,750,1340,0.559701
img/br/4/br-0412.png,750,1330,0.56391
img/br/4/br-0413.png,750,1348,0.55638
img/br/4/br-0414.png,750,1305,0.574713
img/br/4/br-0415.png,750,1344,0.558036
img/br/4/br-0416.png,750,1348,0.55638
img/br/4/br-0417.png,750,134,5.59701
img/br/4/br-0418.png,750,1057,0.709555
img/br/4/br-0419.png,750,1334,0.562219
img/br/4/br-0420.png,750,1313,0.571211
img/br/4/br-0421.png,750,1331,0.563486
img/br/4/br-0422.png,750,1299,0.577367
img/br/4/br-0423.png,750,1330,0.56391
img/br/4/br-0424.png,750,1317,0.569476
img/br/4/br-0425.png,750,1320,0.568182
img/br/4/br-0426.png,750,1348,0.55638
img/br/4/br-0427.png,750,1331,0.563486
img/br/4/br-0428.png,750,1278,0.586854
img/br/4/br-0429.png,750,1321,0.567752
img/br/4/br-0430.png,750,1333,0.562641
img/br/4/br-0431.png,750,1312,0.571646
img/br/4/br-0432.png,750,1341,0.559284
img/br/4/br-0433.png,750,1336,0.561377
img/br/4/br-0434.png,750,1318,0.569044
img/br/4/br-0435.png,750,1336,0.561377
img/br/4/br-0436.png,750,134,5.59701
img/br/4/br-0437.png,750,1062,0.706215
img/br/4/br-0438.png,750,1398,0.536481
img/br/4/br-0439.png,750,1312,0.571646
img/br/4/br-0440.png,750,1333,0.562641
img/br/4/br-0441.png,750,1319,0.568613
img/br/4/br-0442.png,750,1334,0.562219
img/br/4/br-0443.png,750,1323,0.566893
img/br/4/br-0444.png,750,1350,0.555556
img/br/4/br-0445.png,750,1338,0.560538
img/br/4/br-0446.png,750,1336,0.561377
img/br/4/br-0447.png,750,1321,0.567752
img/br/4/br-0448.png,750,1338,0.560538
img/br/4/br-0449.png,750,1333,0.562641
img/br/4/br-0450.png,750,1338,0.560538
img/br/4/br-0451.png,750,1299,0.577367
img/br/4/br-0452.png,750,1349,0.555967
img/br/4/br-0453.png,750,1318,0.569044
img/br/4/br-0454.png,750,1354,0.553914
img/br/4/br-0455.png,750,1318,0.569044
img/br/4/br-0456.png,750,1332,0.563063
img/br/4/br-0457.png,750,1338,0.560538
img/br/4/br-0458.png,750,1324,0.566465
img/br/4/br-0459.png,750,1298,0.577812
img/br/4/br-0460.png,750,1351,0.555144
img/br/4/br-0461.png,750,1333,0.562641
img/br/4/br-0462.png,750,1332,0.563063
img/br/4/br-0463.png,750,1337,0.560957
img/br/4/br-0464.png,750,1350,0.555556
img/br/4/br-0465.png,750,1318,0.569044
img/br/4/br-0466.png,750,1329,0.564334
img/br/4/br-0467.png,750,1322,0.567322
img/br/4/br-0468.png,750,1335,0.561798
img/br/4/br-0469.png,750,1341,0.559284
img/br/4/br-0470.png,750,1401,0.535332
img/br/4/br-0471.png,750,1326,0.565611
img/br/4/br-0472.png,750,1336,0.561377
img/br/4/br-0473.png,750,1343,0.558451
img/br/4/br-0474.png,750,1335,0.561798
img/br/4/br-0475.png,750,1338,0.560538
img/br/4/br-0476.png,750,1388,0.540346
img/br/4/br-0477.png,750,1319,0.568613
img/br/4/br-0478.png,750,1332,0.563063
img/br/4/br-0479.png,750,1308,0.573394
img/br/4/br-0480.png,750,1333,0.562641
img/br/4/br-0481.png,750,1317,0.569476
img/br/4/br-0482.png,750,1353,0.554324
img/br/4/br-0483.png,750,1310,0.572519
img/br/4/br-0484.png,750,1339,0.560119
img/br/4/br-0485.png,750,1313,0.571211
img/br/4/br-0486.png,750,1318,0.569044
img/br/4/br-0487.png,750,1323,0.566893
img/br/4/br-0488.png,750,1398,0.536481
img/br/4/br-0489.png,750,1333,0.562641
img/br/4/br-0490.png,750,1343,0.558451
img/br/4/br-0491.png,750,1326,0.565611
img/br/4/br-0492.png,750,1345,0.557621
img/br/4/br-0493.png,750,1318,0.569044
img/br/4/br-0494.png,750,1330,0.56391
img/br/4/br-0495.png,750,1348,0.55638
img/br/4/br-0496.png,750,1337,0.560957
img/br/4/br-0497.png,750,1333,0.562641
img/br/4/br-0498.png,750,614,1.2215
img/br/4/br-0499.png,750,1052,0.712928
img/br/5/br-0500.png,750,1341,0.559284
img/br/5/br-0501.png,750,1336,0.561377
img/br/5/br-0502.png,750,1336,0.561377
img/br/5/br-0503.png,750,1333,0.562641
img/br/5/br-0504.png,750,1396,0.537249
img/br/5/br-0505.png,750,1338,0.560538
img/br/5/br-0506.png,750,1324,0.566465
img/br/5/br-0507.png,750,1351,0.555144
img/br/5/br-0508.png,750,1350,0.555556
img/br/5/br-0509.png,750,1343,0.558451
img/br/5/br-0510.png,750,1325,0.566038
img/br/5/br-0511.png,750,1311,0.572082
img/br/5/br-0512.png,750,1322,0.567322
img/br/5/br-0513.png,750,1341,0.559284
img/br/5/br-0514.png,750,1324,0.566465
img/br/5/br-0515.png,750,1324,0.566465
img/br/5/br-0516.png,750,1351,0.555144
img/br/5/br-0517.png,750,1325,0.566038
img/br/5/br-0518.png,750,1349,0.555967
img/br/5/br-0519.png,750,1307,0.573833
img/br/5/br-0520.png,750,1331,0.563486
img/br/5/br-0521.png,750,1325,0.566038
img/br/5/br-0522.png,750,1341,0.559284
img/br/5/br-0523.png,750,1343,0.558451
img/br/5/br-0524.png,750,1385,0.541516
img/br/5/br-0525.png,750,1342,0.558867
img/br/5/br-0526.png,750,1308,0.573394
img/br/5/br-0527.png,750,1340,0.559701
img/br/5/br-0528.png,750,1345,0.557621
img/br/5/br-0529.png,750,1308,0.573394
img/br/5/br-0530.png,750,983,0.76297
img/br/5/br-0531.png,750,1065,0.704225
img/br/5/br-0532.png,750,1330,0.56391
img/br/5/br-0533.png,750,1312,0.571646
img/br/5/br-0534.png,750,1368,0.548246
img/br/5/br-0535.png,750,1322,0.567322
img/br/5/br-0536.png,750,1351,0.555144
img/br/5/br-0537.png,750,1331,0.563486
img/br/5/br-0538.png,750,1350,0.555556
img/br/5/br-0539.png,750,1319,0.568613
img/br/5/br-0540.png,750,1330,0.56391
img/br/5/br-0541.png,750,1330,0.56391
img/br/5/br-0542.png,750,1335,0.561798
img/br/5/br-0543.png,750,1300,0.576923
img/br/5/br-0544.png,750,1383,0.542299
img/br/5/br-0545.png,750,1333,0.562641
img/br/5/br-0546.png,750,1330,0.56391
img/br/5/br-0547.png,750,1326,0.565611
img/br/5/br-0548.png,750,1354,0.553914
img/br/5/br-0549.png,750,1335,0.561798
img/br/5/br-0550.png,750,1348,0.55638
img/br/5/br-0551.png,750,1299,0.577367
img/br/5/br-0552.png,750,1331,0.563486
img/br/5/br-0553.png,750,1334,0.562219
img/br/5/br-0554.png,750,1332,0.563063
img/br/5/br-0555.png,750,1330,0.56391
img/br/5/br-0556.png,750,1344,0.558036
img/br/5/br-0557.png,750,1355,0.553506
img/br/5/br-0558.png,750,1327,0.565185
img/br/5/br-0559.png,750,1354,0.553914
img/br/5/br-0560.png,750,1335,0.561798
img/br/5/br-0561.png,750,1319,0.568613
img/br/5/br-0562.png,750,1330,0.56391
img/br/5/br-0563.png,750,1300,0.576923
img/br/5/br-0564.png,750,1335,0.561798
img/br/5/br-0565.png,750,1312,0.571646
img/br/5/br-0566.png,750,1355,0.553506
img/br/5/br-0567.png,750,1322,0.567322
img/br/5/br-0568.png,750,1325,0.566038
img/br/5/br-0569.png,750,841,0.891795
img/br/5/br-0570.png,750,1056,0.710227
img/br/5/br-0571.png,750,1333,0.562641
img/br/5/br-0572.png,750,1323,0.566893
img/br/5/br-0573.png,750,1337,0.560957
img/br/5/br-0574.png,750,1401,0.535332
img/br/5/br-0575.png,750,1328,0.564759
img/br/5/br-0576.png,750,1339,0.560119
img/br/5/br-0577.png,750,1323,0.566893
img/br/5/br-0578.png,750,1296,0.578704
img/br/5/br-0579.png,750,1340,0.559701
img/br/5/br-0580.png,750,1403,0.534569
img/br/5/br-0581.png,750,1339,0.560119
img/br/5/br-0582.png,750,1331,0.563486
img/br/5/br-0583.png,750,1328,0.564759
img/br/5/br-0584.png,750,961,0.780437
img/br/5/br-0585.png,750,1058,0.708885
img/br/5/br-0586.png,750,1348,0.55638
img/br/5/br-0587.png,750,1293,0.580046
img/br/5/br-0588.png,750,1314,0.570776
img/br/5/br-0589.png,750,1327,0.565185
img/br/5/br-0590.png,750,1325,0.566038
img/br/5/br-0591.png,750,1328,0.564759
img/br/5/br-0592.png,750,1334,0.562219
img/br/5/br-0593.png,750,1338,0.560538
img/br/5/br-0594.png,750,1343,0.558451
img/br/5/br-0595.png,750,1313,0.571211
img/br/5/br-0596.png,750,1334,0.562219
img/br/5/br-0597.png,750,1281,0.58548
img/br/5/br-0598.png,750,1323,0.566893
img/br/5/br-0599.png,750,1342,0.558867
img/br/6/br-0600.png,750,1333,0.562641
img/br/6/br-0601.png,750,1343,0.558451
img/br/6/br-0602.png,750,1349,0.555967
img/br/6/br-0603.png,750,1333,0.562641
img/br/6/br-0604.png,750,1334,0.562219
img/br/6/br-0605.png,750,1347,0.556793
img/br/6/br-0606.png,750,1333,0.562641
img/br/6/br-0607.png,750,1328,0.564759
img/br/6/br-0608.png,750,1053,0.712251
img/br/6/br-0609.png,750,1292,0.580495
img/br/6/br-0610.png,750,1309,0.572956
img/br/6/br-0611.png,750,1315,0.570342
img/br/6/br-0612.png,750,1369,0.547845
img/br/6/br-0613.png,750,1324,0.566465
img/br/6/br-0614.png,750,1333,0.562641
img/br/6/br-0615.png,750,1328,0.564759
img/br/6/br-0616.png,750,1397,0.536865
img/br/6/br-0617.png,750,618,1.21359
img/br/6/br-0618.png,750,1056,0.710227
img/br/6/br-0619.png,750,1341,0.559284
img/br/6/br-0620.png,750,1326,0.565611
img/br/6/br-0621.png,750,1322,0.567322
img/br/6/br-0622.png,750,1349,0.555967
img/br/6/br-0623.png,750,1331,0.563486
img/br/6/br-0624.png,750,1339,0.560119
img/br/6/br-0625.png,750,1317,0.569476
img/br/6/br-0626.png,750,1329,0.564334
img/br/6/br-0627.png,750,1331,0.563486
img/br/6/br-0628.png,750,1351,0.555144
img/br/6/br-0629.png,750,1321,0.567752
img/br/6/br-0630.png,750,1319,0.568613
img/br/6/br-0631.png,750,1336,0.561377
img/br/6/br-0632.png,750,1356,0.553097
img/br/6/br-0633.png,750,1317,0.569476
img/br/6/br-0634.png,750,1354,0.553914
img/br/6/br-0635.png,750,1320,0.568182
img/br/6/br-0636.png,750,1319,0.568613
img/br/6/br-0637.png,750,1327,0.565185
img/br/6/br-0638.png,750,1346,0.557207
img/br/6/br-0639.png,750,1317,0.569476
img/br/6/br-0640.png,750,1337,0.560957
img/br/6/br-0641.png,750,1322,0.567322
img/br/6/br-0642.png,750,1347,0.556793
img/br/6/br-0643.png,750,1327,0.565185
img/br/6/br-0644.png,750,1320,0.568182
img/br/6/br-0645.png,750,1327,0.565185
img/br/6/br-0646.png,750,1331,0.563486
img/br/6/br-0647.png,750,1325,0.566038
img/br/6/br-0648.png,750,1327,0.565185
img/br/6/br-0649.png,750,1312,0.571646
img/br/6/br-0650.png,750,1328,0.564759
img/br/6/br-0651.png,750,1317,0.569476
img/br/6/br-0652.png,750,1334,0.562219
img/br/6/br-0653.png,750,1301,0.57648
img/br/6/br-0654.png,750,1348,0.55638
img/br/6/br-0655.png,750,1317,0.569476
img/br/6/br-0656.png,750,1349,0.555967
img/br/6/br-0657.png,750,1347,0.556793
img/br/6/br-0658.png,750,1348,0.55638
img/br/6/br-0659.png,750,1337,0.560957
img/br/6/br-0660.png,750,1324,0.566465
img/br/6/br-0661.png,750,1341,0.559284
img/br/6/br-0662.png,750,1364,0.549853
img/br/6/br-0663.png,750,1321,0.567752
img/br/6/br-0664.png,750,1372,0.546647
img/br/6/br-0665.png,750,1331,0.563486
img/br/6/br-0666.png,750,1344,0.558036
img/br/6/br-0667.png,750,1323,0.566893
img/br/6/br-0668.png,750,1379,0.543872
img/br/6/br-0669.png,750,1337,0.560957
img/br/6/br-0670.png,750,1331,0.563486
img/br/6/br-0671.png,750,1319,0.568613
img/br/6/br-0672.png,750,1340,0.559701
img/br/6/br-0673.png,750,1332,0.563063
img/br/6/br-0674.png,750,1344,0.558036
img/br/6/br-0675.png,750,1341,0.559284
img/br/6/br-0676.png,750,1342,0.558867
img/br/6/br-0677.png,750,1322,0.567322
img/br/6/br-0678.png,750,1333,0.562641
img/br/6/br-0679.png,750,1345,0.557621
img/br/6/br-0680.png,750,1348,0.55638
img/br/6/br-0681.png,750,1287,0.582751
img/br/6/br-0682.png,750,1349,0.555967
img/br/6/br-0683.png,750,1317,0.569476
img/br/6/br-0684.png,750,1042,0.71977
img/br/6/br-0685.png,750,1336,0.561377
img/br/6/br-0686.png,750,1349,0.555967
img/br/6/br-0687.png,750,1348,0.55638
img/br/6/br-0688.png,750,1354,0.553914
img/br/6/br-0689.png,750,1348,0.55638
img/br/6/br-0690.png,750,1328,0.564759
img/br/6/br-0691.png,750,1314,0.570776
img/br/6/br-0692.png,750,1387,0.540735
img/br/6/br-0693.png,750,1352,0.554734
img/br/6/br-0694.png,750,1319,0.568613
img/br/6/br-0695.png,750,1348,0.55638
img/br/6/br-0696.png,750,1344,0.558036
img/br/6/br-0697.png,750,1335,0.561798
img/br/6/br-0698.png,750,1354,0.553914
img/br/6/br-0699.png,750,1353,0.554324
img/br/7/br-0700.png,750,1348,0.55638
img/br/7/br-0701.png,750,1350,0.555556
img/br/7/br-0702.png,750,1380,0.543478
img/br/7/br-0703.png,750,1336,0.561377
img/br/7/br-0704.png,750,1334,0.562219
img/br/7/br-0705.png,750,1328,0.564759
img/br/7/br-0706.png,750,1338,0.560538
img/br/7/br-0707.png,750,1328,0.564759
img/br/7/br-0708.png,750,1088,0.689338
img/br/7/br-0709.png,750,1044,0.718391
img/br/7/br-0710.png,750,1393,0.538406
img/br/7/br-0711.png,750,1329,0.564334
img/br/7/br-0712.png,750,1391,0.53918
img/br/7/br-0713.png,750,1344,0.558036
img/br/7/br-0714.png,750,1343,0.558451
img/br/7/br-0715.png,750,1348,0.55638
img/br/7/br-0716.png,750,1309,0.572956
img/br/7/br-0717.png,750,1328,0.564759
img/br/7/br-0718.png,750,1347,0.556793
img/br/7/br-0719.png,750,1284,0.584112
img/br/7/br-0720.png,750,1328,0.564759
img/br/7/br-0721.png,750,1314,0.570776
img/br/7/br-0722.png,750,1348,0.55638
img/br/7/br-0723.png,750,1351,0.555144
img/br/7/br-0724.png,750,1338,0.560538
img/br/7/br-0725.png,750,1347,0.556793
img/br/7/br-0726.png,750,1339,0.560119
img/br/7/br-0727.png,750,1327,0.565185
img/br/7/br-0728.png,750,1333,0.562641
img/br/7/br-0729.png,750,1329,0.564334
img/br/7/br-0730.png,750,1385,0.541516
img/br/7/br-0731.png,750,1323,0.566893
img/br/7/br-0732.png,750,1351,0.555144
img/br/7/br-0733.png,750,1327,0.565185
img/br/7/br-0734.png,750,1326,0.565611
img/br/7/br-0735.png,750,1337,0.560957
img/br/7/br-0736.png,750,1395,0.537634
img/br/7/br-0737.png,750,1298,0.577812
img/br/7/br-0738.png,750,1391,0.53918
img/br/7/br-0739.png,750,1319,0.568613
img/br/7/br-0740.png,750,1332,0.563063
img/br/7/br-0741.png,750,1337,0.560957
img/br/7/br-0742.png,750,1347,0.556793
img/br/7/br-0743.png,750,1307,0.573833
img/br/7/br-0744.png,750,1332,0.563063
img/br/7/br-0745.png,750,1332,0.563063
img/br/7/br-0746.png,750,1318,0.569044
img/br/7/br-0747.png,750,1333,0.562641
img/br/7/br-0748.png,750,1335,0.561798
img/br/7/br-0749.png,750,1341,0.559284
img/br/7/br-0750.png,750,1348,0.55638
img/br/7/br-0751.png,750,1318,0.569044
img/br/7/br-0752.png,750,1341,0.559284
img/br/7/br-0753.png,750,1341,0.559284
img/br/7/br-0754.png,750,1163,0.644884
img/br/7/br-0755.png,750,1026,0.730994
img/br/7/br-0756.png,750,1323,0.566893
img/br/7/br-0757.png,750,1336,0.561377
img/br/7/br-0758.png,750,1329,0.564334
img/br/7/br-0759.png,750,1332,0.563063
img/br/7/br-0760.png,750,1338,0.560538
img/br/7/br-0761.png,750,1337,0.560957
img/br/7/br-0762.png,750,1400,0.535714
img/br/7/br-0763.png,750,1321,0.567752
img/br/7/br-0764.png,750,1318,0.569044
img/br/7/br-0765.png,750,1317,0.569476
img/br/7/br-0766.png,750,1397,0.536865
img/br/7/br-0767.png,750,1324,0.566465
img/br/7/br-0768.png,750,1333,0.562641
img/br/7/br-0769.png,750,1327,0.565185
img/br/7/br-0770.png,750,1334,0.562219
img/br/7/br-0771.png,750,1329,0.564334
img/br/7/br-0772.png,750,1319,0.568613
img/br/7/br-0773.png,750,1347,0.556793
img/br/7/br-0774.png,750,1333,0.562641
img/br/7/br-0775.png,750,1339,0.560119
img/br/7/br-0776.png,750,1369,0.547845
img/br/7/br-0777.png,750,1323,0.566893
img/br/7/br-0778.png,750,1309,0.572956
img/br/7/br-0779.png,750,1333,0.562641
img/br/7/br-0780.png,750,1333,0.562641
img/br/7/br-0781.png,750,1347,0.556793
img/br/7/br-0782.png,750,1329,0.564334
img/br/7/br-0783.png,750,1327,0.565185
img/br/7/br-0784.png,750,1333,0.562641
img/br/7/br-0785.png,750,1352,0.554734
img/br/7/br-0786.png,750,1308,0.573394
img/br/7/br-0787.png,750,1319,0.568613
img/br/7/br-0788.png,750,1404,0.534188
img/br/7/br-0789.png,750,1278,0.586854
img/br/7/br-0790.png,750,1315,0.570342
img/br/7/br-0791.png,750,1303,0.575595
img/br/7/br-0792.png,750,1326,0.565611
img/br/7/br-0793.png,750,1318,0.569044
img/br/7/br-0794.png,750,1315,0.570342
img/br/7/br-0795.png,750,1332,0.563063
img/br/7/br-0796.png,750,1387,0.540735
img/br/7/br-0797.png,750,1323,0.566893
img/br/7/br-0798.png,750,1338,0.560538
img/br/7/br-0799.png,750,1327,0.565185
img/br/8/br-0800.png,750,1291,0.580945
img/br/8/br-0801.png,750,1317,0.569476
img/br/8/br-0802.png,750,1317,0.569476
img/br/8/br-0803.png,750,1327,0.565185
img/br/8/br-0804.png,750,1354,0.553914
img/br/8/br-0805.png,750,1341,0.559284
img/br/8/br-0806.png,750,1408,0.53267
img/br/8/br-0807.png,750,1346,0.557207
img/br/8/br-0808.png,750,1400,0.535714
img/br/8/br-0809.png,750,1334,0.562219
img/br/8/br-0810.png,750,1400,0.535714
img/br/8/br-0811.png,750,1342,0.558867
img/br/8/br-0812.png,750,1345,0.557621
img/br/8/br-0813.png,750,1145,0.655022
img/br/8/br-0814.png,750,1081,0.693802
img/br/8/br-0815.png,750,1345,0.557621
img/br/8/br-0816.png,750,1335,0.561798
img/br/8/br-0817.png,750,1319,0.568613
img/br/8/br-0818.png,750,1388,0.540346
img/br/8/br-0819.png,750,1338,0.560538
img/br/8/br-0820.png,750,1321,0.567752
img/br/8/br-0821.png,750,1334,0.562219
img/br/8/br-0822.png,750,1389,0.539957
img/br/8/br-0823.png,750,1332,0.563063
img/br/8/br-0824.png,750,1408,0.53267
img/br/8/br-0825.png,750,1318,0.569044
img/br/8/br-0826.png,750,1413,0.530786
img/br/8/br-0827.png,750,1332,0.563063
img/br/8/br-0828.png,750,1319,0.568613
img/br/8/br-0829.png,750,1309,0.572956
img/br/8/br-0830.png,750,1346,0.557207
img/br/8/br-0831.png,750,1317,0.569476
img/br/8/br-0832.png,750,1344,0.558036
img/br/8/br-0833.png,750,1336,0.561377
img/br/8/br-0834.png,750,1320,0.568182
img/br/8/br-0835.png,750,1330,0.56391
img/br/8/br-0836.png,750,1375,0.545455
img/br/8/br-0837.png,750,1306,0.574273
img/br/8/br-0838.png,750,1338,0.560538
img/br/8/br-0839.png,750,1321,0.567752
img/br/8/br-0840.png,750,1304,0.575153
img/br/8/br-0841.png,750,1336,0.561377
img/br/8/br-0842.png,750,1338,0.560538
img/br/8/br-0843.png,750,1335,0.561798
img/br/8/br-0844.png,750,1345,0.557621
img/br/8/br-0845.png,750,1315,0.570342
img/br/8/br-0846.png,750,1349,0.555967
img/br/8/br-0847.png,750,1342,0.558867
img/br/8/br-0848.png,750,1321,0.567752
img/br/8/br-0849.png,750,1320,0.568182
img/br/8/br-0850.png,750,1391,0.53918
img/br/8/br-0851.png,750,1323,0.566893
img/br/8/br-0852.png,750,1335,0.561798
img/br/8/br-0853.png,750,1130,0.663717
img/br/8/br-0854.png,750,1085,0.691244
img/br/8/br-0855.png,750,1328,0.564759
img/br/8/br-0856.png,750,1388,0.540346
img/br/8/br-0857.png,750,1325,0.566038
img/br/8/br-0858.png,750,1327,0.565185
img/br/8/br-0859.png,750,1344,0.558036
img/br/8/br-0860.png,750,1344,0.558036
img/br/8/br-0861.png,750,1328,0.564759
img/br/8/br-0862.png,750,1338,0.560538
img/br/8/br-0863.png,750,1333,0.562641
img/br/8/br-0864.png,750,1335,0.561798
img/br/8/br-0865.png,750,1314,0.570776
img/br/8/br-0866.png,750,1348,0.55638
img/br/8/br-0867.png,750,1328,0.564759
img/br/8/br-0868.png,750,1327,0.565185
img/br/8/br-0869.png,750,1335,0.561798
img/br/8/br-0870.png,750,1347,0.556793
img/br/8/br-0871.png,750,1334,0.562219
img/br/8/br-0872.png,750,1389,0.539957
img/br/8/br-0873.png,750,1304,0.575153
img/br/8/br-0874.png,750,1399,0.536097
img/br/8/br-0875.png,750,1341,0.559284
img/br/8/br-0876.png,750,1341,0.559284
img/br/8/br-0877.png,750,1293,0.580046
img/br/8/br-0878.png,750,1317,0.569476
img/br/8/br-0879.png,750,1347,0.556793
img/br/8/br-0880.png,750,1337,0.560957
img/br/8/br-0881.png,750,1319,0.568613
img/br/8/br-0882.png,750,1324,0.566465
img/br/8/br-0883.png,750,1304,0.575153
img/br/8/br-0884.png,750,1337,0.560957
img/br/8/br-0885.png,750,1349,0.555967
img/br/8/br-0886.png,750,135,5.55556
img/br/8/br-0887.png,750,1044,0.718391
img/br/8/br-0888.png,750,1354,0.553914
img/br/8/br-0889.png,750,1354,0.553914
img/br/8/br-0890.png,750,1284,0.584112
img/br/8/br-0891.png,750,1325,0.566038
img/br/8/br-0892.png,750,1288,0.582298
img/br/8/br-0893.png,750,1340,0.559701
img/br/8/br-0894.png,750,1307,0.573833
img/br/8/br-0895.png,750,1325,0.566038
img/br/8/br-0896.png,750,1317,0.569476
img/br/8/br-0897.png,750,1315,0.570342
img/br/8/br-0898.png,750,1295,0.579151
img/br/8/br-0899.png,750,1329,0.564334
img/br/9/br-0900.png,750,1279,0.586396
img/br/9/br-0901.png,750,1344,0.558036
img/br/9/br-0902.png,750,1293,0.580046
img/br/9/br-0903.png,750,1345,0.557621
img/br/9/br-0904.png,750,1291,0.580945
img/br/9/br-0905.png,750,1324,0.566465
img/br/9/br-0906.png,750,1363,0.550257
img/br/9/br-0907.png,750,1344,0.558036
img/br/9/br-0908.png,750,1304,0.575153
img/br/9/br-0909.png,750,1321,0.567752
img/br/9/br-0910.png,750,1284,0.584112
img/br/9/br-0911.png,750,1324,0.566465
img/br/9/br-0912.png,750,1317,0.569476
img/br/9/br-0913.png,750,1313,0.571211
img/br/9/br-0914.png,750,1321,0.567752
img/br/9/br-0915.png,750,1321,0.567752
img/br/9/br-0916.png,750,1318,0.569044
img/br/9/br-0917.png,750,1338,0.560538
img/br/9/br-0918.png,750,1284,0.584112
img/br/9/br-0919.png,750,1330,0.56391
img/br/9/br-0920.png,750,1314,0.570776
img/br/9/br-0921.png,750,1349,0.555967
img/br/9/br-0922.png,750,1345,0.557621
img/br/9/br-0923.png,750,1343,0.558451
img/br/9/br-0924.png,750,1309,0.572956
img/br/9/br-0925.png,750,1339,0.560119
img/br/9/br-0926.png,750,1353,0.554324
img/br/9/br-0927.png,750,1285,0.583658
img/br/9/br-0928.png,750,1293,0.580046
img/br/9/br-0929.png,750,1321,0.567752
img/br/9/br-0930.png,750,1293,0.580046
img/br/9/br-0931.png,750,1328,0.564759
img/br/9/br-0932.png,750,1292,0.580495
img/br/9/br-0933.png,750,1339,0.560119
img/br/9/br-0934.png,750,216,3.47222
img/br/9/br-0935.png,750,1047,0.716332
img/br/9/br-0936.png,750,1393,0.538406
img/br/9/br-0937.png,750,1331,0.563486
img/br/9/br-0938.png,750,1345,0.557621
img/br/9/br-0939.png,750,1337,0.560957
img/br/9/br-0940.png,750,1328,0.564759
img/br/9/br-0941.png,750,1341,0.559284
img/br/9/br-0942.png,750,1281,0.58548
img/br/9/br-0943.png,750,1331,0.563486
img/br/9/br-0944.png,750,1307,0.573833
img/br/9/br-0945.png,750,1317,0.569476
img/br/9/br-0946.png,750,1326,0.565611
img/br/9/br-0947.png,750,1331,0.563486
img/br/9/br-0948.png,750,1320,0.568182
img/br/9/br-0949.png,750,1302,0.576037
img/br/9/br-0950.png,750,1312,0.571646
img/br/9/br-0951.png,750,1314,0.570776
img/br/9/br-0952.png,750,1386,0.541126
img/br/9/br-0953.png,750,1316,0.569909
img/br/9/br-0954.png,750,1341,0.559284
img/br/9/br-0955.png,750,1326,0.565611
img/br/9/br-0956.png,750,1394,0.53802
img/br/9/br-0957.png,750,1327,0.565185
img/br/9/br-0958.png,750,1336,0.561377
img/br/9/br-0959.png,750,1317,0.569476
img/br/9/br-0960.png,750,1331,0.563486
img/br/9/br-0961.png,750,1337,0.560957
img/br/9/br-0962.png,750,1335,0.561798
img/br/9/br-0963.png,750,1326,0.565611
img/br/9/br-0964.png,750,1382,0.542692
img/br/9/br-0965.png,750,1335,0.561798
img/br/9/br-0966.png,750,1327,0.565185
img/br/9/br-0967.png,750,1320,0.568182
img/br/9/br-0968.png,750,1367,0.548647
img/br/9/br-0969.png,750,1313,0.571211
img/br/9/br-0970.png,750,1343,0.558451
img/br/9/br-0971.png,750,1317,0.569476
img/br/9/br-0972.png,750,1326,0.565611
img/br/9/br-0973.png,750,1313,0.571211
img/br/9/br-0974.png,750,1321,0.567752
img/br/9/br-0975.png,750,1322,0.567322
img/br/9/br-0976.png,750,1318,0.569044
img/br/9/br-0977.png,750,1307,0.573833
img/br/9/br-0978.png,750,1312,0.571646
img/br/9/br-0979.png,750,1324,0.566465
img/br/9/br-0980.png,750,1311,0.572082
img/br/9/br-0981.png,750,1341,0.559284
img/br/9/br-0982.png,750,1337,0.560957
img/br/9/br-0983.png,750,1307,0.573833
img/br/9/br-0984.png,750,1337,0.560957
img/br/9/br-0985.png,750,1320,0.568182
img/br/9/br-0986.png,750,1318,0.569044
img/br/9/br-0987.png,750,1338,0.560538
img/br/9/br-0988.png,750,1303,0.575595
img/br/9/br-0989.png,750,1337,0.560957
img/br/9/br-0990.png,750,1339,0.560119
img/br/9/br-0991.png,750,1308,0.573394
img/br/9/br-0992.png,750,1322,0.567322
img/br/9/br-0993.png,750,1332,0.563063
img/br/9/br-0994.png,750,1338,0.560538
img/br/9/br-0995.png,750,1341,0.559284
img/br/9/br-0996.png,750,1345,0.557621
img/br/9/br-0997.png,750,1317,0.569476
img/br/9/br-0998.png,750,1322,0.567322
img/br/9/br-0999.png,750,591,1.26904
