img/imn/0/imn-0000.png,750,1169,0.641574
img/imn/0/imn-0001.png,750,1169,0.641574
img/imn/0/imn-0002.png,750,1226,0.611746
img/imn/0/imn-0003.png,750,1243,0.603379
img/imn/0/imn-0004.png,750,1247,0.601443
img/imn/0/imn-0005.png,750,1246,0.601926
img/imn/0/imn-0006.png,750,1250,0.6
img/imn/0/imn-0007.png,750,1236,0.606796
img/imn/0/imn-0008.png,750,1247,0.601443
img/imn/0/imn-0009.png,750,1245,0.60241
img/imn/0/imn-0010.png,750,1252,0.599042
img/imn/0/imn-0011.png,750,1254,0.598086
img/imn/0/imn-0012.png,750,1256,0.597134
img/imn/0/imn-0013.png,750,1224,0.612745
img/imn/0/imn-0014.png,750,1209,0.620347
img/imn/0/imn-0015.png,750,1253,0.598563
img/imn/0/imn-0016.png,750,1254,0.598086
img/imn/0/imn-0017.png,750,1268,0.591483
img/imn/0/imn-0018.png,750,1255,0.59761
img/imn/0/imn-0019.png,750,1253,0.598563
img/imn/0/imn-0020.png,750,1253,0.598563
img/imn/0/imn-0021.png,750,1253,0.598563
img/imn/0/imn-0022.png,750,1253,0.598563
img/imn/0/imn-0023.png,750,1243,0.603379
img/imn/0/imn-0024.png,750,1248,0.600962
img/imn/0/imn-0025.png,750,1252,0.599042
img/imn/0/imn-0026.png,750,1252,0.599042
img/imn/0/imn-0027.png,750,1253,0.598563
img/imn/0/imn-0028.png,750,1252,0.599042
img/imn/0/imn-0029.png,750,1250,0.6
img/imn/0/imn-0030.png,750,1253,0.598563
img/imn/0/imn-0031.png,750,1253,0.598563
img/imn/0/imn-0032.png,750,1252,0.599042
img/imn/0/imn-0033.png,750,1245,0.60241
img/imn/0/imn-0034.png,750,1253,0.598563
img/imn/0/imn-0035.png,750,1253,0.598563
img/imn/0/imn-0036.png,750,1254,0.598086
img/imn/0/imn-0037.png,750,1256,0.597134
img/imn/0/imn-0038.png,750,1257,0.596659
img/imn/0/imn-0039.png,750,1243,0.603379
img/imn/0/imn-0040.png,750,1253,0.598563
img/imn/0/imn-0041.png,750,1253,0.598563
img/imn/0/imn-0042.png,750,1244,0.602894
img/imn/0/imn-0043.png,750,1254,0.598086
img/imn/0/imn-0044.png,750,1257,0.596659
img/imn/0/imn-0045.png,750,1246,0.601926
img/imn/0/imn-0046.png,750,1250,0.6
img/imn/0/imn-0047.png,750,1253,0.598563
img/imn/0/imn-0048.png,750,1252,0.599042
img/imn/0/imn-0049.png,750,1254,0.598086
img/imn/0/imn-0050.png,750,1254,0.598086
img/imn/0/imn-0051.png,750,1252,0.599042
img/imn/0/imn-0052.png,750,554,1.35379
img/imn/0/imn-0053.png,750,1234,0.60778
img/imn/0/imn-0054.png,750,1234,0.60778
img/imn/0/imn-0055.png,750,1221,0.614251
img/imn/0/imn-0056.png,750,1234,0.60778
img/imn/0/imn-0057.png,750,1224,0.612745
img/imn/0/imn-0058.png,750,1220,0.614754
img/imn/0/imn-0059.png,750,1214,0.617792
img/imn/0/imn-0060.png,750,1224,0.612745
img/imn/0/imn-0061.png,750,1223,0.613246
img/imn/0/imn-0062.png,750,1228,0.610749
img/imn/0/imn-0063.png,750,1227,0.611247
img/imn/0/imn-0064.png,750,1227,0.611247
img/imn/0/imn-0065.png,750,1231,0.609261
img/imn/0/imn-0066.png,750,1232,0.608766
img/imn/0/imn-0067.png,750,1230,0.609756
img/imn/0/imn-0068.png,750,1225,0.612245
img/imn/0/imn-0069.png,750,1238,0.605816
img/imn/0/imn-0070.png,750,1229,0.610252
img/imn/0/imn-0071.png,750,1223,0.613246
img/imn/0/imn-0072.png,750,1227,0.611247
img/imn/0/imn-0073.png,750,1218,0.615764
img/imn/0/imn-0074.png,750,1206,0.621891
img/imn/0/imn-0075.png,750,1223,0.613246
img/imn/0/imn-0076.png,750,1222,0.613748
img/imn/0/imn-0077.png,750,1222,0.613748
img/imn/0/imn-0078.png,750,1225,0.612245
img/imn/0/imn-0079.png,750,1213,0.618302
img/imn/0/imn-0080.png,750,1229,0.610252
img/imn/0/imn-0081.png,750,1232,0.608766
img/imn/0/imn-0082.png,750,1227,0.611247
img/imn/0/imn-0083.png,750,1228,0.610749
img/imn/0/imn-0084.png,750,1230,0.609756
img/imn/0/imn-0085.png,750,1224,0.612745
img/imn/0/imn-0086.png,750,1225,0.612245
img/imn/0/imn-0087.png,750,1224,0.612745
img/imn/0/imn-0088.png,750,1220,0.614754
img/imn/0/imn-0089.png,750,1219,0.615258
img/imn/0/imn-0090.png,750,1218,0.615764
img/imn/0/imn-0091.png,750,1233,0.608273
img/imn/0/imn-0092.png,750,1223,0.613246
img/imn/0/imn-0093.png,750,1229,0.610252
img/imn/0/imn-0094.png,750,1228,0.610749
img/imn/0/imn-0095.png,750,1222,0.613748
img/imn/0/imn-0096.png,750,1224,0.612745
img/imn/0/imn-0097.png,750,1220,0.614754
img/imn/0/imn-0098.png,750,1226,0.611746
img/imn/0/imn-0099.png,750,1224,0.612745
img/imn/10/imn-1001.png,750,1225,0.612245
img/imn/10/imn-1002.png,750,1213,0.618302
img/imn/10/imn-1003.png,750,1216,0.616776
img/imn/10/imn-1004.png,750,1226,0.611746
img/imn/10/imn-1005.png,750,1221,0.614251
img/imn/10/imn-1006.png,750,1224,0.612745
img/imn/10/imn-1007.png,750,1210,0.619835
img/imn/10/imn-1008.png,750,1220,0.614754
img/imn/10/imn-1009.png,750,1221,0.614251
img/imn/10/imn-1010.png,750,1221,0.614251
img/imn/10/imn-1011.png,750,1219,0.615258
img/imn/10/imn-1012.png,750,1213,0.618302
img/imn/10/imn-1013.png,750,1221,0.614251
img/imn/10/imn-1014.png,750,1224,0.612745
img/imn/10/imn-1015.png,750,1218,0.615764
img/imn/10/imn-1016.png,750,1212,0.618812
img/imn/10/imn-1017.png,750,1216,0.616776
img/imn/10/imn-1018.png,750,1220,0.614754
img/imn/10/imn-1019.png,750,1216,0.616776
img/imn/10/imn-1020.png,750,1223,0.613246
img/imn/10/imn-1021.png,750,1220,0.614754
img/imn/10/imn-1022.png,750,1221,0.614251
img/imn/10/imn-1023.png,750,1223,0.613246
img/imn/10/imn-1024.png,750,1210,0.619835
img/imn/10/imn-1025.png,750,1216,0.616776
img/imn/10/imn-1026.png,750,1219,0.615258
img/imn/10/imn-1027.png,750,1217,0.61627
img/imn/10/imn-1028.png,750,536,1.39925
img/imn/10/imn-1029.png,750,1125,0.666667
img/imn/10/imn-1030.png,750,1229,0.610252
img/imn/10/imn-1031.png,750,1212,0.618812
img/imn/10/imn-1032.png,750,1220,0.614754
img/imn/10/imn-1033.png,750,1220,0.614754
img/imn/10/imn-1034.png,750,1227,0.611247
img/imn/10/imn-1035.png,750,1218,0.615764
img/imn/10/imn-1036.png,750,1216,0.616776
img/imn/10/imn-1037.png,750,1213,0.618302
img/imn/10/imn-1038.png,750,1211,0.619323
img/imn/10/imn-1039.png,750,1213,0.618302
img/imn/10/imn-1040.png,750,1226,0.611746
img/imn/10/imn-1041.png,750,1217,0.61627
img/imn/10/imn-1042.png,750,1220,0.614754
img/imn/10/imn-1043.png,750,1227,0.611247
img/imn/10/imn-1044.png,750,1222,0.613748
img/imn/10/imn-1045.png,750,1211,0.619323
img/imn/10/imn-1046.png,750,1220,0.614754
img/imn/10/imn-1047.png,750,1219,0.615258
img/imn/10/imn-1048.png,750,1215,0.617284
img/imn/10/imn-1049.png,750,1213,0.618302
img/imn/10/imn-1050.png,750,1213,0.618302
img/imn/10/imn-1051.png,750,1218,0.615764
img/imn/10/imn-1052.png,750,1211,0.619323
img/imn/10/imn-1053.png,750,1212,0.618812
img/imn/10/imn-1054.png,750,1225,0.612245
img/imn/10/imn-1055.png,750,1220,0.614754
img/imn/10/imn-1056.png,750,1220,0.614754
img/imn/10/imn-1057.png,750,1214,0.617792
img/imn/10/imn-1058.png,750,1218,0.615764
img/imn/10/imn-1059.png,750,1163,0.644884
img/imn/10/imn-1060.png,750,1222,0.613748
img/imn/10/imn-1061.png,750,1220,0.614754
img/imn/10/imn-1062.png,750,1224,0.612745
img/imn/10/imn-1063.png,750,1219,0.615258
img/imn/10/imn-1064.png,750,1225,0.612245
img/imn/10/imn-1065.png,750,1213,0.618302
img/imn/10/imn-1066.png,750,1229,0.610252
img/imn/10/imn-1067.png,750,1219,0.615258
img/imn/10/imn-1068.png,750,1231,0.609261
img/imn/10/imn-1069.png,750,1220,0.614754
img/imn/10/imn-1070.png,750,1220,0.614754
img/imn/10/imn-1071.png,750,1220,0.614754
img/imn/10/imn-1072.png,750,1218,0.615764
img/imn/10/imn-1073.png,750,1211,0.619323
img/imn/10/imn-1074.png,750,1227,0.611247
img/imn/10/imn-1075.png,750,1220,0.614754
img/imn/10/imn-1076.png,750,1224,0.612745
img/imn/10/imn-1077.png,750,1213,0.618302
img/imn/10/imn-1078.png,750,1221,0.614251
img/imn/10/imn-1079.png,750,1217,0.61627
img/imn/10/imn-1080.png,750,1215,0.617284
img/imn/10/imn-1081.png,750,1214,0.617792
img/imn/10/imn-1082.png,750,1216,0.616776
img/imn/10/imn-1083.png,750,858,0.874126
img/imn/10/imn-1084.png,750,1230,0.609756
img/imn/10/imn-1085.png,750,1215,0.617284
img/imn/10/imn-1086.png,750,1214,0.617792
img/imn/10/imn-1087.png,750,1217,0.61627
img/imn/10/imn-1088.png,750,1220,0.614754
img/imn/10/imn-1089.png,750,1209,0.620347
img/imn/10/imn-1090.png,750,1220,0.614754
img/imn/10/imn-1091.png,750,1223,0.613246
img/imn/10/imn-1092.png,750,1223,0.613246
img/imn/10/imn-1093.png,750,1221,0.614251
img/imn/10/imn-1094.png,750,1227,0.611247
img/imn/10/imn-1095.png,750,1216,0.616776
img/imn/10/imn-1096.png,750,1222,0.613748
img/imn/10/imn-1097.png,750,1223,0.613246
img/imn/10/imn-1098.png,750,1224,0.612745
img/imn/10/imn-1099.png,750,1215,0.617284
img/imn/11/imn-1101.png,750,1233,0.608273
img/imn/11/imn-1102.png,750,1226,0.611746
img/imn/11/imn-1103.png,750,1211,0.619323
img/imn/11/imn-1104.png,750,1214,0.617792
img/imn/11/imn-1105.png,750,1223,0.613246
img/imn/11/imn-1106.png,750,1213,0.618302
img/imn/11/imn-1107.png,750,1222,0.613748
img/imn/11/imn-1108.png,750,1219,0.615258
img/imn/11/imn-1109.png,750,1225,0.612245
img/imn/11/imn-1110.png,750,1212,0.618812
img/imn/11/imn-1111.png,750,1214,0.617792
img/imn/11/imn-1112.png,750,1213,0.618302
img/imn/11/imn-1113.png,750,1218,0.615764
img/imn/11/imn-1114.png,750,1209,0.620347
img/imn/11/imn-1115.png,750,1220,0.614754
img/imn/11/imn-1116.png,750,1229,0.610252
img/imn/11/imn-1117.png,750,1224,0.612745
img/imn/11/imn-1118.png,750,1216,0.616776
img/imn/11/imn-1119.png,750,1223,0.613246
img/imn/11/imn-1120.png,750,1211,0.619323
img/imn/11/imn-1121.png,750,1221,0.614251
img/imn/11/imn-1122.png,750,1220,0.614754
img/imn/11/imn-1123.png,750,1172,0.639932
img/imn/11/imn-1124.png,750,1220,0.614754
img/imn/11/imn-1125.png,750,1227,0.611247
img/imn/11/imn-1126.png,750,1230,0.609756
img/imn/11/imn-1127.png,750,1217,0.61627
img/imn/11/imn-1128.png,750,1223,0.613246
img/imn/11/imn-1129.png,750,1140,0.657895
img/imn/11/imn-1130.png,750,1211,0.619323
img/imn/11/imn-1131.png,750,1226,0.611746
img/imn/11/imn-1132.png,750,1227,0.611247
img/imn/11/imn-1133.png,750,1230,0.609756
img/imn/11/imn-1134.png,750,1221,0.614251
img/imn/11/imn-1135.png,750,1223,0.613246
img/imn/11/imn-1136.png,750,1222,0.613748
img/imn/11/imn-1137.png,750,1225,0.612245
img/imn/11/imn-1138.png,750,1220,0.614754
img/imn/11/imn-1139.png,750,1214,0.617792
img/imn/11/imn-1140.png,750,1223,0.613246
img/imn/11/imn-1141.png,750,1221,0.614251
img/imn/11/imn-1142.png,750,1227,0.611247
img/imn/11/imn-1143.png,750,1229,0.610252
img/imn/11/imn-1144.png,750,1220,0.614754
img/imn/11/imn-1145.png,750,1219,0.615258
img/imn/11/imn-1146.png,750,1222,0.613748
img/imn/11/imn-1147.png,750,1218,0.615764
img/imn/11/imn-1148.png,750,1213,0.618302
img/imn/11/imn-1149.png,750,1218,0.615764
img/imn/11/imn-1150.png,750,1225,0.612245
img/imn/11/imn-1151.png,750,1223,0.613246
img/imn/11/imn-1152.png,750,1227,0.611247
img/imn/11/imn-1153.png,750,1221,0.614251
img/imn/11/imn-1154.png,750,1223,0.613246
img/imn/11/imn-1155.png,750,1212,0.618812
img/imn/11/imn-1156.png,750,1222,0.613748
img/imn/11/imn-1157.png,750,1215,0.617284
img/imn/11/imn-1158.png,750,1224,0.612745
img/imn/11/imn-1159.png,750,1222,0.613748
img/imn/11/imn-1160.png,750,1230,0.609756
img/imn/11/imn-1161.png,750,1224,0.612745
img/imn/11/imn-1162.png,750,1221,0.614251
img/imn/11/imn-1163.png,750,1215,0.617284
img/imn/11/imn-1164.png,750,1230,0.609756
img/imn/11/imn-1165.png,750,1224,0.612745
img/imn/11/imn-1166.png,750,1217,0.61627
img/imn/11/imn-1167.png,750,1213,0.618302
img/imn/11/imn-1168.png,750,1221,0.614251
img/imn/11/imn-1169.png,750,1222,0.613748
img/imn/11/imn-1170.png,750,1223,0.613246
img/imn/11/imn-1171.png,750,1220,0.614754
img/imn/11/imn-1172.png,750,1225,0.612245
img/imn/11/imn-1173.png,750,1221,0.614251
img/imn/11/imn-1174.png,750,1224,0.612745
img/imn/11/imn-1175.png,750,1211,0.619323
img/imn/11/imn-1176.png,750,1218,0.615764
img/imn/11/imn-1177.png,750,1232,0.608766
img/imn/11/imn-1178.png,750,1221,0.614251
img/imn/11/imn-1179.png,750,1215,0.617284
img/imn/11/imn-1180.png,750,434,1.72811
img/imn/11/imn-1181.png,750,1231,0.609261
img/imn/11/imn-1182.png,750,1228,0.610749
img/imn/11/imn-1183.png,750,1227,0.611247
img/imn/11/imn-1184.png,750,1218,0.615764
img/imn/11/imn-1185.png,750,1222,0.613748
img/imn/11/imn-1186.png,750,1224,0.612745
img/imn/11/imn-1187.png,750,1215,0.617284
img/imn/11/imn-1188.png,750,1226,0.611746
img/imn/11/imn-1189.png,750,1222,0.613748
img/imn/11/imn-1190.png,750,1224,0.612745
img/imn/11/imn-1191.png,750,1229,0.610252
img/imn/11/imn-1192.png,750,1218,0.615764
img/imn/11/imn-1193.png,750,1221,0.614251
img/imn/11/imn-1194.png,750,1222,0.613748
img/imn/11/imn-1195.png,750,1227,0.611247
img/imn/11/imn-1196.png,750,1218,0.615764
img/imn/11/imn-1197.png,750,1224,0.612745
img/imn/11/imn-1198.png,750,1221,0.614251
img/imn/11/imn-1199.png,750,1169,0.641574
img/imn/12/imn-1201.png,750,1222,0.613748
img/imn/12/imn-1202.png,750,1222,0.613748
img/imn/12/imn-1203.png,750,1214,0.617792
img/imn/12/imn-1204.png,750,1223,0.613246
img/imn/12/imn-1205.png,750,1222,0.613748
img/imn/12/imn-1206.png,750,1227,0.611247
img/imn/12/imn-1207.png,750,1218,0.615764
img/imn/12/imn-1208.png,750,1213,0.618302
img/imn/12/imn-1209.png,750,1218,0.615764
img/imn/12/imn-1210.png,750,1216,0.616776
img/imn/12/imn-1211.png,750,1223,0.613246
img/imn/12/imn-1212.png,750,1221,0.614251
img/imn/12/imn-1213.png,750,1224,0.612745
img/imn/12/imn-1214.png,750,1223,0.613246
img/imn/12/imn-1215.png,750,1213,0.618302
img/imn/12/imn-1216.png,750,1221,0.614251
img/imn/12/imn-1217.png,750,1218,0.615764
img/imn/12/imn-1218.png,750,1217,0.61627
img/imn/12/imn-1219.png,750,1225,0.612245
img/imn/12/imn-1220.png,750,1218,0.615764
img/imn/12/imn-1221.png,750,1224,0.612745
img/imn/12/imn-1222.png,750,1222,0.613748
img/imn/12/imn-1223.png,750,1222,0.613748
img/imn/12/imn-1224.png,750,1223,0.613246
img/imn/12/imn-1225.png,750,1222,0.613748
img/imn/12/imn-1226.png,750,1227,0.611247
img/imn/12/imn-1227.png,750,1218,0.615764
img/imn/12/imn-1228.png,750,1222,0.613748
img/imn/12/imn-1229.png,750,1218,0.615764
img/imn/12/imn-1230.png,750,1219,0.615258
img/imn/12/imn-1231.png,750,1219,0.615258
img/imn/12/imn-1232.png,750,1211,0.619323
img/imn/12/imn-1233.png,750,1220,0.614754
img/imn/12/imn-1234.png,750,1226,0.611746
img/imn/12/imn-1235.png,750,1225,0.612245
img/imn/12/imn-1236.png,750,1222,0.613748
img/imn/12/imn-1237.png,750,1217,0.61627
img/imn/12/imn-1238.png,750,1222,0.613748
img/imn/12/imn-1239.png,750,1210,0.619835
img/imn/12/imn-1240.png,750,1219,0.615258
img/imn/12/imn-1241.png,750,1217,0.61627
img/imn/12/imn-1242.png,750,1220,0.614754
img/imn/12/imn-1243.png,750,1212,0.618812
img/imn/12/imn-1244.png,750,1140,0.657895
img/imn/12/imn-1245.png,750,1229,0.610252
img/imn/12/imn-1246.png,750,1221,0.614251
img/imn/12/imn-1247.png,750,1219,0.615258
img/imn/12/imn-1248.png,750,1213,0.618302
img/imn/12/imn-1249.png,750,1220,0.614754
img/imn/12/imn-1250.png,750,1220,0.614754
img/imn/12/imn-1251.png,750,1215,0.617284
img/imn/12/imn-1252.png,750,1225,0.612245
img/imn/12/imn-1253.png,750,1218,0.615764
img/imn/12/imn-1254.png,750,1222,0.613748
img/imn/12/imn-1255.png,750,1220,0.614754
img/imn/12/imn-1256.png,750,1225,0.612245
img/imn/12/imn-1257.png,750,1219,0.615258
img/imn/12/imn-1258.png,750,1226,0.611746
img/imn/12/imn-1259.png,750,1223,0.613246
img/imn/12/imn-1260.png,750,1224,0.612745
img/imn/12/imn-1261.png,750,1221,0.614251
img/imn/12/imn-1262.png,750,1218,0.615764
img/imn/12/imn-1263.png,750,1222,0.613748
img/imn/12/imn-1264.png,750,1220,0.614754
img/imn/12/imn-1265.png,750,1222,0.613748
img/imn/12/imn-1266.png,750,1224,0.612745
img/imn/12/imn-1267.png,750,1221,0.614251
img/imn/12/imn-1268.png,750,1224,0.612745
img/imn/12/imn-1269.png,750,1216,0.616776
img/imn/12/imn-1270.png,750,1221,0.614251
img/imn/12/imn-1271.png,750,1217,0.61627
img/imn/12/imn-1272.png,750,1212,0.618812
img/imn/12/imn-1273.png,750,1212,0.618812
img/imn/12/imn-1274.png,750,1217,0.61627
img/imn/12/imn-1275.png,750,1219,0.615258
img/imn/12/imn-1276.png,750,1221,0.614251
img/imn/12/imn-1277.png,750,1220,0.614754
img/imn/12/imn-1278.png,750,1226,0.611746
img/imn/12/imn-1279.png,750,1219,0.615258
img/imn/12/imn-1280.png,750,1211,0.619323
img/imn/12/imn-1281.png,750,1211,0.619323
img/imn/12/imn-1282.png,750,1222,0.613748
img/imn/12/imn-1283.png,750,1230,0.609756
img/imn/12/imn-1284.png,750,1223,0.613246
img/imn/12/imn-1285.png,750,1224,0.612745
img/imn/12/imn-1286.png,750,1219,0.615258
img/imn/12/imn-1287.png,750,1223,0.613246
img/imn/12/imn-1288.png,750,1223,0.613246
img/imn/12/imn-1289.png,750,1227,0.611247
img/imn/12/imn-1290.png,750,1224,0.612745
img/imn/12/imn-1291.png,750,1215,0.617284
img/imn/12/imn-1292.png,750,1223,0.613246
img/imn/12/imn-1293.png,750,1219,0.615258
img/imn/12/imn-1294.png,750,1221,0.614251
img/imn/12/imn-1295.png,750,1215,0.617284
img/imn/12/imn-1296.png,750,1219,0.615258
img/imn/12/imn-1297.png,750,1220,0.614754
img/imn/12/imn-1298.png,750,1215,0.617284
img/imn/12/imn-1299.png,750,1213,0.618302
img/imn/13/imn-1301.png,750,1218,0.615764
img/imn/13/imn-1302.png,750,1219,0.615258
img/imn/13/imn-1303.png,750,570,1.31579
img/imn/13/imn-1304.png,750,1226,0.611746
img/imn/13/imn-1305.png,750,1225,0.612245
img/imn/13/imn-1306.png,750,1224,0.612745
img/imn/13/imn-1307.png,750,1216,0.616776
img/imn/13/imn-1308.png,750,1214,0.617792
img/imn/13/imn-1309.png,750,1219,0.615258
img/imn/13/imn-1310.png,750,1212,0.618812
img/imn/13/imn-1311.png,750,1217,0.61627
img/imn/13/imn-1312.png,750,1220,0.614754
img/imn/13/imn-1313.png,750,1220,0.614754
img/imn/13/imn-1314.png,750,1211,0.619323
img/imn/13/imn-1315.png,750,1217,0.61627
img/imn/13/imn-1316.png,750,1218,0.615764
img/imn/13/imn-1317.png,750,1226,0.611746
img/imn/13/imn-1318.png,750,1227,0.611247
img/imn/13/imn-1319.png,750,1219,0.615258
img/imn/13/imn-1320.png,750,1214,0.617792
img/imn/13/imn-1321.png,750,1220,0.614754
img/imn/13/imn-1322.png,750,1220,0.614754
img/imn/13/imn-1323.png,750,1217,0.61627
img/imn/13/imn-1324.png,750,1219,0.615258
img/imn/13/imn-1325.png,750,1223,0.613246
img/imn/13/imn-1326.png,750,1209,0.620347
img/imn/13/imn-1327.png,750,1221,0.614251
img/imn/13/imn-1328.png,750,1216,0.616776
img/imn/13/imn-1329.png,750,1221,0.614251
img/imn/13/imn-1330.png,750,1212,0.618812
img/imn/13/imn-1331.png,750,1218,0.615764
img/imn/13/imn-1332.png,750,1227,0.611247
img/imn/13/imn-1333.png,750,1210,0.619835
img/imn/13/imn-1334.png,750,1220,0.614754
img/imn/13/imn-1335.png,750,1212,0.618812
img/imn/13/imn-1336.png,750,1217,0.61627
img/imn/13/imn-1337.png,750,1201,0.62448
img/imn/13/imn-1338.png,750,1217,0.61627
img/imn/13/imn-1339.png,750,1217,0.61627
img/imn/13/imn-1340.png,750,1226,0.611746
img/imn/13/imn-1341.png,750,1217,0.61627
img/imn/13/imn-1342.png,750,1224,0.612745
img/imn/13/imn-1343.png,750,1226,0.611746
img/imn/13/imn-1344.png,750,1215,0.617284
img/imn/13/imn-1345.png,750,1224,0.612745
img/imn/13/imn-1346.png,750,1209,0.620347
img/imn/13/imn-1347.png,750,1221,0.614251
img/imn/13/imn-1348.png,750,1215,0.617284
img/imn/13/imn-1349.png,750,1221,0.614251
img/imn/13/imn-1350.png,750,1214,0.617792
img/imn/13/imn-1351.png,750,1218,0.615764
img/imn/13/imn-1352.png,750,1222,0.613748
img/imn/13/imn-1353.png,750,1221,0.614251
img/imn/13/imn-1354.png,750,1213,0.618302
img/imn/13/imn-1355.png,750,1219,0.615258
img/imn/13/imn-1356.png,750,1222,0.613748
img/imn/13/imn-1357.png,750,1217,0.61627
img/imn/13/imn-1358.png,750,1215,0.617284
img/imn/13/imn-1359.png,750,1225,0.612245
img/imn/13/imn-1360.png,750,1225,0.612245
img/imn/13/imn-1361.png,750,1227,0.611247
img/imn/13/imn-1362.png,750,1224,0.612745
img/imn/13/imn-1363.png,750,1212,0.618812
img/imn/13/imn-1364.png,750,1220,0.614754
img/imn/13/imn-1365.png,750,1228,0.610749
img/imn/13/imn-1366.png,750,1221,0.614251
img/imn/13/imn-1367.png,750,1208,0.620861
img/imn/13/imn-1368.png,750,1220,0.614754
img/imn/13/imn-1369.png,750,1211,0.619323
img/imn/13/imn-1370.png,750,1219,0.615258
img/imn/13/imn-1371.png,750,1217,0.61627
img/imn/13/imn-1372.png,750,1226,0.611746
img/imn/13/imn-1373.png,750,642,1.16822
img/imn/13/imn-1374.png,750,1230,0.609756
img/imn/13/imn-1375.png,750,1232,0.608766
img/imn/13/imn-1376.png,750,1211,0.619323
img/imn/13/imn-1377.png,750,1221,0.614251
img/imn/13/imn-1378.png,750,1219,0.615258
img/imn/13/imn-1379.png,750,1222,0.613748
img/imn/13/imn-1380.png,750,1216,0.616776
img/imn/13/imn-1381.png,750,1222,0.613748
img/imn/13/imn-1382.png,750,1233,0.608273
img/imn/13/imn-1383.png,750,1214,0.617792
img/imn/13/imn-1384.png,750,1225,0.612245
img/imn/13/imn-1385.png,750,1228,0.610749
img/imn/13/imn-1386.png,750,1218,0.615764
img/imn/13/imn-1387.png,750,1231,0.609261
img/imn/13/imn-1388.png,750,1234,0.60778
img/imn/13/imn-1389.png,750,1226,0.611746
img/imn/13/imn-1390.png,750,1225,0.612245
img/imn/13/imn-1391.png,750,1221,0.614251
img/imn/13/imn-1392.png,750,1227,0.611247
img/imn/13/imn-1393.png,750,1227,0.611247
img/imn/13/imn-1394.png,750,1212,0.618812
img/imn/13/imn-1395.png,750,1225,0.612245
img/imn/13/imn-1396.png,750,1228,0.610749
img/imn/13/imn-1397.png,750,1225,0.612245
img/imn/13/imn-1398.png,750,1224,0.612745
img/imn/13/imn-1399.png,750,1219,0.615258
img/imn/14/imn-1401.png,750,1227,0.611247
img/imn/14/imn-1402.png,750,1212,0.618812
img/imn/14/imn-1403.png,750,1215,0.617284
img/imn/14/imn-1404.png,750,1207,0.621375
img/imn/14/imn-1405.png,750,1230,0.609756
img/imn/14/imn-1406.png,750,1227,0.611247
img/imn/14/imn-1407.png,750,1216,0.616776
img/imn/14/imn-1408.png,750,1221,0.614251
img/imn/14/imn-1409.png,750,1227,0.611247
img/imn/14/imn-1410.png,750,1226,0.611746
img/imn/14/imn-1411.png,750,1231,0.609261
img/imn/14/imn-1412.png,750,1223,0.613246
img/imn/14/imn-1413.png,750,1224,0.612745
img/imn/14/imn-1414.png,750,1218,0.615764
img/imn/14/imn-1415.png,750,1220,0.614754
img/imn/14/imn-1416.png,750,1227,0.611247
img/imn/14/imn-1417.png,750,1221,0.614251
img/imn/14/imn-1418.png,750,1220,0.614754
img/imn/14/imn-1419.png,750,1218,0.615764
img/imn/14/imn-1420.png,750,1222,0.613748
img/imn/14/imn-1421.png,750,1217,0.61627
img/imn/14/imn-1422.png,750,1225,0.612245
img/imn/14/imn-1423.png,750,1219,0.615258
img/imn/14/imn-1424.png,750,1220,0.614754
img/imn/14/imn-1425.png,750,1235,0.607287
img/imn/14/imn-1426.png,750,1225,0.612245
img/imn/14/imn-1427.png,750,1222,0.613748
img/imn/14/imn-1428.png,750,1226,0.611746
img/imn/14/imn-1429.png,750,1230,0.609756
img/imn/14/imn-1430.png,750,1228,0.610749
img/imn/14/imn-1431.png,750,1216,0.616776
img/imn/14/imn-1432.png,750,1228,0.610749
img/imn/14/imn-1433.png,750,1219,0.615258
img/imn/14/imn-1434.png,750,1222,0.613748
img/imn/14/imn-1435.png,750,1218,0.615764
img/imn/14/imn-1436.png,750,1221,0.614251
img/imn/14/imn-1437.png,750,1213,0.618302
img/imn/14/imn-1438.png,750,1220,0.614754
img/imn/14/imn-1439.png,750,1223,0.613246
img/imn/14/imn-1440.png,750,1213,0.618302
img/imn/14/imn-1441.png,750,1210,0.619835
img/imn/14/imn-1442.png,750,1218,0.615764
img/imn/14/imn-1443.png,750,1227,0.611247
img/imn/14/imn-1444.png,750,1221,0.614251
img/imn/14/imn-1445.png,750,1213,0.618302
img/imn/14/imn-1446.png,750,1222,0.613748
img/imn/14/imn-1447.png,750,1218,0.615764
img/imn/14/imn-1448.png,750,1222,0.613748
img/imn/14/imn-1449.png,750,1217,0.61627
img/imn/14/imn-1450.png,750,1225,0.612245
img/imn/14/imn-1451.png,750,1224,0.612745
img/imn/14/imn-1452.png,750,1227,0.611247
img/imn/14/imn-1453.png,750,1211,0.619323
img/imn/14/imn-1454.png,750,1215,0.617284
img/imn/14/imn-1455.png,750,1218,0.615764
img/imn/14/imn-1456.png,750,1223,0.613246
img/imn/14/imn-1457.png,750,1224,0.612745
img/imn/14/imn-1458.png,750,1228,0.610749
img/imn/14/imn-1459.png,750,1225,0.612245
img/imn/14/imn-1460.png,750,1231,0.609261
img/imn/14/imn-1461.png,750,1220,0.614754
img/imn/14/imn-1462.png,750,1219,0.615258
img/imn/14/imn-1463.png,750,1220,0.614754
img/imn/14/imn-1464.png,750,1218,0.615764
img/imn/14/imn-1465.png,750,1214,0.617792
img/imn/14/imn-1466.png,750,1215,0.617284
img/imn/14/imn-1467.png,750,1217,0.61627
img/imn/14/imn-1468.png,750,1202,0.62396
img/imn/14/imn-1469.png,750,1210,0.619835
img/imn/14/imn-1470.png,750,1221,0.614251
img/imn/14/imn-1471.png,750,1208,0.620861
img/imn/14/imn-1472.png,750,1216,0.616776
img/imn/14/imn-1473.png,750,1220,0.614754
img/imn/14/imn-1474.png,750,1212,0.618812
img/imn/14/imn-1475.png,750,1219,0.615258
img/imn/14/imn-1476.png,750,1221,0.614251
img/imn/14/imn-1477.png,750,1225,0.612245
img/imn/14/imn-1478.png,750,1223,0.613246
img/imn/14/imn-1479.png,750,1216,0.616776
img/imn/14/imn-1480.png,750,1220,0.614754
img/imn/14/imn-1481.png,750,821,0.91352
img/imn/14/imn-1482.png,750,1226,0.611746
img/imn/14/imn-1483.png,750,1218,0.615764
img/imn/14/imn-1484.png,750,1218,0.615764
img/imn/14/imn-1485.png,750,1219,0.615258
img/imn/14/imn-1486.png,750,1227,0.611247
img/imn/14/imn-1487.png,750,1216,0.616776
img/imn/14/imn-1488.png,750,1217,0.61627
img/imn/14/imn-1489.png,750,1214,0.617792
img/imn/14/imn-1490.png,750,1222,0.613748
img/imn/14/imn-1491.png,750,1211,0.619323
img/imn/14/imn-1492.png,750,1225,0.612245
img/imn/14/imn-1493.png,750,1221,0.614251
img/imn/14/imn-1494.png,750,1220,0.614754
img/imn/14/imn-1495.png,750,1221,0.614251
img/imn/14/imn-1496.png,750,1210,0.619835
img/imn/14/imn-1497.png,750,1227,0.611247
img/imn/14/imn-1498.png,750,1218,0.615764
img/imn/14/imn-1499.png,750,1229,0.610252
img/imn/15/imn-1501.png,750,1219,0.615258
img/imn/15/imn-1502.png,750,1219,0.615258
img/imn/15/imn-1503.png,750,1225,0.612245
img/imn/15/imn-1504.png,750,1217,0.61627
img/imn/15/imn-1505.png,750,1215,0.617284
img/imn/15/imn-1506.png,750,1215,0.617284
img/imn/15/imn-1507.png,750,1226,0.611746
img/imn/15/imn-1508.png,750,1215,0.617284
img/imn/15/imn-1509.png,750,1219,0.615258
img/imn/15/imn-1510.png,750,1223,0.613246
img/imn/15/imn-1511.png,750,1223,0.613246
img/imn/15/imn-1512.png,750,1221,0.614251
img/imn/15/imn-1513.png,750,1215,0.617284
img/imn/15/imn-1514.png,750,1225,0.612245
img/imn/15/imn-1515.png,750,1226,0.611746
img/imn/15/imn-1516.png,750,1214,0.617792
img/imn/15/imn-1517.png,750,1224,0.612745
img/imn/15/imn-1518.png,750,1218,0.615764
img/imn/15/imn-1519.png,750,1227,0.611247
img/imn/15/imn-1520.png,750,1234,0.60778
img/imn/15/imn-1521.png,750,1236,0.606796
img/imn/15/imn-1522.png,750,1226,0.611746
img/imn/15/imn-1523.png,750,1228,0.610749
img/imn/15/imn-1524.png,750,1235,0.607287
img/imn/15/imn-1525.png,750,1230,0.609756
img/imn/15/imn-1526.png,750,1221,0.614251
img/imn/15/imn-1527.png,750,1219,0.615258
img/imn/15/imn-1528.png,750,1223,0.613246
img/imn/15/imn-1529.png,750,1211,0.619323
img/imn/15/imn-1530.png,750,1139,0.658472
img/imn/15/imn-1531.png,750,1100,0.681818
img/imn/15/imn-1532.png,750,1228,0.610749
img/imn/15/imn-1533.png,750,1220,0.614754
img/imn/15/imn-1534.png,750,1217,0.61627
img/imn/15/imn-1535.png,750,1213,0.618302
img/imn/15/imn-1536.png,750,1217,0.61627
img/imn/15/imn-1537.png,750,1214,0.617792
img/imn/15/imn-1538.png,750,1222,0.613748
img/imn/15/imn-1539.png,750,1218,0.615764
img/imn/15/imn-1540.png,750,1212,0.618812
img/imn/15/imn-1541.png,750,1218,0.615764
img/imn/15/imn-1542.png,750,1217,0.61627
img/imn/15/imn-1543.png,750,1206,0.621891
img/imn/15/imn-1544.png,750,1212,0.618812
img/imn/15/imn-1545.png,750,1218,0.615764
img/imn/15/imn-1546.png,750,1229,0.610252
img/imn/15/imn-1547.png,750,1218,0.615764
img/imn/15/imn-1548.png,750,1219,0.615258
img/imn/15/imn-1549.png,750,1227,0.611247
img/imn/15/imn-1550.png,750,1212,0.618812
img/imn/15/imn-1551.png,750,1210,0.619835
img/imn/15/imn-1552.png,750,1216,0.616776
img/imn/15/imn-1553.png,750,1223,0.613246
img/imn/15/imn-1554.png,750,1214,0.617792
img/imn/15/imn-1555.png,750,1228,0.610749
img/imn/15/imn-1556.png,750,1222,0.613748
img/imn/15/imn-1557.png,750,1215,0.617284
img/imn/15/imn-1558.png,750,1219,0.615258
img/imn/15/imn-1559.png,750,1215,0.617284
img/imn/15/imn-1560.png,750,1221,0.614251
img/imn/15/imn-1561.png,750,1212,0.618812
img/imn/15/imn-1562.png,750,1220,0.614754
img/imn/15/imn-1563.png,750,1219,0.615258
img/imn/15/imn-1564.png,750,1209,0.620347
img/imn/15/imn-1565.png,750,1218,0.615764
img/imn/15/imn-1566.png,750,1223,0.613246
img/imn/15/imn-1567.png,750,1228,0.610749
img/imn/15/imn-1568.png,750,1224,0.612745
img/imn/15/imn-1569.png,750,1218,0.615764
img/imn/15/imn-1570.png,750,1218,0.615764
img/imn/15/imn-1571.png,750,1216,0.616776
img/imn/15/imn-1572.png,750,1203,0.623441
img/imn/15/imn-1573.png,750,1221,0.614251
img/imn/15/imn-1574.png,750,1220,0.614754
img/imn/15/imn-1575.png,750,1221,0.614251
img/imn/15/imn-1576.png,750,1223,0.613246
img/imn/15/imn-1577.png,750,1214,0.617792
img/imn/15/imn-1578.png,750,1223,0.613246
img/imn/15/imn-1579.png,750,1220,0.614754
img/imn/15/imn-1580.png,750,1223,0.613246
img/imn/15/imn-1581.png,750,1216,0.616776
img/imn/15/imn-1582.png,750,1222,0.613748
img/imn/15/imn-1583.png,750,1227,0.611247
img/imn/15/imn-1584.png,750,1218,0.615764
img/imn/15/imn-1585.png,750,1217,0.61627
img/imn/15/imn-1586.png,750,960,0.78125
img/imn/15/imn-1587.png,750,1109,0.676285
img/imn/15/imn-1588.png,750,1223,0.613246
img/imn/15/imn-1589.png,750,1224,0.612745
img/imn/15/imn-1590.png,750,1223,0.613246
img/imn/15/imn-1591.png,750,1102,0.680581
img/imn/15/imn-1592.png,750,1149,0.652742
img/imn/15/imn-1593.png,750,609,1.23153
img/imn/15/imn-1594.png,750,1148,0.65331
img/imn/1/imn-0100.png,750,1229,0.610252
img/imn/1/imn-0101.png,750,1229,0.610252
img/imn/1/imn-0102.png,750,1230,0.609756
img/imn/1/imn-0103.png,750,1228,0.610749
img/imn/1/imn-0104.png,750,1227,0.611247
img/imn/1/imn-0105.png,750,1225,0.612245
img/imn/1/imn-0106.png,750,1227,0.611247
img/imn/1/imn-0107.png,750,1226,0.611746
img/imn/1/imn-0108.png,750,1229,0.610252
img/imn/1/imn-0109.png,750,1214,0.617792
img/imn/1/imn-0110.png,750,1224,0.612745
img/imn/1/imn-0111.png,750,1229,0.610252
img/imn/1/imn-0112.png,750,1224,0.612745
img/imn/1/imn-0113.png,750,1223,0.613246
img/imn/1/imn-0114.png,750,1222,0.613748
img/imn/1/imn-0115.png,750,1231,0.609261
img/imn/1/imn-0116.png,750,1221,0.614251
img/imn/1/imn-0117.png,750,1226,0.611746
img/imn/1/imn-0118.png,750,1227,0.611247
img/imn/1/imn-0119.png,750,1226,0.611746
img/imn/1/imn-0120.png,750,1231,0.609261
img/imn/1/imn-0121.png,750,1230,0.609756
img/imn/1/imn-0122.png,750,1226,0.611746
img/imn/1/imn-0123.png,750,1184,0.633446
img/imn/1/imn-0124.png,750,1227,0.611247
img/imn/1/imn-0125.png,750,1226,0.611746
img/imn/1/imn-0126.png,750,575,1.30435
img/imn/1/imn-0127.png,750,1230,0.609756
img/imn/1/imn-0128.png,750,1224,0.612745
img/imn/1/imn-0129.png,750,1224,0.612745
img/imn/1/imn-0130.png,750,1227,0.611247
img/imn/1/imn-0131.png,750,1225,0.612245
img/imn/1/imn-0132.png,750,1225,0.612245
img/imn/1/imn-0133.png,750,1221,0.614251
img/imn/1/imn-0134.png,750,1232,0.608766
img/imn/1/imn-0135.png,750,1219,0.615258
img/imn/1/imn-0136.png,750,1227,0.611247
img/imn/1/imn-0137.png,750,1227,0.611247
img/imn/1/imn-0138.png,750,1228,0.610749
img/imn/1/imn-0139.png,750,1233,0.608273
img/imn/1/imn-0140.png,750,1221,0.614251
img/imn/1/imn-0141.png,750,1226,0.611746
img/imn/1/imn-0142.png,750,1226,0.611746
img/imn/1/imn-0143.png,750,1174,0.638842
img/imn/1/imn-0144.png,750,1224,0.612745
img/imn/1/imn-0145.png,750,1229,0.610252
img/imn/1/imn-0146.png,750,1221,0.614251
img/imn/1/imn-0147.png,750,1224,0.612745
img/imn/1/imn-0148.png,750,1219,0.615258
img/imn/1/imn-0149.png,750,1219,0.615258
img/imn/1/imn-0150.png,750,1217,0.61627
img/imn/1/imn-0151.png,750,1225,0.612245
img/imn/1/imn-0152.png,750,1216,0.616776
img/imn/1/imn-0153.png,750,1224,0.612745
img/imn/1/imn-0154.png,750,1223,0.613246
img/imn/1/imn-0155.png,750,1223,0.613246
img/imn/1/imn-0156.png,750,1232,0.608766
img/imn/1/imn-0157.png,750,1231,0.609261
img/imn/1/imn-0158.png,750,1217,0.61627
img/imn/1/imn-0159.png,750,1227,0.611247
img/imn/1/imn-0160.png,750,1229,0.610252
img/imn/1/imn-0161.png,750,1096,0.684307
img/imn/1/imn-0162.png,750,1103,0.679964
img/imn/1/imn-0163.png,750,1227,0.611247
img/imn/1/imn-0164.png,750,1222,0.613748
img/imn/1/imn-0165.png,750,1225,0.612245
img/imn/1/imn-0166.png,750,1212,0.618812
img/imn/1/imn-0167.png,750,1229,0.610252
img/imn/1/imn-0168.png,750,1222,0.613748
img/imn/1/imn-0169.png,750,1208,0.620861
img/imn/1/imn-0170.png,750,1220,0.614754
img/imn/1/imn-0171.png,750,1225,0.612245
img/imn/1/imn-0172.png,750,1220,0.614754
img/imn/1/imn-0173.png,750,1229,0.610252
img/imn/1/imn-0174.png,750,1217,0.61627
img/imn/1/imn-0175.png,750,1229,0.610252
img/imn/1/imn-0176.png,750,1224,0.612745
img/imn/1/imn-0177.png,750,1228,0.610749
img/imn/1/imn-0178.png,750,1223,0.613246
img/imn/1/imn-0179.png,750,1220,0.614754
img/imn/1/imn-0180.png,750,1223,0.613246
img/imn/1/imn-0181.png,750,1219,0.615258
img/imn/1/imn-0182.png,750,1230,0.609756
img/imn/1/imn-0183.png,750,1227,0.611247
img/imn/1/imn-0184.png,750,1220,0.614754
img/imn/1/imn-0185.png,750,1221,0.614251
img/imn/1/imn-0186.png,750,1216,0.616776
img/imn/1/imn-0187.png,750,1219,0.615258
img/imn/1/imn-0188.png,750,1220,0.614754
img/imn/1/imn-0189.png,750,1185,0.632911
img/imn/1/imn-0190.png,750,1229,0.610252
img/imn/1/imn-0191.png,750,1221,0.614251
img/imn/1/imn-0192.png,750,1229,0.610252
img/imn/1/imn-0193.png,750,1216,0.616776
img/imn/1/imn-0194.png,750,1219,0.615258
img/imn/1/imn-0195.png,750,1215,0.617284
img/imn/1/imn-0196.png,750,1230,0.609756
img/imn/1/imn-0197.png,750,1231,0.609261
img/imn/1/imn-0198.png,750,1224,0.612745
img/imn/1/imn-0199.png,750,1223,0.613246
img/imn/2/imn-0201.png,750,1216,0.616776
img/imn/2/imn-0202.png,750,1223,0.613246
img/imn/2/imn-0203.png,750,1223,0.613246
img/imn/2/imn-0204.png,750,1224,0.612745
img/imn/2/imn-0205.png,750,1217,0.61627
img/imn/2/imn-0206.png,750,1219,0.615258
img/imn/2/imn-0207.png,750,1208,0.620861
img/imn/2/imn-0208.png,750,1208,0.620861
img/imn/2/imn-0209.png,750,1217,0.61627
img/imn/2/imn-0210.png,750,1219,0.615258
img/imn/2/imn-0211.png,750,1224,0.612745
img/imn/2/imn-0212.png,750,1210,0.619835
img/imn/2/imn-0213.png,750,1215,0.617284
img/imn/2/imn-0214.png,750,1217,0.61627
img/imn/2/imn-0215.png,750,1226,0.611746
img/imn/2/imn-0216.png,750,1226,0.611746
img/imn/2/imn-0217.png,750,1212,0.618812
img/imn/2/imn-0218.png,750,1215,0.617284
img/imn/2/imn-0219.png,750,1220,0.614754
img/imn/2/imn-0220.png,750,1218,0.615764
img/imn/2/imn-0221.png,750,1208,0.620861
img/imn/2/imn-0222.png,750,1218,0.615764
img/imn/2/imn-0223.png,750,1220,0.614754
img/imn/2/imn-0224.png,750,1217,0.61627
img/imn/2/imn-0225.png,750,1220,0.614754
img/imn/2/imn-0226.png,750,1220,0.614754
img/imn/2/imn-0227.png,750,1221,0.614251
img/imn/2/imn-0228.png,750,1132,0.662544
img/imn/2/imn-0229.png,750,1223,0.613246
img/imn/2/imn-0230.png,750,1212,0.618812
img/imn/2/imn-0231.png,750,1218,0.615764
img/imn/2/imn-0232.png,750,1222,0.613748
img/imn/2/imn-0233.png,750,1220,0.614754
img/imn/2/imn-0234.png,750,1222,0.613748
img/imn/2/imn-0235.png,750,1217,0.61627
img/imn/2/imn-0236.png,750,1216,0.616776
img/imn/2/imn-0237.png,750,1226,0.611746
img/imn/2/imn-0238.png,750,1216,0.616776
img/imn/2/imn-0239.png,750,1212,0.618812
img/imn/2/imn-0240.png,750,1219,0.615258
img/imn/2/imn-0241.png,750,1220,0.614754
img/imn/2/imn-0242.png,750,1227,0.611247
img/imn/2/imn-0243.png,750,1227,0.611247
img/imn/2/imn-0244.png,750,1209,0.620347
img/imn/2/imn-0245.png,750,1220,0.614754
img/imn/2/imn-0246.png,750,1221,0.614251
img/imn/2/imn-0247.png,750,1226,0.611746
img/imn/2/imn-0248.png,750,1213,0.618302
img/imn/2/imn-0249.png,750,1215,0.617284
img/imn/2/imn-0250.png,750,1213,0.618302
img/imn/2/imn-0251.png,750,1227,0.611247
img/imn/2/imn-0252.png,750,1228,0.610749
img/imn/2/imn-0253.png,750,1211,0.619323
img/imn/2/imn-0254.png,750,1220,0.614754
img/imn/2/imn-0255.png,750,1211,0.619323
img/imn/2/imn-0256.png,750,1219,0.615258
img/imn/2/imn-0257.png,750,1217,0.61627
img/imn/2/imn-0258.png,750,1214,0.617792
img/imn/2/imn-0259.png,750,1219,0.615258
img/imn/2/imn-0260.png,750,1218,0.615764
img/imn/2/imn-0261.png,750,1221,0.614251
img/imn/2/imn-0262.png,750,1217,0.61627
img/imn/2/imn-0263.png,750,1225,0.612245
img/imn/2/imn-0264.png,750,1212,0.618812
img/imn/2/imn-0265.png,750,1228,0.610749
img/imn/2/imn-0266.png,750,1225,0.612245
img/imn/2/imn-0267.png,750,1213,0.618302
img/imn/2/imn-0268.png,750,1218,0.615764
img/imn/2/imn-0269.png,750,1215,0.617284
img/imn/2/imn-0270.png,750,1222,0.613748
img/imn/2/imn-0271.png,750,1216,0.616776
img/imn/2/imn-0272.png,750,1218,0.615764
img/imn/2/imn-0273.png,750,1219,0.615258
img/imn/2/imn-0274.png,750,1227,0.611247
img/imn/2/imn-0275.png,750,1227,0.611247
img/imn/2/imn-0276.png,750,1225,0.612245
img/imn/2/imn-0277.png,750,1219,0.615258
img/imn/2/imn-0278.png,750,1219,0.615258
img/imn/2/imn-0279.png,750,1226,0.611746
img/imn/2/imn-0280.png,750,1216,0.616776
img/imn/2/imn-0281.png,750,1217,0.61627
img/imn/2/imn-0282.png,750,1226,0.611746
img/imn/2/imn-0283.png,750,1223,0.613246
img/imn/2/imn-0284.png,750,1223,0.613246
img/imn/2/imn-0285.png,750,1205,0.622407
img/imn/2/imn-0286.png,750,1222,0.613748
img/imn/2/imn-0287.png,750,1223,0.613246
img/imn/2/imn-0288.png,750,1218,0.615764
img/imn/2/imn-0289.png,750,1212,0.618812
img/imn/2/imn-0290.png,750,1218,0.615764
img/imn/2/imn-0291.png,750,1226,0.611746
img/imn/2/imn-0292.png,750,1207,0.621375
img/imn/2/imn-0293.png,750,1225,0.612245
img/imn/2/imn-0294.png,750,1223,0.613246
img/imn/2/imn-0295.png,750,1221,0.614251
img/imn/2/imn-0296.png,750,1220,0.614754
img/imn/2/imn-0297.png,750,1225,0.612245
img/imn/2/imn-0298.png,750,1230,0.609756
img/imn/2/imn-0299.png,750,1229,0.610252
img/imn/3/imn-0301.png,750,1210,0.619835
img/imn/3/imn-0302.png,750,1223,0.613246
img/imn/3/imn-0303.png,750,1222,0.613748
img/imn/3/imn-0304.png,750,1228,0.610749
img/imn/3/imn-0305.png,750,1226,0.611746
img/imn/3/imn-0306.png,750,1216,0.616776
img/imn/3/imn-0307.png,750,1215,0.617284
img/imn/3/imn-0308.png,750,1225,0.612245
img/imn/3/imn-0309.png,750,1218,0.615764
img/imn/3/imn-0310.png,750,1229,0.610252
img/imn/3/imn-0311.png,750,1225,0.612245
img/imn/3/imn-0312.png,750,1227,0.611247
img/imn/3/imn-0313.png,750,1218,0.615764
img/imn/3/imn-0314.png,750,1213,0.618302
img/imn/3/imn-0315.png,750,1213,0.618302
img/imn/3/imn-0316.png,750,1027,0.730282
img/imn/3/imn-0317.png,750,1226,0.611746
img/imn/3/imn-0318.png,750,1220,0.614754
img/imn/3/imn-0319.png,750,1214,0.617792
img/imn/3/imn-0320.png,750,1220,0.614754
img/imn/3/imn-0321.png,750,1220,0.614754
img/imn/3/imn-0322.png,750,1210,0.619835
img/imn/3/imn-0323.png,750,1229,0.610252
img/imn/3/imn-0324.png,750,1231,0.609261
img/imn/3/imn-0325.png,750,1223,0.613246
img/imn/3/imn-0326.png,750,1224,0.612745
img/imn/3/imn-0327.png,750,1224,0.612745
img/imn/3/imn-0328.png,750,1226,0.611746
img/imn/3/imn-0329.png,750,1222,0.613748
img/imn/3/imn-0330.png,750,1221,0.614251
img/imn/3/imn-0331.png,750,1226,0.611746
img/imn/3/imn-0332.png,750,1217,0.61627
img/imn/3/imn-0333.png,750,1224,0.612745
img/imn/3/imn-0334.png,750,1219,0.615258
img/imn/3/imn-0335.png,750,1220,0.614754
img/imn/3/imn-0336.png,750,1228,0.610749
img/imn/3/imn-0337.png,750,1232,0.608766
img/imn/3/imn-0338.png,750,1221,0.614251
img/imn/3/imn-0339.png,750,1219,0.615258
img/imn/3/imn-0340.png,750,1230,0.609756
img/imn/3/imn-0341.png,750,1225,0.612245
img/imn/3/imn-0342.png,750,1223,0.613246
img/imn/3/imn-0343.png,750,1223,0.613246
img/imn/3/imn-0344.png,750,1224,0.612745
img/imn/3/imn-0345.png,750,1224,0.612745
img/imn/3/imn-0346.png,750,1223,0.613246
img/imn/3/imn-0347.png,750,1219,0.615258
img/imn/3/imn-0348.png,750,1226,0.611746
img/imn/3/imn-0349.png,750,1226,0.611746
img/imn/3/imn-0350.png,750,1231,0.609261
img/imn/3/imn-0351.png,750,1219,0.615258
img/imn/3/imn-0352.png,750,1225,0.612245
img/imn/3/imn-0353.png,750,1225,0.612245
img/imn/3/imn-0354.png,750,1222,0.613748
img/imn/3/imn-0355.png,750,1228,0.610749
img/imn/3/imn-0356.png,750,1224,0.612745
img/imn/3/imn-0357.png,750,1226,0.611746
img/imn/3/imn-0358.png,750,1222,0.613748
img/imn/3/imn-0359.png,750,1221,0.614251
img/imn/3/imn-0360.png,750,1230,0.609756
img/imn/3/imn-0361.png,750,1229,0.610252
img/imn/3/imn-0362.png,750,1229,0.610252
img/imn/3/imn-0363.png,750,1226,0.611746
img/imn/3/imn-0364.png,750,1233,0.608273
img/imn/3/imn-0365.png,750,1232,0.608766
img/imn/3/imn-0366.png,750,1225,0.612245
img/imn/3/imn-0367.png,750,1224,0.612745
img/imn/3/imn-0368.png,750,1216,0.616776
img/imn/3/imn-0369.png,750,1228,0.610749
img/imn/3/imn-0370.png,750,1230,0.609756
img/imn/3/imn-0371.png,750,1226,0.611746
img/imn/3/imn-0372.png,750,1215,0.617284
img/imn/3/imn-0373.png,750,1226,0.611746
img/imn/3/imn-0374.png,750,1224,0.612745
img/imn/3/imn-0375.png,750,1212,0.618812
img/imn/3/imn-0376.png,750,1227,0.611247
img/imn/3/imn-0377.png,750,1221,0.614251
img/imn/3/imn-0378.png,750,1221,0.614251
img/imn/3/imn-0379.png,750,1223,0.613246
img/imn/3/imn-0380.png,750,1229,0.610252
img/imn/3/imn-0381.png,750,1210,0.619835
img/imn/3/imn-0382.png,750,1226,0.611746
img/imn/3/imn-0383.png,750,1225,0.612245
img/imn/3/imn-0384.png,750,1219,0.615258
img/imn/3/imn-0385.png,750,1225,0.612245
img/imn/3/imn-0386.png,750,1221,0.614251
img/imn/3/imn-0387.png,750,1222,0.613748
img/imn/3/imn-0388.png,750,1223,0.613246
img/imn/3/imn-0389.png,750,1223,0.613246
img/imn/3/imn-0390.png,750,1222,0.613748
img/imn/3/imn-0391.png,750,1219,0.615258
img/imn/3/imn-0392.png,750,1225,0.612245
img/imn/3/imn-0393.png,750,1225,0.612245
img/imn/3/imn-0394.png,750,1232,0.608766
img/imn/3/imn-0395.png,750,1220,0.614754
img/imn/3/imn-0396.png,750,1232,0.608766
img/imn/3/imn-0397.png,750,1218,0.615764
img/imn/3/imn-0398.png,750,1214,0.617792
img/imn/3/imn-0399.png,750,1219,0.615258
img/imn/4/imn-0401.png,750,1220,0.614754
img/imn/4/imn-0402.png,750,1221,0.614251
img/imn/4/imn-0403.png,750,1228,0.610749
img/imn/4/imn-0404.png,750,1225,0.612245
img/imn/4/imn-0405.png,750,1220,0.614754
img/imn/4/imn-0406.png,750,1223,0.613246
img/imn/4/imn-0407.png,750,1223,0.613246
img/imn/4/imn-0408.png,750,1222,0.613748
img/imn/4/imn-0409.png,750,1221,0.614251
img/imn/4/imn-0410.png,750,1231,0.609261
img/imn/4/imn-0411.png,750,1223,0.613246
img/imn/4/imn-0412.png,750,1227,0.611247
img/imn/4/imn-0413.png,750,1223,0.613246
img/imn/4/imn-0414.png,750,1224,0.612745
img/imn/4/imn-0415.png,750,1218,0.615764
img/imn/4/imn-0416.png,750,1217,0.61627
img/imn/4/imn-0417.png,750,1198,0.626043
img/imn/4/imn-0418.png,750,1224,0.612745
img/imn/4/imn-0419.png,750,1223,0.613246
img/imn/4/imn-0420.png,750,1220,0.614754
img/imn/4/imn-0421.png,750,1215,0.617284
img/imn/4/imn-0422.png,750,1222,0.613748
img/imn/4/imn-0423.png,750,1222,0.613748
img/imn/4/imn-0424.png,750,1224,0.612745
img/imn/4/imn-0425.png,750,1220,0.614754
img/imn/4/imn-0426.png,750,1223,0.613246
img/imn/4/imn-0427.png,750,1214,0.617792
img/imn/4/imn-0428.png,750,1227,0.611247
img/imn/4/imn-0429.png,750,1214,0.617792
img/imn/4/imn-0430.png,750,1223,0.613246
img/imn/4/imn-0431.png,750,1226,0.611746
img/imn/4/imn-0432.png,750,1224,0.612745
img/imn/4/imn-0433.png,750,1230,0.609756
img/imn/4/imn-0434.png,750,1231,0.609261
img/imn/4/imn-0435.png,750,1228,0.610749
img/imn/4/imn-0436.png,750,1227,0.611247
img/imn/4/imn-0437.png,750,1226,0.611746
img/imn/4/imn-0438.png,750,757,0.990753
img/imn/4/imn-0439.png,750,1229,0.610252
img/imn/4/imn-0440.png,750,1232,0.608766
img/imn/4/imn-0441.png,750,1223,0.613246
img/imn/4/imn-0442.png,750,1226,0.611746
img/imn/4/imn-0443.png,750,1224,0.612745
img/imn/4/imn-0444.png,750,1226,0.611746
img/imn/4/imn-0445.png,750,1225,0.612245
img/imn/4/imn-0446.png,750,1221,0.614251
img/imn/4/imn-0447.png,750,1209,0.620347
img/imn/4/imn-0448.png,750,1225,0.612245
img/imn/4/imn-0449.png,750,1226,0.611746
img/imn/4/imn-0450.png,750,1226,0.611746
img/imn/4/imn-0451.png,750,1230,0.609756
img/imn/4/imn-0452.png,750,1223,0.613246
img/imn/4/imn-0453.png,750,1231,0.609261
img/imn/4/imn-0454.png,750,1225,0.612245
img/imn/4/imn-0455.png,750,1224,0.612745
img/imn/4/imn-0456.png,750,1231,0.609261
img/imn/4/imn-0457.png,750,757,0.990753
img/imn/4/imn-0458.png,750,1233,0.608273
img/imn/4/imn-0459.png,750,1232,0.608766
img/imn/4/imn-0460.png,750,1234,0.60778
img/imn/4/imn-0461.png,750,1243,0.603379
img/imn/4/imn-0462.png,750,1226,0.611746
img/imn/4/imn-0463.png,750,1213,0.618302
img/imn/4/imn-0464.png,750,1221,0.614251
img/imn/4/imn-0465.png,750,1223,0.613246
img/imn/4/imn-0466.png,750,1226,0.611746
img/imn/4/imn-0467.png,750,1220,0.614754
img/imn/4/imn-0468.png,750,1226,0.611746
img/imn/4/imn-0469.png,750,1215,0.617284
img/imn/4/imn-0470.png,750,1228,0.610749
img/imn/4/imn-0471.png,750,1220,0.614754
img/imn/4/imn-0472.png,750,1221,0.614251
img/imn/4/imn-0473.png,750,1215,0.617284
img/imn/4/imn-0474.png,750,1221,0.614251
img/imn/4/imn-0475.png,750,1215,0.617284
img/imn/4/imn-0476.png,750,1221,0.614251
img/imn/4/imn-0477.png,750,1218,0.615764
img/imn/4/imn-0478.png,750,1221,0.614251
img/imn/4/imn-0479.png,750,1222,0.613748
img/imn/4/imn-0480.png,750,1221,0.614251
img/imn/4/imn-0481.png,750,1220,0.614754
img/imn/4/imn-0482.png,750,1216,0.616776
img/imn/4/imn-0483.png,750,1225,0.612245
img/imn/4/imn-0484.png,750,1217,0.61627
img/imn/4/imn-0485.png,750,1229,0.610252
img/imn/4/imn-0486.png,750,1225,0.612245
img/imn/4/imn-0487.png,750,1221,0.614251
img/imn/4/imn-0488.png,750,1223,0.613246
img/imn/4/imn-0489.png,750,1215,0.617284
img/imn/4/imn-0490.png,750,1225,0.612245
img/imn/4/imn-0491.png,750,1229,0.610252
img/imn/4/imn-0492.png,750,1224,0.612745
img/imn/4/imn-0493.png,750,1217,0.61627
img/imn/4/imn-0494.png,750,1226,0.611746
img/imn/4/imn-0495.png,750,1216,0.616776
img/imn/4/imn-0496.png,750,1221,0.614251
img/imn/4/imn-0497.png,750,1217,0.61627
img/imn/4/imn-0498.png,750,1224,0.612745
img/imn/4/imn-0499.png,750,1232,0.608766
img/imn/5/imn-0501.png,750,1220,0.614754
img/imn/5/imn-0502.png,750,1220,0.614754
img/imn/5/imn-0503.png,750,1217,0.61627
img/imn/5/imn-0504.png,750,1211,0.619323
img/imn/5/imn-0505.png,750,1217,0.61627
img/imn/5/imn-0506.png,750,1222,0.613748
img/imn/5/imn-0507.png,750,1224,0.612745
img/imn/5/imn-0508.png,750,1221,0.614251
img/imn/5/imn-0509.png,750,1216,0.616776
img/imn/5/imn-0510.png,750,1222,0.613748
img/imn/5/imn-0511.png,750,1222,0.613748
img/imn/5/imn-0512.png,750,1219,0.615258
img/imn/5/imn-0513.png,750,1219,0.615258
img/imn/5/imn-0514.png,750,1229,0.610252
img/imn/5/imn-0515.png,750,1223,0.613246
img/imn/5/imn-0516.png,750,1212,0.618812
img/imn/5/imn-0517.png,750,1228,0.610749
img/imn/5/imn-0518.png,750,1223,0.613246
img/imn/5/imn-0519.png,750,1214,0.617792
img/imn/5/imn-0520.png,750,1217,0.61627
img/imn/5/imn-0521.png,750,1220,0.614754
img/imn/5/imn-0522.png,750,1229,0.610252
img/imn/5/imn-0523.png,750,1226,0.611746
img/imn/5/imn-0524.png,750,1217,0.61627
img/imn/5/imn-0525.png,750,1224,0.612745
img/imn/5/imn-0526.png,750,1221,0.614251
img/imn/5/imn-0527.png,750,1215,0.617284
img/imn/5/imn-0528.png,750,1227,0.611247
img/imn/5/imn-0529.png,750,1227,0.611247
img/imn/5/imn-0530.png,750,1218,0.615764
img/imn/5/imn-0531.png,750,1216,0.616776
img/imn/5/imn-0532.png,750,1222,0.613748
img/imn/5/imn-0533.png,750,1210,0.619835
img/imn/5/imn-0534.png,750,1223,0.613246
img/imn/5/imn-0535.png,750,1222,0.613748
img/imn/5/imn-0536.png,750,1224,0.612745
img/imn/5/imn-0537.png,750,1225,0.612245
img/imn/5/imn-0538.png,750,1220,0.614754
img/imn/5/imn-0539.png,750,1219,0.615258
img/imn/5/imn-0540.png,750,1213,0.618302
img/imn/5/imn-0541.png,750,1212,0.618812
img/imn/5/imn-0542.png,750,1216,0.616776
img/imn/5/imn-0543.png,750,1213,0.618302
img/imn/5/imn-0544.png,750,1222,0.613748
img/imn/5/imn-0545.png,750,1223,0.613246
img/imn/5/imn-0546.png,750,1223,0.613246
img/imn/5/imn-0547.png,750,1221,0.614251
img/imn/5/imn-0548.png,750,1217,0.61627
img/imn/5/imn-0549.png,750,1222,0.613748
img/imn/5/imn-0550.png,750,1222,0.613748
img/imn/5/imn-0551.png,750,1216,0.616776
img/imn/5/imn-0552.png,750,1216,0.616776
img/imn/5/imn-0553.png,750,1224,0.612745
img/imn/5/imn-0554.png,750,1224,0.612745
img/imn/5/imn-0555.png,750,1222,0.613748
img/imn/5/imn-0556.png,750,362,2.07182
img/imn/5/imn-0557.png,750,1119,0.670241
img/imn/5/imn-0558.png,750,1229,0.610252
img/imn/5/imn-0559.png,750,1220,0.614754
img/imn/5/imn-0560.png,750,1221,0.614251
img/imn/5/imn-0561.png,750,1227,0.611247
img/imn/5/imn-0562.png,750,1222,0.613748
img/imn/5/imn-0563.png,750,1218,0.615764
img/imn/5/imn-0564.png,750,1215,0.617284
img/imn/5/imn-0565.png,750,1221,0.614251
img/imn/5/imn-0566.png,750,1227,0.611247
img/imn/5/imn-0567.png,750,1211,0.619323
img/imn/5/imn-0568.png,750,1222,0.613748
img/imn/5/imn-0569.png,750,1220,0.614754
img/imn/5/imn-0570.png,750,1218,0.615764
img/imn/5/imn-0571.png,750,1219,0.615258
img/imn/5/imn-0572.png,750,1222,0.613748
img/imn/5/imn-0573.png,750,1221,0.614251
img/imn/5/imn-0574.png,750,1228,0.610749
img/imn/5/imn-0575.png,750,1230,0.609756
img/imn/5/imn-0576.png,750,1226,0.611746
img/imn/5/imn-0577.png,750,1221,0.614251
img/imn/5/imn-0578.png,750,1226,0.611746
img/imn/5/imn-0579.png,750,1224,0.612745
img/imn/5/imn-0580.png,750,1222,0.613748
img/imn/5/imn-0581.png,750,1228,0.610749
img/imn/5/imn-0582.png,750,1222,0.613748
img/imn/5/imn-0583.png,750,1219,0.615258
img/imn/5/imn-0584.png,750,1229,0.610252
img/imn/5/imn-0585.png,750,1224,0.612745
img/imn/5/imn-0586.png,750,1224,0.612745
img/imn/5/imn-0587.png,750,1224,0.612745
img/imn/5/imn-0588.png,750,1224,0.612745
img/imn/5/imn-0589.png,750,1220,0.614754
img/imn/5/imn-0590.png,750,1220,0.614754
img/imn/5/imn-0591.png,750,1222,0.613748
img/imn/5/imn-0592.png,750,1216,0.616776
img/imn/5/imn-0593.png,750,1220,0.614754
img/imn/5/imn-0594.png,750,1229,0.610252
img/imn/5/imn-0595.png,750,1226,0.611746
img/imn/5/imn-0596.png,750,1225,0.612245
img/imn/5/imn-0597.png,750,1222,0.613748
img/imn/5/imn-0598.png,750,1221,0.614251
img/imn/5/imn-0599.png,750,435,1.72414
img/imn/6/imn-0601.png,750,1226,0.611746
img/imn/6/imn-0602.png,750,1227,0.611247
img/imn/6/imn-0603.png,750,1222,0.613748
img/imn/6/imn-0604.png,750,1223,0.613246
img/imn/6/imn-0605.png,750,1216,0.616776
img/imn/6/imn-0606.png,750,1221,0.614251
img/imn/6/imn-0607.png,750,1225,0.612245
img/imn/6/imn-0608.png,750,1221,0.614251
img/imn/6/imn-0609.png,750,1222,0.613748
img/imn/6/imn-0610.png,750,1219,0.615258
img/imn/6/imn-0611.png,750,1216,0.616776
img/imn/6/imn-0612.png,750,1225,0.612245
img/imn/6/imn-0613.png,750,1221,0.614251
img/imn/6/imn-0614.png,750,1223,0.613246
img/imn/6/imn-0615.png,750,1222,0.613748
img/imn/6/imn-0616.png,750,1224,0.612745
img/imn/6/imn-0617.png,750,1224,0.612745
img/imn/6/imn-0618.png,750,1226,0.611746
img/imn/6/imn-0619.png,750,1222,0.613748
img/imn/6/imn-0620.png,750,1231,0.609261
img/imn/6/imn-0621.png,750,1227,0.611247
img/imn/6/imn-0622.png,750,1219,0.615258
img/imn/6/imn-0623.png,750,1227,0.611247
img/imn/6/imn-0624.png,750,1220,0.614754
img/imn/6/imn-0625.png,750,1223,0.613246
img/imn/6/imn-0626.png,750,1224,0.612745
img/imn/6/imn-0627.png,750,1228,0.610749
img/imn/6/imn-0628.png,750,1220,0.614754
img/imn/6/imn-0629.png,750,1221,0.614251
img/imn/6/imn-0630.png,750,1227,0.611247
img/imn/6/imn-0631.png,750,1222,0.613748
img/imn/6/imn-0632.png,750,1219,0.615258
img/imn/6/imn-0633.png,750,1211,0.619323
img/imn/6/imn-0634.png,750,1221,0.614251
img/imn/6/imn-0635.png,750,1221,0.614251
img/imn/6/imn-0636.png,750,1216,0.616776
img/imn/6/imn-0637.png,750,1224,0.612745
img/imn/6/imn-0638.png,750,1225,0.612245
img/imn/6/imn-0639.png,750,1223,0.613246
img/imn/6/imn-0640.png,750,1222,0.613748
img/imn/6/imn-0641.png,750,1220,0.614754
img/imn/6/imn-0642.png,750,1215,0.617284
img/imn/6/imn-0643.png,750,1217,0.61627
img/imn/6/imn-0644.png,750,1224,0.612745
img/imn/6/imn-0645.png,750,1229,0.610252
img/imn/6/imn-0646.png,750,1222,0.613748
img/imn/6/imn-0647.png,750,1224,0.612745
img/imn/6/imn-0648.png,750,1227,0.611247
img/imn/6/imn-0649.png,750,1220,0.614754
img/imn/6/imn-0650.png,750,1225,0.612245
img/imn/6/imn-0651.png,750,1226,0.611746
img/imn/6/imn-0652.png,750,1224,0.612745
img/imn/6/imn-0653.png,750,1226,0.611746
img/imn/6/imn-0654.png,750,1227,0.611247
img/imn/6/imn-0655.png,750,1215,0.617284
img/imn/6/imn-0656.png,750,1215,0.617284
img/imn/6/imn-0657.png,750,1225,0.612245
img/imn/6/imn-0658.png,750,1223,0.613246
img/imn/6/imn-0659.png,750,1219,0.615258
img/imn/6/imn-0660.png,750,1216,0.616776
img/imn/6/imn-0661.png,750,1224,0.612745
img/imn/6/imn-0662.png,750,1227,0.611247
img/imn/6/imn-0663.png,750,1217,0.61627
img/imn/6/imn-0664.png,750,1223,0.613246
img/imn/6/imn-0665.png,750,1219,0.615258
img/imn/6/imn-0666.png,750,1221,0.614251
img/imn/6/imn-0667.png,750,1222,0.613748
img/imn/6/imn-0668.png,750,1222,0.613748
img/imn/6/imn-0669.png,750,1230,0.609756
img/imn/6/imn-0670.png,750,1220,0.614754
img/imn/6/imn-0671.png,750,1214,0.617792
img/imn/6/imn-0672.png,750,1223,0.613246
img/imn/6/imn-0673.png,750,1216,0.616776
img/imn/6/imn-0674.png,750,1222,0.613748
img/imn/6/imn-0675.png,750,1214,0.617792
img/imn/6/imn-0676.png,750,1226,0.611746
img/imn/6/imn-0677.png,750,1225,0.612245
img/imn/6/imn-0678.png,750,1225,0.612245
img/imn/6/imn-0679.png,750,1214,0.617792
img/imn/6/imn-0680.png,750,1222,0.613748
img/imn/6/imn-0681.png,750,1222,0.613748
img/imn/6/imn-0682.png,750,1215,0.617284
img/imn/6/imn-0683.png,750,1223,0.613246
img/imn/6/imn-0684.png,750,1219,0.615258
img/imn/6/imn-0685.png,750,1220,0.614754
img/imn/6/imn-0686.png,750,824,0.910194
img/imn/6/imn-0687.png,750,1228,0.610749
img/imn/6/imn-0688.png,750,1223,0.613246
img/imn/6/imn-0689.png,750,1225,0.612245
img/imn/6/imn-0690.png,750,1215,0.617284
img/imn/6/imn-0691.png,750,1223,0.613246
img/imn/6/imn-0692.png,750,1226,0.611746
img/imn/6/imn-0693.png,750,1221,0.614251
img/imn/6/imn-0694.png,750,1214,0.617792
img/imn/6/imn-0695.png,750,1215,0.617284
img/imn/6/imn-0696.png,750,1228,0.610749
img/imn/6/imn-0697.png,750,1220,0.614754
img/imn/6/imn-0698.png,750,1218,0.615764
img/imn/6/imn-0699.png,750,1225,0.612245
img/imn/7/imn-0701.png,750,1217,0.61627
img/imn/7/imn-0702.png,750,1229,0.610252
img/imn/7/imn-0703.png,750,1222,0.613748
img/imn/7/imn-0704.png,750,1222,0.613748
img/imn/7/imn-0705.png,750,1220,0.614754
img/imn/7/imn-0706.png,750,1221,0.614251
img/imn/7/imn-0707.png,750,1222,0.613748
img/imn/7/imn-0708.png,750,1218,0.615764
img/imn/7/imn-0709.png,750,1221,0.614251
img/imn/7/imn-0710.png,750,1226,0.611746
img/imn/7/imn-0711.png,750,1216,0.616776
img/imn/7/imn-0712.png,750,1222,0.613748
img/imn/7/imn-0713.png,750,1183,0.633981
img/imn/7/imn-0714.png,750,1219,0.615258
img/imn/7/imn-0715.png,750,1220,0.614754
img/imn/7/imn-0716.png,750,1220,0.614754
img/imn/7/imn-0717.png,750,1227,0.611247
img/imn/7/imn-0718.png,750,1222,0.613748
img/imn/7/imn-0719.png,750,1213,0.618302
img/imn/7/imn-0720.png,750,1224,0.612745
img/imn/7/imn-0721.png,750,1222,0.613748
img/imn/7/imn-0722.png,750,1227,0.611247
img/imn/7/imn-0723.png,750,1210,0.619835
img/imn/7/imn-0724.png,750,1215,0.617284
img/imn/7/imn-0725.png,750,1210,0.619835
img/imn/7/imn-0726.png,750,1219,0.615258
img/imn/7/imn-0727.png,750,1218,0.615764
img/imn/7/imn-0728.png,750,1210,0.619835
img/imn/7/imn-0729.png,750,1223,0.613246
img/imn/7/imn-0730.png,750,1217,0.61627
img/imn/7/imn-0731.png,750,1218,0.615764
img/imn/7/imn-0732.png,750,1205,0.622407
img/imn/7/imn-0733.png,750,1223,0.613246
img/imn/7/imn-0734.png,750,1222,0.613748
img/imn/7/imn-0735.png,750,1222,0.613748
img/imn/7/imn-0736.png,750,1220,0.614754
img/imn/7/imn-0737.png,750,1219,0.615258
img/imn/7/imn-0738.png,750,1219,0.615258
img/imn/7/imn-0739.png,750,1211,0.619323
img/imn/7/imn-0740.png,750,1216,0.616776
img/imn/7/imn-0741.png,750,1215,0.617284
img/imn/7/imn-0742.png,750,1212,0.618812
img/imn/7/imn-0743.png,750,1221,0.614251
img/imn/7/imn-0744.png,750,1218,0.615764
img/imn/7/imn-0745.png,750,1219,0.615258
img/imn/7/imn-0746.png,750,1217,0.61627
img/imn/7/imn-0747.png,750,1212,0.618812
img/imn/7/imn-0748.png,750,1218,0.615764
img/imn/7/imn-0749.png,750,1219,0.615258
img/imn/7/imn-0750.png,750,1219,0.615258
img/imn/7/imn-0751.png,750,1219,0.615258
img/imn/7/imn-0752.png,750,1218,0.615764
img/imn/7/imn-0753.png,750,1220,0.614754
img/imn/7/imn-0754.png,750,1218,0.615764
img/imn/7/imn-0755.png,750,1220,0.614754
img/imn/7/imn-0756.png,750,1224,0.612745
img/imn/7/imn-0757.png,750,1243,0.603379
img/imn/7/imn-0758.png,750,512,1.46484
img/imn/7/imn-0759.png,750,1118,0.670841
img/imn/7/imn-0760.png,750,1245,0.60241
img/imn/7/imn-0761.png,750,1227,0.611247
img/imn/7/imn-0762.png,750,1207,0.621375
img/imn/7/imn-0763.png,750,1251,0.59952
img/imn/7/imn-0764.png,750,1253,0.598563
img/imn/7/imn-0765.png,750,1246,0.601926
img/imn/7/imn-0766.png,750,1247,0.601443
img/imn/7/imn-0767.png,750,1255,0.59761
img/imn/7/imn-0768.png,750,1242,0.603865
img/imn/7/imn-0769.png,750,1233,0.608273
img/imn/7/imn-0770.png,750,1239,0.605327
img/imn/7/imn-0771.png,750,1248,0.600962
img/imn/7/imn-0772.png,750,1246,0.601926
img/imn/7/imn-0773.png,750,1245,0.60241
img/imn/7/imn-0774.png,750,1213,0.618302
img/imn/7/imn-0775.png,750,1245,0.60241
img/imn/7/imn-0776.png,750,1244,0.602894
img/imn/7/imn-0777.png,750,1243,0.603379
img/imn/7/imn-0778.png,750,1249,0.60048
img/imn/7/imn-0779.png,750,1248,0.600962
img/imn/7/imn-0780.png,750,1250,0.6
img/imn/7/imn-0781.png,750,1240,0.604839
img/imn/7/imn-0782.png,750,1235,0.607287
img/imn/7/imn-0783.png,750,1246,0.601926
img/imn/7/imn-0784.png,750,1239,0.605327
img/imn/7/imn-0785.png,750,1248,0.600962
img/imn/7/imn-0786.png,750,1247,0.601443
img/imn/7/imn-0787.png,750,1250,0.6
img/imn/7/imn-0788.png,750,1241,0.604351
img/imn/7/imn-0789.png,750,1221,0.614251
img/imn/7/imn-0790.png,750,1220,0.614754
img/imn/7/imn-0791.png,750,1220,0.614754
img/imn/7/imn-0792.png,750,1215,0.617284
img/imn/7/imn-0793.png,750,1204,0.622924
img/imn/7/imn-0794.png,750,1216,0.616776
img/imn/7/imn-0795.png,750,1223,0.613246
img/imn/7/imn-0796.png,750,1217,0.61627
img/imn/7/imn-0797.png,750,1217,0.61627
img/imn/7/imn-0798.png,750,1208,0.620861
img/imn/7/imn-0799.png,750,1207,0.621375
img/imn/8/imn-0801.png,750,1214,0.617792
img/imn/8/imn-0802.png,750,1214,0.617792
img/imn/8/imn-0803.png,750,1211,0.619323
img/imn/8/imn-0804.png,750,1220,0.614754
img/imn/8/imn-0805.png,750,1218,0.615764
img/imn/8/imn-0806.png,750,1212,0.618812
img/imn/8/imn-0807.png,750,1168,0.642123
img/imn/8/imn-0808.png,750,1229,0.610252
img/imn/8/imn-0809.png,750,1226,0.611746
img/imn/8/imn-0810.png,750,1223,0.613246
img/imn/8/imn-0811.png,750,1217,0.61627
img/imn/8/imn-0812.png,750,1218,0.615764
img/imn/8/imn-0813.png,750,1221,0.614251
img/imn/8/imn-0814.png,750,1216,0.616776
img/imn/8/imn-0815.png,750,1208,0.620861
img/imn/8/imn-0816.png,750,1215,0.617284
img/imn/8/imn-0817.png,750,1219,0.615258
img/imn/8/imn-0818.png,750,1226,0.611746
img/imn/8/imn-0819.png,750,1225,0.612245
img/imn/8/imn-0820.png,750,1216,0.616776
img/imn/8/imn-0821.png,750,1219,0.615258
img/imn/8/imn-0822.png,750,1214,0.617792
img/imn/8/imn-0823.png,750,1219,0.615258
img/imn/8/imn-0824.png,750,1213,0.618302
img/imn/8/imn-0825.png,750,1216,0.616776
img/imn/8/imn-0826.png,750,1223,0.613246
img/imn/8/imn-0827.png,750,1227,0.611247
img/imn/8/imn-0828.png,750,1221,0.614251
img/imn/8/imn-0829.png,750,1228,0.610749
img/imn/8/imn-0830.png,750,1221,0.614251
img/imn/8/imn-0831.png,750,1218,0.615764
img/imn/8/imn-0832.png,750,1218,0.615764
img/imn/8/imn-0833.png,750,1212,0.618812
img/imn/8/imn-0834.png,750,1220,0.614754
img/imn/8/imn-0835.png,750,854,0.87822
img/imn/8/imn-0836.png,750,1223,0.613246
img/imn/8/imn-0837.png,750,1219,0.615258
img/imn/8/imn-0838.png,750,1217,0.61627
img/imn/8/imn-0839.png,750,1219,0.615258
img/imn/8/imn-0840.png,750,1217,0.61627
img/imn/8/imn-0841.png,750,1226,0.611746
img/imn/8/imn-0842.png,750,1224,0.612745
img/imn/8/imn-0843.png,750,1222,0.613748
img/imn/8/imn-0844.png,750,1217,0.61627
img/imn/8/imn-0845.png,750,1223,0.613246
img/imn/8/imn-0846.png,750,1217,0.61627
img/imn/8/imn-0847.png,750,1212,0.618812
img/imn/8/imn-0848.png,750,1212,0.618812
img/imn/8/imn-0849.png,750,1222,0.613748
img/imn/8/imn-0850.png,750,1222,0.613748
img/imn/8/imn-0851.png,750,1227,0.611247
img/imn/8/imn-0852.png,750,1222,0.613748
img/imn/8/imn-0853.png,750,1221,0.614251
img/imn/8/imn-0854.png,750,1222,0.613748
img/imn/8/imn-0855.png,750,1222,0.613748
img/imn/8/imn-0856.png,750,1216,0.616776
img/imn/8/imn-0857.png,750,1209,0.620347
img/imn/8/imn-0858.png,750,1218,0.615764
img/imn/8/imn-0859.png,750,1219,0.615258
img/imn/8/imn-0860.png,750,1220,0.614754
img/imn/8/imn-0861.png,750,1222,0.613748
img/imn/8/imn-0862.png,750,1226,0.611746
img/imn/8/imn-0863.png,750,1219,0.615258
img/imn/8/imn-0864.png,750,1220,0.614754
img/imn/8/imn-0865.png,750,1218,0.615764
img/imn/8/imn-0866.png,750,1223,0.613246
img/imn/8/imn-0867.png,750,1223,0.613246
img/imn/8/imn-0868.png,750,1220,0.614754
img/imn/8/imn-0869.png,750,1220,0.614754
img/imn/8/imn-0870.png,750,1222,0.613748
img/imn/8/imn-0871.png,750,1222,0.613748
img/imn/8/imn-0872.png,750,1223,0.613246
img/imn/8/imn-0873.png,750,1225,0.612245
img/imn/8/imn-0874.png,750,1222,0.613748
img/imn/8/imn-0875.png,750,1220,0.614754
img/imn/8/imn-0876.png,750,1222,0.613748
img/imn/8/imn-0877.png,750,1221,0.614251
img/imn/8/imn-0878.png,750,327,2.29358
img/imn/8/imn-0879.png,750,1224,0.612745
img/imn/8/imn-0880.png,750,1218,0.615764
img/imn/8/imn-0881.png,750,1219,0.615258
img/imn/8/imn-0882.png,750,1219,0.615258
img/imn/8/imn-0883.png,750,1216,0.616776
img/imn/8/imn-0884.png,750,1224,0.612745
img/imn/8/imn-0885.png,750,642,1.16822
img/imn/8/imn-0886.png,750,1109,0.676285
img/imn/8/imn-0887.png,750,1210,0.619835
img/imn/8/imn-0888.png,750,1219,0.615258
img/imn/8/imn-0889.png,750,1220,0.614754
img/imn/8/imn-0890.png,750,1208,0.620861
img/imn/8/imn-0891.png,750,1215,0.617284
img/imn/8/imn-0892.png,750,1216,0.616776
img/imn/8/imn-0893.png,750,1222,0.613748
img/imn/8/imn-0894.png,750,1227,0.611247
img/imn/8/imn-0895.png,750,1221,0.614251
img/imn/8/imn-0896.png,750,1214,0.617792
img/imn/8/imn-0897.png,750,1224,0.612745
img/imn/8/imn-0898.png,750,1211,0.619323
img/imn/8/imn-0899.png,750,1221,0.614251
img/imn/9/imn-0901.png,750,1224,0.612745
img/imn/9/imn-0902.png,750,1220,0.614754
img/imn/9/imn-0903.png,750,1228,0.610749
img/imn/9/imn-0904.png,750,1228,0.610749
img/imn/9/imn-0905.png,750,1227,0.611247
img/imn/9/imn-0906.png,750,1226,0.611746
img/imn/9/imn-0907.png,750,1225,0.612245
img/imn/9/imn-0908.png,750,1224,0.612745
img/imn/9/imn-0909.png,750,1219,0.615258
img/imn/9/imn-0910.png,750,1212,0.618812
img/imn/9/imn-0911.png,750,1212,0.618812
img/imn/9/imn-0912.png,750,1214,0.617792
img/imn/9/imn-0913.png,750,1219,0.615258
img/imn/9/imn-0914.png,750,1227,0.611247
img/imn/9/imn-0915.png,750,1217,0.61627
img/imn/9/imn-0916.png,750,1220,0.614754
img/imn/9/imn-0917.png,750,1216,0.616776
img/imn/9/imn-0918.png,750,1217,0.61627
img/imn/9/imn-0919.png,750,1208,0.620861
img/imn/9/imn-0920.png,750,1216,0.616776
img/imn/9/imn-0921.png,750,1216,0.616776
img/imn/9/imn-0922.png,750,1212,0.618812
img/imn/9/imn-0923.png,750,1219,0.615258
img/imn/9/imn-0924.png,750,1219,0.615258
img/imn/9/imn-0925.png,750,1221,0.614251
img/imn/9/imn-0926.png,750,1227,0.611247
img/imn/9/imn-0927.png,750,1227,0.611247
img/imn/9/imn-0928.png,750,1217,0.61627
img/imn/9/imn-0929.png,750,1217,0.61627
img/imn/9/imn-0930.png,750,1212,0.618812
img/imn/9/imn-0931.png,750,1219,0.615258
img/imn/9/imn-0932.png,750,1210,0.619835
img/imn/9/imn-0933.png,750,1222,0.613748
img/imn/9/imn-0934.png,750,1217,0.61627
img/imn/9/imn-0935.png,750,1224,0.612745
img/imn/9/imn-0936.png,750,1216,0.616776
img/imn/9/imn-0937.png,750,1219,0.615258
img/imn/9/imn-0938.png,750,1216,0.616776
img/imn/9/imn-0939.png,750,1220,0.614754
img/imn/9/imn-0940.png,750,1220,0.614754
img/imn/9/imn-0941.png,750,1223,0.613246
img/imn/9/imn-0942.png,750,1219,0.615258
img/imn/9/imn-0943.png,750,1216,0.616776
img/imn/9/imn-0944.png,750,1221,0.614251
img/imn/9/imn-0945.png,750,1211,0.619323
img/imn/9/imn-0946.png,750,1221,0.614251
img/imn/9/imn-0947.png,750,1215,0.617284
img/imn/9/imn-0948.png,750,1219,0.615258
img/imn/9/imn-0949.png,750,1224,0.612745
img/imn/9/imn-0950.png,750,1213,0.618302
img/imn/9/imn-0951.png,750,1209,0.620347
img/imn/9/imn-0952.png,750,1212,0.618812
img/imn/9/imn-0953.png,750,1216,0.616776
img/imn/9/imn-0954.png,750,1215,0.617284
img/imn/9/imn-0955.png,750,1211,0.619323
img/imn/9/imn-0956.png,750,1221,0.614251
img/imn/9/imn-0957.png,750,1218,0.615764
img/imn/9/imn-0958.png,750,1221,0.614251
img/imn/9/imn-0959.png,750,1221,0.614251
img/imn/9/imn-0960.png,750,1226,0.611746
img/imn/9/imn-0961.png,750,1219,0.615258
img/imn/9/imn-0962.png,750,1217,0.61627
img/imn/9/imn-0963.png,750,1221,0.614251
img/imn/9/imn-0964.png,750,1219,0.615258
img/imn/9/imn-0965.png,750,1224,0.612745
img/imn/9/imn-0966.png,750,1223,0.613246
img/imn/9/imn-0967.png,750,1221,0.614251
img/imn/9/imn-0968.png,750,1222,0.613748
img/imn/9/imn-0969.png,750,1214,0.617792
img/imn/9/imn-0970.png,750,1217,0.61627
img/imn/9/imn-0971.png,750,1210,0.619835
img/imn/9/imn-0972.png,750,1216,0.616776
img/imn/9/imn-0973.png,750,1214,0.617792
img/imn/9/imn-0974.png,750,1223,0.613246
img/imn/9/imn-0975.png,750,1208,0.620861
img/imn/9/imn-0976.png,750,1214,0.617792
img/imn/9/imn-0977.png,750,1218,0.615764
img/imn/9/imn-0978.png,750,1219,0.615258
img/imn/9/imn-0979.png,750,1227,0.611247
img/imn/9/imn-0980.png,750,1221,0.614251
img/imn/9/imn-0981.png,750,1215,0.617284
img/imn/9/imn-0982.png,750,1221,0.614251
img/imn/9/imn-0983.png,750,1162,0.645439
img/imn/9/imn-0984.png,750,1217,0.61627
img/imn/9/imn-0985.png,750,1217,0.61627
img/imn/9/imn-0986.png,750,1217,0.61627
img/imn/9/imn-0987.png,750,1221,0.614251
img/imn/9/imn-0988.png,750,1219,0.615258
img/imn/9/imn-0989.png,750,1214,0.617792
img/imn/9/imn-0990.png,750,1221,0.614251
img/imn/9/imn-0991.png,750,1220,0.614754
img/imn/9/imn-0992.png,750,1219,0.615258
img/imn/9/imn-0993.png,750,884,0.848416
img/imn/9/imn-0994.png,750,1222,0.613748
img/imn/9/imn-0995.png,750,1218,0.615764
img/imn/9/imn-0996.png,750,1218,0.615764
img/imn/9/imn-0997.png,750,1216,0.616776
img/imn/9/imn-0998.png,750,1220,0.614754
img/imn/9/imn-0999.png,750,1216,0.616776
