img/mar/0/mar-0001.png,750,1482,0.506073
img/mar/0/mar-0002.png,750,1447,0.518314
img/mar/0/mar-0003.png,750,1113,0.673854
img/mar/0/mar-0004.png,750,1231,0.609261
img/mar/0/mar-0005.png,750,1286,0.583204
img/mar/0/mar-0006.png,750,1304,0.575153
img/mar/0/mar-0007.png,750,1250,0.6
img/mar/0/mar-0008.png,750,1326,0.565611
img/mar/0/mar-0009.png,750,1164,0.64433
img/mar/0/mar-0010.png,750,1328,0.564759
img/mar/0/mar-0011.png,750,1231,0.609261
img/mar/0/mar-0012.png,750,1312,0.571646
img/mar/0/mar-0013.png,750,1214,0.617792
img/mar/0/mar-0014.png,750,1325,0.566038
img/mar/0/mar-0015.png,750,1228,0.610749
img/mar/0/mar-0016.png,750,1366,0.549048
img/mar/0/mar-0017.png,750,1358,0.552283
img/mar/0/mar-0018.png,750,1245,0.60241
img/mar/0/mar-0019.png,750,1282,0.585023
img/mar/0/mar-0020.png,750,1320,0.568182
img/mar/0/mar-0021.png,750,1319,0.568613
img/mar/0/mar-0022.png,750,1302,0.576037
img/mar/0/mar-0023.png,750,1228,0.610749
img/mar/0/mar-0024.png,750,1165,0.643777
img/mar/0/mar-0025.png,750,1121,0.669045
img/mar/0/mar-0026.png,750,1244,0.602894
img/mar/0/mar-0027.png,750,1256,0.597134
img/mar/0/mar-0028.png,750,1228,0.610749
img/mar/0/mar-0029.png,750,1154,0.649913
img/mar/0/mar-0030.png,750,1206,0.621891
img/mar/0/mar-0031.png,750,1252,0.599042
img/mar/0/mar-0032.png,750,1254,0.598086
img/mar/0/mar-0033.png,750,1268,0.591483
img/mar/0/mar-0034.png,750,1224,0.612745
img/mar/0/mar-0035.png,750,1184,0.633446
img/mar/0/mar-0036.png,750,1253,0.598563
img/mar/0/mar-0037.png,750,1197,0.626566
img/mar/0/mar-0038.png,750,1225,0.612245
img/mar/0/mar-0039.png,750,1263,0.593824
img/mar/0/mar-0040.png,750,1253,0.598563
img/mar/0/mar-0041.png,750,1233,0.608273
img/mar/0/mar-0042.png,750,1213,0.618302
img/mar/0/mar-0043.png,750,1234,0.60778
img/mar/0/mar-0044.png,750,1237,0.606306
img/mar/0/mar-0045.png,750,1270,0.590551
img/mar/0/mar-0046.png,750,1253,0.598563
img/mar/0/mar-0047.png,750,1219,0.615258
img/mar/0/mar-0048.png,750,1236,0.606796
img/mar/0/mar-0049.png,750,1287,0.582751
img/mar/0/mar-0050.png,750,1229,0.610252
img/mar/0/mar-0051.png,750,1241,0.604351
img/mar/0/mar-0052.png,750,1244,0.602894
img/mar/0/mar-0053.png,750,1254,0.598086
img/mar/0/mar-0054.png,750,1226,0.611746
img/mar/0/mar-0055.png,750,1240,0.604839
img/mar/0/mar-0056.png,750,1249,0.60048
img/mar/0/mar-0057.png,750,1120,0.669643
img/mar/0/mar-0058.png,750,1249,0.60048
img/mar/0/mar-0059.png,750,1243,0.603379
img/mar/0/mar-0060.png,750,1145,0.655022
img/mar/0/mar-0061.png,750,1200,0.625
img/mar/0/mar-0062.png,750,1226,0.611746
img/mar/0/mar-0063.png,750,1231,0.609261
img/mar/0/mar-0064.png,750,1262,0.594295
img/mar/0/mar-0065.png,750,1234,0.60778
img/mar/0/mar-0066.png,750,1205,0.622407
img/mar/0/mar-0067.png,750,1174,0.638842
img/mar/0/mar-0068.png,750,1258,0.596184
img/mar/0/mar-0069.png,750,1248,0.600962
img/mar/0/mar-0070.png,750,1052,0.712928
img/mar/0/mar-0071.png,750,1233,0.608273
img/mar/0/mar-0072.png,750,1223,0.613246
img/mar/0/mar-0073.png,750,1246,0.601926
img/mar/0/mar-0074.png,750,1230,0.609756
img/mar/0/mar-0075.png,750,1239,0.605327
img/mar/0/mar-0076.png,750,1386,0.541126
img/mar/0/mar-0077.png,750,1238,0.605816
img/mar/0/mar-0078.png,750,1220,0.614754
img/mar/0/mar-0079.png,750,1242,0.603865
img/mar/0/mar-0080.png,750,1210,0.619835
img/mar/0/mar-0081.png,750,1284,0.584112
img/mar/0/mar-0082.png,750,1241,0.604351
img/mar/0/mar-0083.png,750,1250,0.6
img/mar/0/mar-0084.png,750,1248,0.600962
img/mar/0/mar-0085.png,750,1257,0.596659
img/mar/0/mar-0086.png,750,1247,0.601443
img/mar/0/mar-0087.png,750,1249,0.60048
img/mar/0/mar-0088.png,750,1261,0.594766
img/mar/0/mar-0089.png,750,1240,0.604839
img/mar/0/mar-0090.png,750,1220,0.614754
img/mar/0/mar-0091.png,750,1238,0.605816
img/mar/0/mar-0092.png,750,1256,0.597134
img/mar/0/mar-0093.png,750,1197,0.626566
img/mar/0/mar-0094.png,750,1238,0.605816
img/mar/0/mar-0095.png,750,1251,0.59952
img/mar/0/mar-0096.png,750,1196,0.62709
img/mar/0/mar-0097.png,750,1244,0.602894
img/mar/0/mar-0098.png,750,1076,0.697026
img/mar/0/mar-0099.png,750,1231,0.609261
img/mar/1/mar-0100.png,750,1192,0.629195
img/mar/1/mar-0101.png,750,1239,0.605327
img/mar/1/mar-0102.png,750,1170,0.641026
img/mar/1/mar-0103.png,750,1241,0.604351
img/mar/1/mar-0104.png,750,1299,0.577367
img/mar/1/mar-0105.png,750,1244,0.602894
img/mar/1/mar-0106.png,750,1111,0.675068
img/mar/1/mar-0107.png,750,1185,0.632911
img/mar/1/mar-0108.png,750,1221,0.614251
img/mar/1/mar-0109.png,750,1233,0.608273
img/mar/1/mar-0110.png,750,1226,0.611746
img/mar/1/mar-0111.png,750,1177,0.637213
img/mar/1/mar-0112.png,750,1238,0.605816
img/mar/1/mar-0113.png,750,1289,0.581846
img/mar/1/mar-0114.png,750,1298,0.577812
img/mar/1/mar-0115.png,750,1243,0.603379
img/mar/1/mar-0116.png,750,1197,0.626566
img/mar/1/mar-0117.png,750,1247,0.601443
img/mar/1/mar-0118.png,750,1233,0.608273
img/mar/1/mar-0119.png,750,1219,0.615258
img/mar/1/mar-0120.png,750,1285,0.583658
img/mar/1/mar-0121.png,750,1187,0.631845
img/mar/1/mar-0122.png,750,1258,0.596184
img/mar/1/mar-0123.png,750,1218,0.615764
img/mar/1/mar-0124.png,750,1223,0.613246
img/mar/1/mar-0125.png,750,1213,0.618302
img/mar/1/mar-0126.png,750,1245,0.60241
img/mar/1/mar-0127.png,750,1271,0.590087
img/mar/1/mar-0128.png,750,1240,0.604839
img/mar/1/mar-0129.png,750,1272,0.589623
img/mar/1/mar-0130.png,750,1191,0.629723
img/mar/1/mar-0131.png,750,1239,0.605327
img/mar/1/mar-0132.png,750,1250,0.6
img/mar/1/mar-0133.png,750,1271,0.590087
img/mar/1/mar-0134.png,750,1196,0.62709
img/mar/1/mar-0135.png,750,1180,0.635593
img/mar/1/mar-0136.png,750,1249,0.60048
img/mar/1/mar-0137.png,750,1230,0.609756
img/mar/1/mar-0138.png,750,1240,0.604839
img/mar/1/mar-0139.png,750,1220,0.614754
img/mar/1/mar-0140.png,750,1250,0.6
img/mar/1/mar-0141.png,750,1229,0.610252
img/mar/1/mar-0142.png,750,1227,0.611247
img/mar/1/mar-0143.png,750,1205,0.622407
img/mar/1/mar-0144.png,750,1248,0.600962
img/mar/1/mar-0145.png,750,1263,0.593824
img/mar/1/mar-0146.png,750,1235,0.607287
img/mar/1/mar-0147.png,750,1233,0.608273
img/mar/1/mar-0148.png,750,1224,0.612745
img/mar/1/mar-0149.png,750,1221,0.614251
img/mar/1/mar-0150.png,750,1253,0.598563
img/mar/1/mar-0151.png,750,1214,0.617792
img/mar/1/mar-0152.png,750,1252,0.599042
img/mar/1/mar-0153.png,750,1231,0.609261
img/mar/1/mar-0154.png,750,1262,0.594295
img/mar/1/mar-0155.png,750,1266,0.592417
img/mar/1/mar-0156.png,750,1253,0.598563
img/mar/1/mar-0157.png,750,1202,0.62396
img/mar/1/mar-0158.png,750,1218,0.615764
img/mar/1/mar-0159.png,750,1236,0.606796
img/mar/1/mar-0160.png,750,1227,0.611247
img/mar/1/mar-0161.png,750,1287,0.582751
img/mar/1/mar-0162.png,750,1244,0.602894
img/mar/1/mar-0163.png,750,1216,0.616776
img/mar/1/mar-0164.png,750,1243,0.603379
img/mar/1/mar-0165.png,750,1250,0.6
img/mar/1/mar-0166.png,750,1255,0.59761
img/mar/1/mar-0167.png,750,1240,0.604839
img/mar/1/mar-0168.png,750,1258,0.596184
img/mar/1/mar-0169.png,750,1199,0.625521
img/mar/1/mar-0170.png,750,1238,0.605816
img/mar/1/mar-0171.png,750,1223,0.613246
img/mar/1/mar-0172.png,750,1241,0.604351
img/mar/1/mar-0173.png,750,1266,0.592417
img/mar/1/mar-0174.png,750,1249,0.60048
img/mar/1/mar-0175.png,750,1261,0.594766
img/mar/1/mar-0176.png,750,1279,0.586396
img/mar/1/mar-0177.png,750,1283,0.584567
img/mar/1/mar-0178.png,750,1247,0.601443
img/mar/1/mar-0179.png,750,1233,0.608273
img/mar/1/mar-0180.png,750,1236,0.606796
img/mar/1/mar-0181.png,750,1236,0.606796
img/mar/1/mar-0182.png,750,1236,0.606796
img/mar/1/mar-0183.png,750,1248,0.600962
img/mar/1/mar-0184.png,750,1224,0.612745
img/mar/1/mar-0185.png,750,1217,0.61627
img/mar/1/mar-0186.png,750,1229,0.610252
img/mar/1/mar-0187.png,750,1253,0.598563
img/mar/1/mar-0188.png,750,1243,0.603379
img/mar/1/mar-0189.png,750,1245,0.60241
img/mar/1/mar-0190.png,750,1252,0.599042
img/mar/1/mar-0191.png,750,1223,0.613246
img/mar/1/mar-0192.png,750,1240,0.604839
img/mar/1/mar-0193.png,750,1289,0.581846
img/mar/1/mar-0194.png,750,1242,0.603865
img/mar/1/mar-0195.png,750,1154,0.649913
img/mar/1/mar-0196.png,750,1224,0.612745
img/mar/1/mar-0197.png,750,1141,0.657318
img/mar/1/mar-0198.png,750,1141,0.657318
img/mar/1/mar-0199.png,750,1251,0.59952
img/mar/2/mar-0200.png,750,1275,0.588235
img/mar/2/mar-0201.png,750,1247,0.601443
img/mar/2/mar-0202.png,750,1245,0.60241
img/mar/2/mar-0203.png,750,1229,0.610252
img/mar/2/mar-0204.png,750,1226,0.611746
img/mar/2/mar-0205.png,750,1240,0.604839
img/mar/2/mar-0206.png,750,1262,0.594295
img/mar/2/mar-0207.png,750,1224,0.612745
img/mar/2/mar-0208.png,750,1227,0.611247
img/mar/2/mar-0209.png,750,1284,0.584112
img/mar/2/mar-0210.png,750,1229,0.610252
img/mar/2/mar-0211.png,750,1235,0.607287
img/mar/2/mar-0212.png,750,1223,0.613246
img/mar/2/mar-0213.png,750,1230,0.609756
img/mar/2/mar-0214.png,750,1249,0.60048
img/mar/2/mar-0215.png,750,1211,0.619323
img/mar/2/mar-0216.png,750,1200,0.625
img/mar/2/mar-0217.png,750,1169,0.641574
img/mar/2/mar-0218.png,750,1157,0.648228
img/mar/2/mar-0219.png,750,1232,0.608766
img/mar/2/mar-0220.png,750,1246,0.601926
img/mar/2/mar-0221.png,750,1267,0.591949
img/mar/2/mar-0222.png,750,1228,0.610749
img/mar/2/mar-0223.png,750,1129,0.664305
img/mar/2/mar-0224.png,750,1218,0.615764
img/mar/2/mar-0225.png,750,1182,0.634518
img/mar/2/mar-0226.png,750,1239,0.605327
img/mar/2/mar-0227.png,750,1096,0.684307
img/mar/2/mar-0228.png,750,1252,0.599042
img/mar/2/mar-0229.png,750,1243,0.603379
img/mar/2/mar-0230.png,750,1243,0.603379
img/mar/2/mar-0231.png,750,1237,0.606306
img/mar/2/mar-0232.png,750,1248,0.600962
img/mar/2/mar-0233.png,750,1257,0.596659
img/mar/2/mar-0234.png,750,1217,0.61627
img/mar/2/mar-0235.png,750,1247,0.601443
img/mar/2/mar-0236.png,750,1248,0.600962
img/mar/2/mar-0237.png,750,1113,0.673854
img/mar/2/mar-0238.png,750,1241,0.604351
img/mar/2/mar-0239.png,750,1264,0.593354
img/mar/2/mar-0240.png,750,1178,0.636672
img/mar/2/mar-0241.png,750,1285,0.583658
img/mar/2/mar-0242.png,750,1269,0.591017
img/mar/2/mar-0243.png,750,1284,0.584112
img/mar/2/mar-0244.png,750,1272,0.589623
img/mar/2/mar-0245.png,750,1259,0.595711
img/mar/2/mar-0246.png,750,1256,0.597134
img/mar/2/mar-0247.png,750,1161,0.645995
img/mar/2/mar-0248.png,750,1255,0.59761
img/mar/2/mar-0249.png,750,1185,0.632911
img/mar/2/mar-0250.png,750,1302,0.576037
img/mar/2/mar-0251.png,750,1097,0.683683
img/mar/2/mar-0252.png,750,1211,0.619323
img/mar/2/mar-0253.png,750,1252,0.599042
img/mar/2/mar-0254.png,750,1230,0.609756
img/mar/2/mar-0255.png,750,1144,0.655594
img/mar/2/mar-0256.png,750,1304,0.575153
img/mar/2/mar-0257.png,750,1096,0.684307
img/mar/2/mar-0258.png,750,1257,0.596659
img/mar/2/mar-0259.png,750,1248,0.600962
img/mar/2/mar-0260.png,750,1259,0.595711
img/mar/2/mar-0261.png,750,1105,0.678733
img/mar/2/mar-0262.png,750,1146,0.65445
img/mar/2/mar-0263.png,750,1269,0.591017
img/mar/2/mar-0264.png,750,1243,0.603379
img/mar/2/mar-0265.png,750,1263,0.593824
img/mar/2/mar-0266.png,750,1264,0.593354
img/mar/2/mar-0267.png,750,1247,0.601443
img/mar/2/mar-0268.png,750,1250,0.6
img/mar/2/mar-0269.png,750,1281,0.58548
img/mar/2/mar-0270.png,750,1342,0.558867
img/mar/2/mar-0271.png,750,1282,0.585023
img/mar/2/mar-0272.png,750,1192,0.629195
img/mar/2/mar-0273.png,750,1300,0.576923
img/mar/2/mar-0274.png,750,1239,0.605327
img/mar/2/mar-0275.png,750,1207,0.621375
img/mar/2/mar-0276.png,750,1244,0.602894
img/mar/2/mar-0277.png,750,1259,0.595711
img/mar/2/mar-0278.png,750,1249,0.60048
img/mar/2/mar-0279.png,750,1261,0.594766
img/mar/2/mar-0280.png,750,1255,0.59761
img/mar/2/mar-0281.png,750,1257,0.596659
img/mar/2/mar-0282.png,750,1246,0.601926
img/mar/2/mar-0283.png,750,1247,0.601443
img/mar/2/mar-0284.png,750,1257,0.596659
img/mar/2/mar-0285.png,750,1285,0.583658
img/mar/2/mar-0286.png,750,1264,0.593354
img/mar/2/mar-0287.png,750,1258,0.596184
img/mar/2/mar-0288.png,750,1251,0.59952
img/mar/2/mar-0289.png,750,1294,0.579598
img/mar/2/mar-0290.png,750,1265,0.592885
img/mar/2/mar-0291.png,750,1258,0.596184
img/mar/2/mar-0292.png,750,1252,0.599042
img/mar/2/mar-0293.png,750,1265,0.592885
img/mar/2/mar-0294.png,750,1277,0.587314
img/mar/2/mar-0295.png,750,1269,0.591017
img/mar/2/mar-0296.png,750,1246,0.601926
img/mar/2/mar-0297.png,750,1248,0.600962
img/mar/2/mar-0298.png,750,1265,0.592885
img/mar/2/mar-0299.png,750,1272,0.589623
img/mar/3/mar-0300.png,750,1257,0.596659
img/mar/3/mar-0301.png,750,1266,0.592417
img/mar/3/mar-0302.png,750,1259,0.595711
img/mar/3/mar-0303.png,750,1271,0.590087
img/mar/3/mar-0304.png,750,1264,0.593354
img/mar/3/mar-0305.png,750,1306,0.574273
img/mar/3/mar-0306.png,750,1291,0.580945
img/mar/3/mar-0307.png,750,1255,0.59761
img/mar/3/mar-0308.png,750,1246,0.601926
img/mar/3/mar-0309.png,750,1271,0.590087
img/mar/3/mar-0310.png,750,1282,0.585023
img/mar/3/mar-0311.png,750,1278,0.586854
img/mar/3/mar-0312.png,750,1227,0.611247
img/mar/3/mar-0313.png,750,1260,0.595238
img/mar/3/mar-0314.png,750,1249,0.60048
img/mar/3/mar-0315.png,750,1202,0.62396
img/mar/3/mar-0316.png,750,1261,0.594766
img/mar/3/mar-0317.png,750,1275,0.588235
img/mar/3/mar-0318.png,750,1269,0.591017
img/mar/3/mar-0319.png,750,1299,0.577367
img/mar/3/mar-0320.png,750,1296,0.578704
img/mar/3/mar-0321.png,750,1334,0.562219
img/mar/3/mar-0322.png,750,1317,0.569476
img/mar/3/mar-0323.png,750,1363,0.550257
img/mar/3/mar-0324.png,750,1262,0.594295
img/mar/3/mar-0325.png,750,1354,0.553914
img/mar/3/mar-0326.png,750,1249,0.60048
img/mar/3/mar-0327.png,750,1353,0.554324
img/mar/3/mar-0328.png,750,1233,0.608273
img/mar/3/mar-0329.png,750,1343,0.558451
img/mar/3/mar-0330.png,750,1319,0.568613
img/mar/3/mar-0331.png,750,1261,0.594766
img/mar/3/mar-0332.png,750,1211,0.619323
img/mar/3/mar-0333.png,750,1309,0.572956
img/mar/3/mar-0334.png,750,1309,0.572956
img/mar/3/mar-0335.png,750,1346,0.557207
img/mar/3/mar-0336.png,750,1268,0.591483
img/mar/3/mar-0337.png,750,1385,0.541516
img/mar/3/mar-0338.png,750,1163,0.644884
img/mar/3/mar-0339.png,750,1300,0.576923
img/mar/3/mar-0340.png,750,1253,0.598563
img/mar/3/mar-0341.png,750,1379,0.543872
img/mar/3/mar-0342.png,750,1132,0.662544
img/mar/3/mar-0343.png,750,1265,0.592885
img/mar/3/mar-0344.png,750,1326,0.565611
img/mar/3/mar-0345.png,750,1370,0.547445
img/mar/3/mar-0346.png,750,1245,0.60241
img/mar/3/mar-0347.png,750,1273,0.589159
img/mar/3/mar-0348.png,750,1248,0.600962
img/mar/3/mar-0349.png,750,1292,0.580495
img/mar/3/mar-0350.png,750,1260,0.595238
img/mar/3/mar-0351.png,750,1374,0.545852
img/mar/3/mar-0352.png,750,1196,0.62709
img/mar/3/mar-0353.png,750,1264,0.593354
img/mar/3/mar-0354.png,750,1190,0.630252
img/mar/3/mar-0355.png,750,1379,0.543872
img/mar/3/mar-0356.png,750,1337,0.560957
img/mar/3/mar-0357.png,750,1313,0.571211
img/mar/3/mar-0358.png,750,1299,0.577367
img/mar/3/mar-0359.png,750,1381,0.543085
img/mar/3/mar-0360.png,750,1272,0.589623
img/mar/3/mar-0361.png,750,1305,0.574713
img/mar/3/mar-0362.png,750,1256,0.597134
img/mar/3/mar-0363.png,750,1278,0.586854
img/mar/3/mar-0364.png,750,1229,0.610252
img/mar/3/mar-0365.png,750,1360,0.551471
img/mar/3/mar-0366.png,750,1286,0.583204
img/mar/3/mar-0367.png,750,1381,0.543085
img/mar/3/mar-0368.png,750,1211,0.619323
img/mar/3/mar-0369.png,750,1352,0.554734
img/mar/3/mar-0370.png,750,1178,0.636672
img/mar/3/mar-0371.png,750,1289,0.581846
img/mar/3/mar-0372.png,750,1277,0.587314
img/mar/3/mar-0373.png,750,1334,0.562219
img/mar/3/mar-0374.png,750,1140,0.657895
img/mar/3/mar-0375.png,750,1279,0.586396
img/mar/3/mar-0376.png,750,1330,0.56391
img/mar/3/mar-0377.png,750,1265,0.592885
img/mar/3/mar-0378.png,750,1172,0.639932
img/mar/3/mar-0379.png,750,1287,0.582751
img/mar/3/mar-0380.png,750,1250,0.6
img/mar/3/mar-0381.png,750,1269,0.591017
img/mar/3/mar-0382.png,750,1257,0.596659
img/mar/3/mar-0383.png,750,1297,0.578258
img/mar/3/mar-0384.png,750,1336,0.561377
img/mar/3/mar-0385.png,750,1331,0.563486
img/mar/3/mar-0386.png,750,1333,0.562641
img/mar/3/mar-0387.png,750,1275,0.588235
img/mar/3/mar-0388.png,750,1275,0.588235
img/mar/3/mar-0389.png,750,1296,0.578704
img/mar/3/mar-0390.png,750,1344,0.558036
img/mar/3/mar-0391.png,750,1261,0.594766
img/mar/3/mar-0392.png,750,1300,0.576923
img/mar/3/mar-0393.png,750,1275,0.588235
img/mar/3/mar-0394.png,750,1124,0.66726
img/mar/3/mar-0395.png,750,1296,0.578704
img/mar/3/mar-0396.png,750,1334,0.562219
img/mar/3/mar-0397.png,750,1249,0.60048
img/mar/3/mar-0398.png,750,1306,0.574273
img/mar/3/mar-0399.png,750,1250,0.6
img/mar/4/mar-0400.png,750,1278,0.586854
img/mar/4/mar-0401.png,750,1317,0.569476
img/mar/4/mar-0402.png,750,1304,0.575153
img/mar/4/mar-0403.png,750,1340,0.559701
img/mar/4/mar-0404.png,750,1357,0.55269
img/mar/4/mar-0405.png,750,1340,0.559701
img/mar/4/mar-0406.png,750,1215,0.617284
img/mar/4/mar-0407.png,750,1369,0.547845
img/mar/4/mar-0408.png,750,1354,0.553914
img/mar/4/mar-0409.png,750,1209,0.620347
img/mar/4/mar-0410.png,750,1349,0.555967
img/mar/4/mar-0411.png,750,1256,0.597134
img/mar/4/mar-0412.png,750,1302,0.576037
img/mar/4/mar-0413.png,750,1344,0.558036
img/mar/4/mar-0414.png,750,1156,0.648789
img/mar/4/mar-0415.png,750,1276,0.587774
img/mar/4/mar-0416.png,750,1249,0.60048
img/mar/4/mar-0417.png,750,1256,0.597134
img/mar/4/mar-0418.png,750,1232,0.608766
img/mar/4/mar-0419.png,750,1290,0.581395
img/mar/4/mar-0420.png,750,1328,0.564759
img/mar/4/mar-0421.png,750,1259,0.595711
img/mar/4/mar-0422.png,750,1322,0.567322
img/mar/4/mar-0423.png,750,1275,0.588235
img/mar/4/mar-0424.png,750,1237,0.606306
img/mar/4/mar-0425.png,750,1420,0.528169
img/mar/4/mar-0426.png,750,1251,0.59952
img/mar/4/mar-0427.png,750,1255,0.59761
img/mar/4/mar-0428.png,750,1301,0.57648
img/mar/4/mar-0429.png,750,1274,0.588697
img/mar/4/mar-0430.png,750,1203,0.623441
img/mar/4/mar-0431.png,750,1262,0.594295
img/mar/4/mar-0432.png,750,1167,0.642674
img/mar/4/mar-0433.png,750,1246,0.601926
img/mar/4/mar-0434.png,750,1230,0.609756
img/mar/4/mar-0435.png,750,1302,0.576037
img/mar/4/mar-0436.png,750,1314,0.570776
img/mar/4/mar-0437.png,750,1275,0.588235
img/mar/4/mar-0438.png,750,1321,0.567752
img/mar/4/mar-0439.png,750,1275,0.588235
img/mar/4/mar-0440.png,750,1139,0.658472
img/mar/4/mar-0441.png,750,1259,0.595711
img/mar/4/mar-0442.png,750,1244,0.602894
img/mar/4/mar-0443.png,750,1250,0.6
img/mar/4/mar-0444.png,750,1203,0.623441
img/mar/4/mar-0445.png,750,1251,0.59952
img/mar/4/mar-0446.png,750,1307,0.573833
img/mar/4/mar-0447.png,750,1291,0.580945
img/mar/4/mar-0448.png,750,1246,0.601926
img/mar/4/mar-0449.png,750,1254,0.598086
img/mar/4/mar-0450.png,750,1246,0.601926
img/mar/4/mar-0451.png,750,1299,0.577367
img/mar/4/mar-0452.png,750,1325,0.566038
img/mar/4/mar-0453.png,750,1242,0.603865
img/mar/4/mar-0454.png,750,1225,0.612245
img/mar/4/mar-0455.png,750,1260,0.595238
img/mar/4/mar-0456.png,750,1311,0.572082
img/mar/4/mar-0457.png,750,1301,0.57648
img/mar/4/mar-0458.png,750,1221,0.614251
img/mar/4/mar-0459.png,750,1278,0.586854
img/mar/4/mar-0460.png,750,1288,0.582298
img/mar/4/mar-0461.png,750,1269,0.591017
img/mar/4/mar-0462.png,750,1478,0.507442
img/mar/4/mar-0463.png,750,1285,0.583658
img/mar/4/mar-0464.png,750,1317,0.569476
img/mar/4/mar-0465.png,750,1307,0.573833
img/mar/4/mar-0466.png,750,1288,0.582298
img/mar/4/mar-0467.png,750,1316,0.569909
img/mar/4/mar-0468.png,750,1270,0.590551
img/mar/4/mar-0469.png,750,1278,0.586854
img/mar/4/mar-0470.png,750,1301,0.57648
img/mar/4/mar-0471.png,750,1278,0.586854
img/mar/4/mar-0472.png,750,1217,0.61627
img/mar/4/mar-0473.png,750,1275,0.588235
img/mar/4/mar-0474.png,750,1253,0.598563
img/mar/4/mar-0475.png,750,1273,0.589159
img/mar/4/mar-0476.png,750,1270,0.590551
img/mar/4/mar-0477.png,750,1289,0.581846
img/mar/4/mar-0478.png,750,1258,0.596184
img/mar/4/mar-0479.png,750,1299,0.577367
img/mar/4/mar-0480.png,750,1216,0.616776
img/mar/4/mar-0481.png,750,1277,0.587314
img/mar/4/mar-0482.png,750,1214,0.617792
img/mar/4/mar-0483.png,750,1311,0.572082
img/mar/4/mar-0484.png,750,1204,0.622924
img/mar/4/mar-0485.png,750,1289,0.581846
img/mar/4/mar-0486.png,750,1274,0.588697
img/mar/4/mar-0487.png,750,1295,0.579151
img/mar/4/mar-0488.png,750,1331,0.563486
img/mar/4/mar-0489.png,750,1296,0.578704
img/mar/4/mar-0490.png,750,1241,0.604351
img/mar/4/mar-0491.png,750,1274,0.588697
img/mar/4/mar-0492.png,750,1360,0.551471
img/mar/4/mar-0493.png,750,1268,0.591483
img/mar/4/mar-0494.png,750,1268,0.591483
img/mar/4/mar-0495.png,750,1283,0.584567
img/mar/4/mar-0496.png,750,1324,0.566465
img/mar/4/mar-0497.png,750,1289,0.581846
img/mar/4/mar-0498.png,750,1329,0.564334
img/mar/4/mar-0499.png,750,1328,0.564759
img/mar/5/mar-0500.png,750,1270,0.590551
img/mar/5/mar-0501.png,750,1317,0.569476
img/mar/5/mar-0502.png,750,1225,0.612245
img/mar/5/mar-0503.png,750,1271,0.590087
img/mar/5/mar-0504.png,750,1251,0.59952
img/mar/5/mar-0505.png,750,1303,0.575595
img/mar/5/mar-0506.png,750,1412,0.531161
img/mar/5/mar-0507.png,750,1236,0.606796
img/mar/5/mar-0508.png,750,1359,0.551876
img/mar/5/mar-0509.png,750,1245,0.60241
img/mar/5/mar-0510.png,750,1301,0.57648
img/mar/5/mar-0511.png,750,1224,0.612745
img/mar/5/mar-0512.png,750,1279,0.586396
img/mar/5/mar-0513.png,750,1287,0.582751
img/mar/5/mar-0514.png,750,1204,0.622924
img/mar/5/mar-0515.png,750,1309,0.572956
img/mar/5/mar-0516.png,750,1169,0.641574
img/mar/5/mar-0517.png,750,1264,0.593354
img/mar/5/mar-0518.png,750,1227,0.611247
img/mar/5/mar-0519.png,750,1237,0.606306
img/mar/5/mar-0520.png,750,1245,0.60241
img/mar/5/mar-0521.png,750,1251,0.59952
img/mar/5/mar-0522.png,750,1247,0.601443
img/mar/5/mar-0523.png,750,1273,0.589159
img/mar/5/mar-0524.png,750,1124,0.66726
img/mar/5/mar-0525.png,750,1267,0.591949
img/mar/5/mar-0526.png,750,1288,0.582298
img/mar/5/mar-0527.png,750,1269,0.591017
img/mar/5/mar-0528.png,750,1365,0.549451
img/mar/5/mar-0529.png,750,1272,0.589623
img/mar/5/mar-0530.png,750,1191,0.629723
img/mar/5/mar-0531.png,750,1297,0.578258
img/mar/5/mar-0532.png,750,1244,0.602894
img/mar/5/mar-0533.png,750,1269,0.591017
img/mar/5/mar-0534.png,750,1291,0.580945
img/mar/5/mar-0535.png,750,1255,0.59761
img/mar/5/mar-0536.png,750,1150,0.652174
img/mar/5/mar-0537.png,750,1277,0.587314
img/mar/5/mar-0538.png,750,1248,0.600962
img/mar/5/mar-0539.png,750,1261,0.594766
img/mar/5/mar-0540.png,750,1243,0.603379
img/mar/5/mar-0541.png,750,1254,0.598086
img/mar/5/mar-0542.png,750,1291,0.580945
img/mar/5/mar-0543.png,750,1273,0.589159
img/mar/5/mar-0544.png,750,1231,0.609261
img/mar/5/mar-0545.png,750,1279,0.586396
img/mar/5/mar-0546.png,750,1230,0.609756
img/mar/5/mar-0547.png,750,1309,0.572956
img/mar/5/mar-0548.png,750,1265,0.592885
img/mar/5/mar-0549.png,750,1265,0.592885
img/mar/5/mar-0550.png,750,1343,0.558451
img/mar/5/mar-0551.png,750,1269,0.591017
img/mar/5/mar-0552.png,750,1218,0.615764
img/mar/5/mar-0553.png,750,1272,0.589623
img/mar/5/mar-0554.png,750,1353,0.554324
img/mar/5/mar-0555.png,750,1284,0.584112
img/mar/5/mar-0556.png,750,1284,0.584112
img/mar/5/mar-0557.png,750,1277,0.587314
img/mar/5/mar-0558.png,750,1270,0.590551
img/mar/5/mar-0559.png,750,1261,0.594766
img/mar/5/mar-0560.png,750,1266,0.592417
img/mar/5/mar-0561.png,750,1288,0.582298
img/mar/5/mar-0562.png,750,1270,0.590551
img/mar/5/mar-0563.png,750,1291,0.580945
img/mar/5/mar-0564.png,750,1274,0.588697
img/mar/5/mar-0565.png,750,1250,0.6
img/mar/5/mar-0566.png,750,1331,0.563486
img/mar/5/mar-0567.png,750,1277,0.587314
img/mar/5/mar-0568.png,750,1320,0.568182
img/mar/5/mar-0569.png,750,1244,0.602894
img/mar/5/mar-0570.png,750,1343,0.558451
img/mar/5/mar-0571.png,750,1266,0.592417
img/mar/5/mar-0572.png,750,1222,0.613748
img/mar/5/mar-0573.png,750,1230,0.609756
img/mar/5/mar-0574.png,750,1249,0.60048
img/mar/5/mar-0575.png,750,1237,0.606306
img/mar/5/mar-0576.png,750,1259,0.595711
img/mar/5/mar-0577.png,750,1272,0.589623
img/mar/5/mar-0578.png,750,1246,0.601926
img/mar/5/mar-0579.png,750,1306,0.574273
img/mar/5/mar-0580.png,750,1272,0.589623
img/mar/5/mar-0581.png,750,1278,0.586854
img/mar/5/mar-0582.png,750,1272,0.589623
img/mar/5/mar-0583.png,750,1271,0.590087
img/mar/5/mar-0584.png,750,1254,0.598086
img/mar/5/mar-0585.png,750,1259,0.595711
img/mar/5/mar-0586.png,750,1246,0.601926
img/mar/5/mar-0587.png,750,1270,0.590551
img/mar/5/mar-0588.png,750,1298,0.577812
img/mar/5/mar-0589.png,750,1233,0.608273
img/mar/5/mar-0590.png,750,1221,0.614251
img/mar/5/mar-0591.png,750,1187,0.631845
img/mar/5/mar-0592.png,750,1294,0.579598
img/mar/5/mar-0593.png,750,1289,0.581846
img/mar/5/mar-0594.png,750,1285,0.583658
img/mar/5/mar-0595.png,750,1139,0.658472
img/mar/5/mar-0596.png,750,1218,0.615764
img/mar/5/mar-0597.png,750,1261,0.594766
img/mar/5/mar-0598.png,750,1226,0.611746
img/mar/5/mar-0599.png,750,1255,0.59761
img/mar/6/mar-0600.png,750,1269,0.591017
img/mar/6/mar-0601.png,750,1260,0.595238
img/mar/6/mar-0602.png,750,1215,0.617284
img/mar/6/mar-0603.png,750,1276,0.587774
img/mar/6/mar-0604.png,750,1147,0.65388
img/mar/6/mar-0605.png,750,1248,0.600962
img/mar/6/mar-0606.png,750,1219,0.615258
img/mar/6/mar-0607.png,750,1236,0.606796
img/mar/6/mar-0608.png,750,1254,0.598086
img/mar/6/mar-0609.png,750,1275,0.588235
img/mar/6/mar-0610.png,750,1303,0.575595
img/mar/6/mar-0611.png,750,1290,0.581395
img/mar/6/mar-0612.png,750,1263,0.593824
img/mar/6/mar-0613.png,750,1254,0.598086
img/mar/6/mar-0614.png,750,1315,0.570342
img/mar/6/mar-0615.png,750,1251,0.59952
img/mar/6/mar-0616.png,750,1249,0.60048
img/mar/6/mar-0617.png,750,1271,0.590087
img/mar/6/mar-0618.png,750,1311,0.572082
img/mar/6/mar-0619.png,750,1255,0.59761
img/mar/6/mar-0620.png,750,1400,0.535714
img/mar/6/mar-0621.png,750,1261,0.594766
img/mar/6/mar-0622.png,750,1375,0.545455
img/mar/6/mar-0623.png,750,1220,0.614754
img/mar/6/mar-0624.png,750,1127,0.665484
img/mar/6/mar-0625.png,750,1248,0.600962
img/mar/6/mar-0626.png,750,1229,0.610252
img/mar/6/mar-0627.png,750,1287,0.582751
img/mar/6/mar-0628.png,750,1243,0.603379
img/mar/6/mar-0629.png,750,1266,0.592417
img/mar/6/mar-0630.png,750,1178,0.636672
img/mar/6/mar-0631.png,750,1246,0.601926
img/mar/6/mar-0632.png,750,1169,0.641574
img/mar/6/mar-0633.png,750,1260,0.595238
img/mar/6/mar-0634.png,750,1170,0.641026
img/mar/6/mar-0635.png,750,1251,0.59952
img/mar/6/mar-0636.png,750,1176,0.637755
img/mar/6/mar-0637.png,750,1256,0.597134
img/mar/6/mar-0638.png,750,1300,0.576923
img/mar/6/mar-0639.png,750,1240,0.604839
img/mar/6/mar-0640.png,750,1243,0.603379
img/mar/6/mar-0641.png,750,1257,0.596659
img/mar/6/mar-0642.png,750,1249,0.60048
img/mar/6/mar-0643.png,750,1295,0.579151
img/mar/6/mar-0644.png,750,1196,0.62709
img/mar/6/mar-0645.png,750,1261,0.594766
img/mar/6/mar-0646.png,750,1231,0.609261
img/mar/6/mar-0647.png,750,1272,0.589623
img/mar/6/mar-0648.png,750,1248,0.600962
img/mar/6/mar-0649.png,750,1283,0.584567
img/mar/6/mar-0650.png,750,1250,0.6
img/mar/6/mar-0651.png,750,1261,0.594766
img/mar/6/mar-0652.png,750,1202,0.62396
img/mar/6/mar-0653.png,750,1251,0.59952
img/mar/6/mar-0654.png,750,1254,0.598086
img/mar/6/mar-0655.png,750,1237,0.606306
img/mar/6/mar-0656.png,750,1255,0.59761
img/mar/6/mar-0657.png,750,1281,0.58548
img/mar/6/mar-0658.png,750,1260,0.595238
img/mar/6/mar-0659.png,750,1266,0.592417
img/mar/6/mar-0660.png,750,1333,0.562641
img/mar/6/mar-0661.png,750,1232,0.608766
img/mar/6/mar-0662.png,750,1220,0.614754
img/mar/6/mar-0663.png,750,1255,0.59761
img/mar/6/mar-0664.png,750,1255,0.59761
img/mar/6/mar-0665.png,750,1253,0.598563
img/mar/6/mar-0666.png,750,1178,0.636672
img/mar/6/mar-0667.png,750,1228,0.610749
img/mar/6/mar-0668.png,750,1257,0.596659
img/mar/6/mar-0669.png,750,1252,0.599042
img/mar/6/mar-0670.png,750,1203,0.623441
img/mar/6/mar-0671.png,750,1228,0.610749
img/mar/6/mar-0672.png,750,1162,0.645439
img/mar/6/mar-0673.png,750,1275,0.588235
img/mar/6/mar-0674.png,750,1202,0.62396
img/mar/6/mar-0675.png,750,1295,0.579151
img/mar/6/mar-0676.png,750,1232,0.608766
img/mar/6/mar-0677.png,750,1245,0.60241
img/mar/6/mar-0678.png,750,1247,0.601443
img/mar/6/mar-0679.png,750,1250,0.6
img/mar/6/mar-0680.png,750,1190,0.630252
img/mar/6/mar-0681.png,750,1280,0.585938
img/mar/6/mar-0682.png,750,1310,0.572519
img/mar/6/mar-0683.png,750,1255,0.59761
img/mar/6/mar-0684.png,750,1282,0.585023
img/mar/6/mar-0685.png,750,1261,0.594766
img/mar/6/mar-0686.png,750,1307,0.573833
img/mar/6/mar-0687.png,750,1240,0.604839
img/mar/6/mar-0688.png,750,1195,0.627615
img/mar/6/mar-0689.png,750,1257,0.596659
img/mar/6/mar-0690.png,750,1343,0.558451
img/mar/6/mar-0691.png,750,1299,0.577367
img/mar/6/mar-0692.png,750,1209,0.620347
img/mar/6/mar-0693.png,750,1249,0.60048
img/mar/6/mar-0694.png,750,1184,0.633446
img/mar/6/mar-0695.png,750,1243,0.603379
img/mar/6/mar-0696.png,750,1167,0.642674
img/mar/6/mar-0697.png,750,1273,0.589159
img/mar/6/mar-0698.png,750,1163,0.644884
img/mar/6/mar-0699.png,750,1265,0.592885
img/mar/7/mar-0700.png,750,1207,0.621375
img/mar/7/mar-0701.png,750,1273,0.589159
img/mar/7/mar-0702.png,750,1154,0.649913
img/mar/7/mar-0703.png,750,1233,0.608273
img/mar/7/mar-0704.png,750,1132,0.662544
img/mar/7/mar-0705.png,750,1278,0.586854
img/mar/7/mar-0706.png,750,1258,0.596184
img/mar/7/mar-0707.png,750,1276,0.587774
img/mar/7/mar-0708.png,750,1248,0.600962
img/mar/7/mar-0709.png,750,1273,0.589159
img/mar/7/mar-0710.png,750,1215,0.617284
img/mar/7/mar-0711.png,750,1245,0.60241
img/mar/7/mar-0712.png,750,1222,0.613748
img/mar/7/mar-0713.png,750,1265,0.592885
img/mar/7/mar-0714.png,750,1241,0.604351
img/mar/7/mar-0715.png,750,1276,0.587774
img/mar/7/mar-0716.png,750,1268,0.591483
img/mar/7/mar-0717.png,750,1271,0.590087
img/mar/7/mar-0718.png,750,1212,0.618812
img/mar/7/mar-0719.png,750,1241,0.604351
img/mar/7/mar-0720.png,750,1237,0.606306
img/mar/7/mar-0721.png,750,1293,0.580046
img/mar/7/mar-0722.png,750,1239,0.605327
img/mar/7/mar-0723.png,750,1282,0.585023
img/mar/7/mar-0724.png,750,1224,0.612745
img/mar/7/mar-0725.png,750,1292,0.580495
img/mar/7/mar-0726.png,750,1249,0.60048
img/mar/7/mar-0727.png,750,1271,0.590087
img/mar/7/mar-0728.png,750,1231,0.609261
img/mar/7/mar-0729.png,750,1270,0.590551
img/mar/7/mar-0730.png,750,1157,0.648228
img/mar/7/mar-0731.png,750,1252,0.599042
img/mar/7/mar-0732.png,750,1133,0.661959
img/mar/7/mar-0733.png,750,1256,0.597134
img/mar/7/mar-0734.png,750,1175,0.638298
img/mar/7/mar-0735.png,750,1249,0.60048
img/mar/7/mar-0736.png,750,1180,0.635593
img/mar/7/mar-0737.png,750,1268,0.591483
img/mar/7/mar-0738.png,750,1156,0.648789
img/mar/7/mar-0739.png,750,1284,0.584112
img/mar/7/mar-0740.png,750,1182,0.634518
img/mar/7/mar-0741.png,750,1270,0.590551
img/mar/7/mar-0742.png,750,1213,0.618302
img/mar/7/mar-0743.png,750,1249,0.60048
img/mar/7/mar-0744.png,750,1159,0.64711
img/mar/7/mar-0745.png,750,1244,0.602894
img/mar/7/mar-0746.png,750,1121,0.669045
img/mar/7/mar-0747.png,750,1259,0.595711
img/mar/7/mar-0748.png,750,1176,0.637755
img/mar/7/mar-0749.png,750,1257,0.596659
img/mar/7/mar-0750.png,750,1124,0.66726
img/mar/7/mar-0751.png,750,1249,0.60048
img/mar/7/mar-0752.png,750,1196,0.62709
img/mar/7/mar-0753.png,750,1270,0.590551
img/mar/7/mar-0754.png,750,1127,0.665484
img/mar/7/mar-0755.png,750,1234,0.60778
img/mar/7/mar-0756.png,750,1169,0.641574
img/mar/7/mar-0757.png,750,1246,0.601926
img/mar/7/mar-0758.png,750,1240,0.604839
img/mar/7/mar-0759.png,750,1236,0.606796
img/mar/7/mar-0760.png,750,1264,0.593354
img/mar/7/mar-0761.png,750,1273,0.589159
img/mar/7/mar-0762.png,750,1225,0.612245
img/mar/7/mar-0763.png,750,1257,0.596659
img/mar/7/mar-0764.png,750,1269,0.591017
img/mar/7/mar-0765.png,750,1134,0.661376
img/mar/7/mar-0766.png,750,1256,0.597134
img/mar/7/mar-0767.png,750,1246,0.601926
img/mar/7/mar-0768.png,750,1241,0.604351
img/mar/7/mar-0769.png,750,1283,0.584567
img/mar/7/mar-0770.png,750,1207,0.621375
img/mar/7/mar-0771.png,750,1274,0.588697
img/mar/7/mar-0772.png,750,1243,0.603379
img/mar/7/mar-0773.png,750,1244,0.602894
img/mar/7/mar-0774.png,750,1234,0.60778
img/mar/7/mar-0775.png,750,1271,0.590087
img/mar/7/mar-0776.png,750,1258,0.596184
img/mar/7/mar-0777.png,750,1252,0.599042
img/mar/7/mar-0778.png,750,1248,0.600962
img/mar/7/mar-0779.png,750,1249,0.60048
img/mar/7/mar-0780.png,750,1254,0.598086
img/mar/7/mar-0781.png,750,1246,0.601926
img/mar/7/mar-0782.png,750,1233,0.608273
img/mar/7/mar-0783.png,750,1242,0.603865
img/mar/7/mar-0784.png,750,1188,0.631313
img/mar/7/mar-0785.png,750,1261,0.594766
img/mar/7/mar-0786.png,750,1200,0.625
img/mar/7/mar-0787.png,750,1280,0.585938
img/mar/7/mar-0788.png,750,1146,0.65445
img/mar/7/mar-0789.png,750,1239,0.605327
img/mar/7/mar-0790.png,750,1256,0.597134
img/mar/7/mar-0791.png,750,1262,0.594295
img/mar/7/mar-0792.png,750,1200,0.625
img/mar/7/mar-0793.png,750,1268,0.591483
img/mar/7/mar-0794.png,750,1201,0.62448
img/mar/7/mar-0795.png,750,1259,0.595711
img/mar/7/mar-0796.png,750,1240,0.604839
img/mar/7/mar-0797.png,750,1268,0.591483
img/mar/7/mar-0798.png,750,1256,0.597134
img/mar/7/mar-0799.png,750,1273,0.589159
img/mar/8/mar-0800.png,750,1289,0.581846
img/mar/8/mar-0801.png,750,1247,0.601443
img/mar/8/mar-0802.png,750,1123,0.667854
img/mar/8/mar-0803.png,750,1282,0.585023
img/mar/8/mar-0804.png,750,1224,0.612745
img/mar/8/mar-0805.png,750,1275,0.588235
img/mar/8/mar-0806.png,750,1200,0.625
img/mar/8/mar-0807.png,750,1278,0.586854
img/mar/8/mar-0808.png,750,1175,0.638298
img/mar/8/mar-0809.png,750,1266,0.592417
img/mar/8/mar-0810.png,750,1501,0.499667
