img/mgf/0/mgf-0000.png,744,1295,0.574517
img/mgf/0/mgf-0001.png,464,810,0.57284
img/mgf/0/mgf-0002.png,826,1317,0.627183
img/mgf/0/mgf-0003.png,920,1424,0.646067
img/mgf/0/mgf-0004.png,1,1,1
img/mgf/0/mgf-0005.png,1,1,1
img/mgf/0/mgf-0006.png,1,1,1
img/mgf/0/mgf-0007.png,920,1511,0.608868
img/mgf/0/mgf-0008.png,917,1511,0.606883
img/mgf/0/mgf-0009.png,917,1511,0.606883
img/mgf/0/mgf-0010.png,917,1511,0.606883
img/mgf/0/mgf-0011.png,917,1511,0.606883
img/mgf/0/mgf-0012.png,917,1511,0.606883
img/mgf/0/mgf-0013.png,917,1511,0.606883
img/mgf/0/mgf-0014.png,917,1511,0.606883
img/mgf/0/mgf-0015.png,917,1511,0.606883
img/mgf/0/mgf-0016.png,917,1511,0.606883
img/mgf/0/mgf-0017.png,917,1511,0.606883
img/mgf/0/mgf-0018.png,917,1511,0.606883
img/mgf/0/mgf-0019.png,917,1511,0.606883
img/mgf/0/mgf-0020.png,917,1511,0.606883
img/mgf/0/mgf-0021.png,917,1511,0.606883
img/mgf/0/mgf-0022.png,917,1511,0.606883
img/mgf/0/mgf-0023.png,917,1511,0.606883
img/mgf/0/mgf-0024.png,917,1511,0.606883
img/mgf/0/mgf-0025.png,917,1511,0.606883
img/mgf/0/mgf-0026.png,917,1511,0.606883
img/mgf/0/mgf-0027.png,917,1511,0.606883
img/mgf/0/mgf-0028.png,917,1511,0.606883
img/mgf/0/mgf-0029.png,917,1511,0.606883
img/mgf/0/mgf-0030.png,920,1511,0.608868
img/mgf/0/mgf-0031.png,858,271,3.16605
img/mgf/0/mgf-0032.png,1,1,1
img/mgf/0/mgf-0033.png,920,1502,0.612517
img/mgf/0/mgf-0034.png,1,1,1
img/mgf/0/mgf-0035.png,925,1551,0.596389
img/mgf/0/mgf-0036.png,921,1548,0.594961
img/mgf/0/mgf-0037.png,921,1546,0.595731
img/mgf/0/mgf-0038.png,920,1548,0.594315
img/mgf/0/mgf-0039.png,920,1547,0.594699
img/mgf/0/mgf-0040.png,922,1550,0.594839
img/mgf/0/mgf-0041.png,921,1551,0.59381
img/mgf/0/mgf-0042.png,921,1551,0.59381
img/mgf/0/mgf-0043.png,921,1547,0.595346
img/mgf/0/mgf-0044.png,924,1547,0.597285
img/mgf/0/mgf-0045.png,921,1549,0.594577
img/mgf/0/mgf-0046.png,920,1549,0.593932
img/mgf/0/mgf-0047.png,920,1549,0.593932
img/mgf/0/mgf-0048.png,921,1549,0.594577
img/mgf/0/mgf-0049.png,921,1555,0.592283
img/mgf/0/mgf-0050.png,921,1552,0.593428
img/mgf/0/mgf-0051.png,920,1547,0.594699
img/mgf/0/mgf-0052.png,920,1547,0.594699
img/mgf/0/mgf-0053.png,921,1554,0.592664
img/mgf/0/mgf-0054.png,921,1555,0.592283
img/mgf/0/mgf-0055.png,921,1555,0.592283
img/mgf/0/mgf-0056.png,920,1558,0.590501
img/mgf/0/mgf-0057.png,921,1550,0.594194
img/mgf/0/mgf-0058.png,920,1560,0.589744
img/mgf/0/mgf-0059.png,921,1551,0.59381
img/mgf/0/mgf-0060.png,920,1551,0.593166
img/mgf/0/mgf-0061.png,921,1551,0.59381
img/mgf/0/mgf-0062.png,921,1551,0.59381
img/mgf/0/mgf-0063.png,921,1560,0.590385
img/mgf/0/mgf-0064.png,920,1547,0.594699
img/mgf/0/mgf-0065.png,921,1547,0.595346
img/mgf/0/mgf-0066.png,921,1547,0.595346
img/mgf/0/mgf-0067.png,921,1547,0.595346
img/mgf/0/mgf-0068.png,921,1547,0.595346
img/mgf/0/mgf-0069.png,920,1547,0.594699
img/mgf/0/mgf-0070.png,921,1547,0.595346
img/mgf/0/mgf-0071.png,921,1547,0.595346
img/mgf/0/mgf-0072.png,920,1547,0.594699
img/mgf/0/mgf-0073.png,920,1547,0.594699
img/mgf/0/mgf-0074.png,921,1547,0.595346
img/mgf/0/mgf-0075.png,921,1549,0.594577
img/mgf/0/mgf-0076.png,922,1560,0.591026
img/mgf/0/mgf-0077.png,922,1560,0.591026
img/mgf/0/mgf-0078.png,920,1560,0.589744
img/mgf/0/mgf-0079.png,920,1546,0.595084
img/mgf/0/mgf-0080.png,921,1547,0.595346
img/mgf/0/mgf-0081.png,926,1552,0.596649
img/mgf/0/mgf-0082.png,922,1560,0.591026
img/mgf/0/mgf-0083.png,920,1504,0.611702
img/mgf/0/mgf-0084.png,1,1,1
img/mgf/0/mgf-0085.png,921,1555,0.592283
img/mgf/0/mgf-0086.png,920,1555,0.59164
img/mgf/0/mgf-0087.png,921,1559,0.590763
img/mgf/0/mgf-0088.png,921,1551,0.59381
img/mgf/0/mgf-0089.png,921,1563,0.589251
img/mgf/0/mgf-0090.png,921,1548,0.594961
img/mgf/0/mgf-0091.png,921,1553,0.593046
img/mgf/0/mgf-0092.png,920,1554,0.592021
img/mgf/0/mgf-0093.png,920,1556,0.59126
img/mgf/0/mgf-0094.png,921,1555,0.592283
img/mgf/0/mgf-0095.png,921,1555,0.592283
img/mgf/0/mgf-0096.png,920,1547,0.594699
img/mgf/0/mgf-0097.png,920,1551,0.593166
img/mgf/0/mgf-0098.png,921,1559,0.590763
img/mgf/0/mgf-0099.png,920,1543,0.596241
img/mgf/1/mgf-0100.png,921,1555,0.592283
img/mgf/1/mgf-0101.png,920,1553,0.592402
img/mgf/1/mgf-0102.png,921,1550,0.594194
img/mgf/1/mgf-0103.png,921,1549,0.594577
img/mgf/1/mgf-0104.png,921,1546,0.595731
img/mgf/1/mgf-0105.png,921,1555,0.592283
img/mgf/1/mgf-0106.png,920,1554,0.592021
img/mgf/1/mgf-0107.png,921,1554,0.592664
img/mgf/1/mgf-0108.png,921,1555,0.592283
img/mgf/1/mgf-0109.png,921,1550,0.594194
img/mgf/1/mgf-0110.png,921,1548,0.594961
img/mgf/1/mgf-0111.png,921,1547,0.595346
img/mgf/1/mgf-0112.png,921,1553,0.593046
img/mgf/1/mgf-0113.png,920,1552,0.592784
img/mgf/1/mgf-0114.png,921,1552,0.593428
img/mgf/1/mgf-0115.png,921,1559,0.590763
img/mgf/1/mgf-0116.png,920,1559,0.590122
img/mgf/1/mgf-0117.png,920,1554,0.592021
img/mgf/1/mgf-0118.png,920,1554,0.592021
img/mgf/1/mgf-0119.png,921,1554,0.592664
img/mgf/1/mgf-0120.png,920,1554,0.592021
img/mgf/1/mgf-0121.png,921,1543,0.596889
img/mgf/1/mgf-0122.png,921,1546,0.595731
img/mgf/1/mgf-0123.png,920,1552,0.592784
img/mgf/1/mgf-0124.png,920,1553,0.592402
img/mgf/1/mgf-0125.png,920,1550,0.593548
img/mgf/1/mgf-0126.png,921,1549,0.594577
img/mgf/1/mgf-0127.png,920,1549,0.593932
img/mgf/1/mgf-0128.png,920,1550,0.593548
img/mgf/1/mgf-0129.png,920,1549,0.593932
img/mgf/1/mgf-0130.png,1,1,1
img/mgf/1/mgf-0131.png,920,1504,0.611702
img/mgf/1/mgf-0132.png,1,1,1
img/mgf/1/mgf-0133.png,921,1551,0.59381
img/mgf/1/mgf-0134.png,920,1543,0.596241
img/mgf/1/mgf-0135.png,921,1544,0.596503
img/mgf/1/mgf-0136.png,921,1555,0.592283
img/mgf/1/mgf-0137.png,921,1560,0.590385
img/mgf/1/mgf-0138.png,920,1556,0.59126
img/mgf/1/mgf-0139.png,920,1547,0.594699
img/mgf/1/mgf-0140.png,920,1552,0.592784
img/mgf/1/mgf-0141.png,920,1504,0.611702
img/mgf/1/mgf-0142.png,1,1,1
img/mgf/1/mgf-0143.png,920,1548,0.594315
img/mgf/1/mgf-0144.png,920,1548,0.594315
img/mgf/1/mgf-0145.png,920,1552,0.592784
img/mgf/1/mgf-0146.png,920,1548,0.594315
img/mgf/1/mgf-0147.png,921,1550,0.594194
img/mgf/1/mgf-0148.png,921,1561,0.590006
img/mgf/1/mgf-0149.png,921,1551,0.59381
img/mgf/1/mgf-0150.png,921,1549,0.594577
img/mgf/1/mgf-0151.png,921,1548,0.594961
img/mgf/1/mgf-0152.png,921,1549,0.594577
img/mgf/1/mgf-0153.png,920,1551,0.593166
img/mgf/1/mgf-0154.png,1,1,1
img/mgf/1/mgf-0155.png,920,1504,0.611702
img/mgf/1/mgf-0156.png,1,1,1
img/mgf/1/mgf-0157.png,921,1550,0.594194
img/mgf/1/mgf-0158.png,921,1553,0.593046
img/mgf/1/mgf-0159.png,920,1550,0.593548
img/mgf/1/mgf-0160.png,921,1548,0.594961
img/mgf/1/mgf-0161.png,921,1555,0.592283
img/mgf/1/mgf-0162.png,921,1553,0.593046
img/mgf/1/mgf-0163.png,921,1554,0.592664
img/mgf/1/mgf-0164.png,920,1555,0.59164
img/mgf/1/mgf-0165.png,921,1546,0.595731
img/mgf/1/mgf-0166.png,921,1545,0.596117
img/mgf/1/mgf-0167.png,920,1550,0.593548
img/mgf/1/mgf-0168.png,921,1556,0.591902
img/mgf/1/mgf-0169.png,921,1553,0.593046
img/mgf/1/mgf-0170.png,921,1553,0.593046
img/mgf/1/mgf-0171.png,920,1554,0.592021
img/mgf/1/mgf-0172.png,920,1554,0.592021
img/mgf/1/mgf-0173.png,920,1552,0.592784
img/mgf/1/mgf-0174.png,921,1547,0.595346
img/mgf/1/mgf-0175.png,921,1542,0.597276
img/mgf/1/mgf-0176.png,921,1552,0.593428
img/mgf/1/mgf-0177.png,921,1555,0.592283
img/mgf/1/mgf-0178.png,920,1555,0.59164
img/mgf/1/mgf-0179.png,921,1542,0.597276
img/mgf/1/mgf-0180.png,921,1543,0.596889
img/mgf/1/mgf-0181.png,921,1551,0.59381
img/mgf/1/mgf-0182.png,920,1548,0.594315
img/mgf/1/mgf-0183.png,920,1548,0.594315
img/mgf/1/mgf-0184.png,921,1553,0.593046
img/mgf/1/mgf-0185.png,921,1553,0.593046
img/mgf/1/mgf-0186.png,920,1555,0.59164
img/mgf/1/mgf-0187.png,920,1550,0.593548
img/mgf/1/mgf-0188.png,920,1550,0.593548
img/mgf/1/mgf-0189.png,921,1550,0.594194
img/mgf/1/mgf-0190.png,920,1548,0.594315
img/mgf/1/mgf-0191.png,920,1504,0.611702
img/mgf/1/mgf-0192.png,1,1,1
img/mgf/1/mgf-0193.png,921,1553,0.593046
img/mgf/1/mgf-0194.png,923,1556,0.593188
img/mgf/1/mgf-0195.png,921,1550,0.594194
img/mgf/1/mgf-0196.png,921,1552,0.593428
img/mgf/1/mgf-0197.png,923,1552,0.594716
img/mgf/1/mgf-0198.png,923,1539,0.59974
img/mgf/1/mgf-0199.png,924,1553,0.594977
img/mgf/2/mgf-0200.png,923,1549,0.595868
img/mgf/2/mgf-0201.png,921,1551,0.59381
img/mgf/2/mgf-0202.png,921,1553,0.593046
img/mgf/2/mgf-0203.png,921,1551,0.59381
img/mgf/2/mgf-0204.png,921,1548,0.594961
img/mgf/2/mgf-0205.png,920,1540,0.597403
img/mgf/2/mgf-0206.png,923,1553,0.594334
img/mgf/2/mgf-0207.png,920,1554,0.592021
img/mgf/2/mgf-0208.png,923,1540,0.599351
img/mgf/2/mgf-0209.png,921,1541,0.597664
img/mgf/2/mgf-0210.png,923,1541,0.598962
img/mgf/2/mgf-0211.png,922,1551,0.594455
img/mgf/2/mgf-0212.png,922,1539,0.59909
img/mgf/2/mgf-0213.png,923,1545,0.597411
img/mgf/2/mgf-0214.png,923,1539,0.59974
img/mgf/2/mgf-0215.png,921,1539,0.598441
img/mgf/2/mgf-0216.png,921,1539,0.598441
img/mgf/2/mgf-0217.png,924,1547,0.597285
img/mgf/2/mgf-0218.png,920,1544,0.595855
img/mgf/2/mgf-0219.png,920,1545,0.595469
img/mgf/2/mgf-0220.png,923,1550,0.595484
img/mgf/2/mgf-0221.png,921,1553,0.593046
img/mgf/2/mgf-0222.png,920,1544,0.595855
img/mgf/2/mgf-0223.png,923,1561,0.591288
img/mgf/2/mgf-0224.png,923,1552,0.594716
img/mgf/2/mgf-0225.png,923,1552,0.594716
img/mgf/2/mgf-0226.png,921,1552,0.593428
img/mgf/2/mgf-0227.png,923,1552,0.594716
img/mgf/2/mgf-0228.png,921,1552,0.593428
img/mgf/2/mgf-0229.png,921,1556,0.591902
img/mgf/2/mgf-0230.png,923,1561,0.591288
img/mgf/2/mgf-0231.png,920,1561,0.589366
img/mgf/2/mgf-0232.png,923,1551,0.5951
img/mgf/2/mgf-0233.png,920,1551,0.593166
img/mgf/2/mgf-0234.png,921,1545,0.596117
img/mgf/2/mgf-0235.png,921,1550,0.594194
img/mgf/2/mgf-0236.png,921,1550,0.594194
img/mgf/2/mgf-0237.png,921,1547,0.595346
img/mgf/2/mgf-0238.png,921,1552,0.593428
img/mgf/2/mgf-0239.png,921,1552,0.593428
img/mgf/2/mgf-0240.png,924,1549,0.596514
img/mgf/2/mgf-0241.png,924,1551,0.595745
img/mgf/2/mgf-0242.png,921,1550,0.594194
img/mgf/2/mgf-0243.png,921,1550,0.594194
img/mgf/2/mgf-0244.png,921,1547,0.595346
img/mgf/2/mgf-0245.png,921,1547,0.595346
img/mgf/2/mgf-0246.png,920,1538,0.598179
img/mgf/2/mgf-0247.png,920,1541,0.597015
img/mgf/2/mgf-0248.png,1,1,1
img/mgf/2/mgf-0249.png,920,1503,0.612109
img/mgf/2/mgf-0250.png,1,1,1
img/mgf/2/mgf-0251.png,924,1550,0.596129
img/mgf/2/mgf-0252.png,924,1548,0.596899
img/mgf/2/mgf-0253.png,921,1554,0.592664
img/mgf/2/mgf-0254.png,924,1547,0.597285
img/mgf/2/mgf-0255.png,923,1548,0.596253
img/mgf/2/mgf-0256.png,921,1553,0.593046
img/mgf/2/mgf-0257.png,921,1554,0.592664
img/mgf/2/mgf-0258.png,921,1553,0.593046
img/mgf/2/mgf-0259.png,923,1547,0.596639
img/mgf/2/mgf-0260.png,921,1550,0.594194
img/mgf/2/mgf-0261.png,920,1549,0.593932
img/mgf/2/mgf-0262.png,920,1552,0.592784
img/mgf/2/mgf-0263.png,923,1552,0.594716
img/mgf/2/mgf-0264.png,923,1550,0.595484
img/mgf/2/mgf-0265.png,924,1556,0.59383
img/mgf/2/mgf-0266.png,923,1548,0.596253
img/mgf/2/mgf-0267.png,920,1555,0.59164
img/mgf/2/mgf-0268.png,923,1555,0.593569
img/mgf/2/mgf-0269.png,923,1555,0.593569
img/mgf/2/mgf-0270.png,920,1555,0.59164
img/mgf/2/mgf-0271.png,920,1556,0.59126
img/mgf/2/mgf-0272.png,921,1552,0.593428
img/mgf/2/mgf-0273.png,920,1563,0.588612
img/mgf/2/mgf-0274.png,920,1553,0.592402
img/mgf/2/mgf-0275.png,920,1555,0.59164
img/mgf/2/mgf-0276.png,921,1553,0.593046
img/mgf/2/mgf-0277.png,923,1554,0.593951
img/mgf/2/mgf-0278.png,924,1554,0.594595
img/mgf/2/mgf-0279.png,920,1553,0.592402
img/mgf/2/mgf-0280.png,921,1554,0.592664
img/mgf/2/mgf-0281.png,924,1553,0.594977
img/mgf/2/mgf-0282.png,923,1548,0.596253
img/mgf/2/mgf-0283.png,923,1548,0.596253
img/mgf/2/mgf-0284.png,921,1550,0.594194
img/mgf/2/mgf-0285.png,921,1557,0.591522
img/mgf/2/mgf-0286.png,923,1557,0.592807
img/mgf/2/mgf-0287.png,921,1550,0.594194
img/mgf/2/mgf-0288.png,920,1550,0.593548
img/mgf/2/mgf-0289.png,922,1554,0.593308
img/mgf/2/mgf-0290.png,920,1552,0.592784
img/mgf/2/mgf-0291.png,920,1503,0.612109
img/mgf/2/mgf-0292.png,1,1,1
img/mgf/2/mgf-0293.png,923,1559,0.592046
img/mgf/2/mgf-0294.png,920,1542,0.596628
img/mgf/2/mgf-0295.png,921,1542,0.597276
img/mgf/2/mgf-0296.png,923,1549,0.595868
img/mgf/2/mgf-0297.png,923,1549,0.595868
img/mgf/2/mgf-0298.png,920,1559,0.590122
img/mgf/2/mgf-0299.png,924,1542,0.599222
img/mgf/3/mgf-0300.png,922,1555,0.592926
img/mgf/3/mgf-0301.png,924,1555,0.594212
img/mgf/3/mgf-0302.png,924,1552,0.595361
img/mgf/3/mgf-0303.png,921,1551,0.59381
img/mgf/3/mgf-0304.png,922,1559,0.591405
img/mgf/3/mgf-0305.png,924,1560,0.592308
img/mgf/3/mgf-0306.png,921,1560,0.590385
img/mgf/3/mgf-0307.png,920,1542,0.596628
img/mgf/3/mgf-0308.png,924,1547,0.597285
img/mgf/3/mgf-0309.png,921,1546,0.595731
img/mgf/3/mgf-0310.png,924,1543,0.598833
img/mgf/3/mgf-0311.png,923,1546,0.597025
img/mgf/3/mgf-0312.png,923,1547,0.596639
img/mgf/3/mgf-0313.png,922,1550,0.594839
img/mgf/3/mgf-0314.png,921,1547,0.595346
img/mgf/3/mgf-0315.png,924,1547,0.597285
img/mgf/3/mgf-0316.png,1,1,1
img/mgf/3/mgf-0317.png,920,1503,0.612109
img/mgf/3/mgf-0318.png,1,1,1
img/mgf/3/mgf-0319.png,924,1549,0.596514
img/mgf/3/mgf-0320.png,921,1551,0.59381
img/mgf/3/mgf-0321.png,924,1552,0.595361
img/mgf/3/mgf-0322.png,923,1559,0.592046
img/mgf/3/mgf-0323.png,921,1551,0.59381
img/mgf/3/mgf-0324.png,923,1552,0.594716
img/mgf/3/mgf-0325.png,922,1552,0.594072
img/mgf/3/mgf-0326.png,924,1552,0.595361
img/mgf/3/mgf-0327.png,922,1560,0.591026
img/mgf/3/mgf-0328.png,921,1560,0.590385
img/mgf/3/mgf-0329.png,924,1549,0.596514
img/mgf/3/mgf-0330.png,925,1550,0.596774
img/mgf/3/mgf-0331.png,920,1549,0.593932
img/mgf/3/mgf-0332.png,920,1552,0.592784
img/mgf/3/mgf-0333.png,920,1504,0.611702
img/mgf/3/mgf-0334.png,1,1,1
img/mgf/3/mgf-0335.png,921,1560,0.590385
img/mgf/3/mgf-0336.png,920,1560,0.589744
img/mgf/3/mgf-0337.png,921,1560,0.590385
img/mgf/3/mgf-0338.png,924,1560,0.592308
img/mgf/3/mgf-0339.png,921,1552,0.593428
img/mgf/3/mgf-0340.png,924,1552,0.595361
img/mgf/3/mgf-0341.png,921,1552,0.593428
img/mgf/3/mgf-0342.png,921,1547,0.595346
img/mgf/3/mgf-0343.png,920,1547,0.594699
img/mgf/3/mgf-0344.png,920,1550,0.593548
img/mgf/3/mgf-0345.png,922,1539,0.59909
img/mgf/3/mgf-0346.png,921,1539,0.598441
img/mgf/3/mgf-0347.png,921,1550,0.594194
img/mgf/3/mgf-0348.png,924,1550,0.596129
img/mgf/3/mgf-0349.png,921,1548,0.594961
img/mgf/3/mgf-0350.png,920,1550,0.593548
img/mgf/3/mgf-0351.png,921,1550,0.594194
img/mgf/3/mgf-0352.png,924,1545,0.598058
img/mgf/3/mgf-0353.png,924,1553,0.594977
img/mgf/3/mgf-0354.png,920,1560,0.589744
img/mgf/3/mgf-0355.png,921,1548,0.594961
img/mgf/3/mgf-0356.png,921,1548,0.594961
img/mgf/3/mgf-0357.png,925,1550,0.596774
img/mgf/3/mgf-0358.png,921,1550,0.594194
img/mgf/3/mgf-0359.png,924,1547,0.597285
img/mgf/3/mgf-0360.png,924,1544,0.598446
img/mgf/3/mgf-0361.png,1000,247,4.04858
img/mgf/3/mgf-0362.png,920,1544,0.595855
img/mgf/3/mgf-0363.png,924,1544,0.598446
img/mgf/3/mgf-0364.png,924,1549,0.596514
img/mgf/3/mgf-0365.png,921,1549,0.594577
img/mgf/3/mgf-0366.png,920,1551,0.593166
img/mgf/3/mgf-0367.png,920,1551,0.593166
img/mgf/3/mgf-0368.png,921,1551,0.59381
img/mgf/3/mgf-0369.png,924,1552,0.595361
img/mgf/3/mgf-0370.png,924,1552,0.595361
img/mgf/3/mgf-0371.png,920,1552,0.592784
img/mgf/3/mgf-0372.png,920,1552,0.592784
img/mgf/3/mgf-0373.png,924,1552,0.595361
img/mgf/3/mgf-0374.png,924,1552,0.595361
img/mgf/3/mgf-0375.png,921,1545,0.596117
img/mgf/3/mgf-0376.png,920,1542,0.596628
img/mgf/3/mgf-0377.png,920,1543,0.596241
img/mgf/3/mgf-0378.png,924,1547,0.597285
img/mgf/3/mgf-0379.png,921,1547,0.595346
img/mgf/3/mgf-0380.png,924,1547,0.597285
img/mgf/3/mgf-0381.png,925,1547,0.597931
img/mgf/3/mgf-0382.png,921,1547,0.595346
img/mgf/3/mgf-0383.png,924,1547,0.597285
img/mgf/3/mgf-0384.png,920,1550,0.593548
img/mgf/3/mgf-0385.png,920,1504,0.611702
img/mgf/3/mgf-0386.png,1,1,1
img/mgf/3/mgf-0387.png,921,1545,0.596117
img/mgf/3/mgf-0388.png,924,1552,0.595361
img/mgf/3/mgf-0389.png,921,1549,0.594577
img/mgf/3/mgf-0390.png,920,1549,0.593932
img/mgf/3/mgf-0391.png,921,1544,0.596503
img/mgf/3/mgf-0392.png,921,1554,0.592664
img/mgf/3/mgf-0393.png,921,1552,0.593428
img/mgf/3/mgf-0394.png,920,1561,0.589366
img/mgf/3/mgf-0395.png,924,1552,0.595361
img/mgf/3/mgf-0396.png,930,1546,0.601552
img/mgf/3/mgf-0397.png,921,1545,0.596117
img/mgf/3/mgf-0398.png,920,1544,0.595855
img/mgf/3/mgf-0399.png,921,1547,0.595346
img/mgf/4/mgf-0400.png,921,1548,0.594961
img/mgf/4/mgf-0401.png,921,1550,0.594194
img/mgf/4/mgf-0402.png,924,1552,0.595361
img/mgf/4/mgf-0403.png,920,1504,0.611702
img/mgf/4/mgf-0404.png,1,1,1
img/mgf/4/mgf-0405.png,920,1555,0.59164
img/mgf/4/mgf-0406.png,921,1555,0.592283
img/mgf/4/mgf-0407.png,921,1553,0.593046
img/mgf/4/mgf-0408.png,920,1538,0.598179
img/mgf/4/mgf-0409.png,921,1552,0.593428
img/mgf/4/mgf-0410.png,921,1546,0.595731
img/mgf/4/mgf-0411.png,920,1546,0.595084
img/mgf/4/mgf-0412.png,921,1550,0.594194
img/mgf/4/mgf-0413.png,921,1552,0.593428
img/mgf/4/mgf-0414.png,921,1545,0.596117
img/mgf/4/mgf-0415.png,924,1550,0.596129
img/mgf/4/mgf-0416.png,921,1539,0.598441
img/mgf/4/mgf-0417.png,921,1539,0.598441
img/mgf/4/mgf-0418.png,921,1550,0.594194
img/mgf/4/mgf-0419.png,921,1550,0.594194
img/mgf/4/mgf-0420.png,924,1552,0.595361
img/mgf/4/mgf-0421.png,924,1553,0.594977
img/mgf/4/mgf-0422.png,921,1552,0.593428
img/mgf/4/mgf-0423.png,924,1550,0.596129
img/mgf/4/mgf-0424.png,924,1554,0.594595
img/mgf/4/mgf-0425.png,920,1554,0.592021
img/mgf/4/mgf-0426.png,920,1552,0.592784
img/mgf/4/mgf-0427.png,921,1552,0.593428
img/mgf/4/mgf-0428.png,924,1549,0.596514
img/mgf/4/mgf-0429.png,924,1549,0.596514
img/mgf/4/mgf-0430.png,924,1549,0.596514
img/mgf/4/mgf-0431.png,921,1552,0.593428
img/mgf/4/mgf-0432.png,924,1552,0.595361
img/mgf/4/mgf-0433.png,920,1556,0.59126
img/mgf/4/mgf-0434.png,924,1556,0.59383
img/mgf/4/mgf-0435.png,921,1561,0.590006
img/mgf/4/mgf-0436.png,920,1551,0.593166
img/mgf/4/mgf-0437.png,920,1552,0.592784
img/mgf/4/mgf-0438.png,924,1556,0.59383
img/mgf/4/mgf-0439.png,924,1555,0.594212
img/mgf/4/mgf-0440.png,924,1550,0.596129
img/mgf/4/mgf-0441.png,920,1549,0.593932
img/mgf/4/mgf-0442.png,924,1538,0.60078
img/mgf/4/mgf-0443.png,923,1537,0.60052
img/mgf/4/mgf-0444.png,924,1554,0.594595
img/mgf/4/mgf-0445.png,924,1547,0.597285
img/mgf/4/mgf-0446.png,924,1552,0.595361
img/mgf/4/mgf-0447.png,924,1552,0.595361
img/mgf/4/mgf-0448.png,924,1546,0.597671
img/mgf/4/mgf-0449.png,922,1548,0.595607
img/mgf/4/mgf-0450.png,924,1547,0.597285
img/mgf/4/mgf-0451.png,922,1547,0.595992
img/mgf/4/mgf-0452.png,924,1547,0.597285
img/mgf/4/mgf-0453.png,924,1547,0.597285
img/mgf/4/mgf-0454.png,924,1551,0.595745
img/mgf/4/mgf-0455.png,924,1550,0.596129
img/mgf/4/mgf-0456.png,920,1548,0.594315
img/mgf/4/mgf-0457.png,920,1547,0.594699
img/mgf/4/mgf-0458.png,924,1541,0.599611
img/mgf/4/mgf-0459.png,922,1547,0.595992
img/mgf/4/mgf-0460.png,921,1552,0.593428
img/mgf/4/mgf-0461.png,920,1504,0.611702
img/mgf/4/mgf-0462.png,1,1,1
img/mgf/4/mgf-0463.png,922,1555,0.592926
img/mgf/4/mgf-0464.png,921,1547,0.595346
img/mgf/4/mgf-0465.png,924,1553,0.594977
img/mgf/4/mgf-0466.png,921,1553,0.593046
img/mgf/4/mgf-0467.png,924,1552,0.595361
img/mgf/4/mgf-0468.png,921,1547,0.595346
img/mgf/4/mgf-0469.png,921,1547,0.595346
img/mgf/4/mgf-0470.png,924,1548,0.596899
img/mgf/4/mgf-0471.png,921,1556,0.591902
img/mgf/4/mgf-0472.png,921,1552,0.593428
img/mgf/4/mgf-0473.png,921,1551,0.59381
img/mgf/4/mgf-0474.png,921,1551,0.59381
img/mgf/4/mgf-0475.png,921,1547,0.595346
img/mgf/4/mgf-0476.png,921,1549,0.594577
img/mgf/4/mgf-0477.png,921,1549,0.594577
img/mgf/4/mgf-0478.png,920,1549,0.593932
img/mgf/4/mgf-0479.png,924,1552,0.595361
img/mgf/4/mgf-0480.png,924,1561,0.591928
img/mgf/4/mgf-0481.png,921,1560,0.590385
img/mgf/4/mgf-0482.png,921,1556,0.591902
img/mgf/4/mgf-0483.png,920,1556,0.59126
img/mgf/4/mgf-0484.png,924,1547,0.597285
img/mgf/4/mgf-0485.png,921,1547,0.595346
img/mgf/4/mgf-0486.png,920,1547,0.594699
img/mgf/4/mgf-0487.png,921,1547,0.595346
img/mgf/4/mgf-0488.png,925,1547,0.597931
img/mgf/4/mgf-0489.png,920,1548,0.594315
img/mgf/4/mgf-0490.png,924,1552,0.595361
img/mgf/4/mgf-0491.png,920,1548,0.594315
img/mgf/4/mgf-0492.png,924,1548,0.596899
img/mgf/4/mgf-0493.png,921,1550,0.594194
img/mgf/4/mgf-0494.png,1,1,1
img/mgf/4/mgf-0495.png,920,1503,0.612109
img/mgf/4/mgf-0496.png,1,1,1
img/mgf/4/mgf-0497.png,920,1555,0.59164
img/mgf/4/mgf-0498.png,921,1539,0.598441
img/mgf/4/mgf-0499.png,920,1539,0.597791
img/mgf/5/mgf-0500.png,920,1539,0.597791
img/mgf/5/mgf-0501.png,920,1547,0.594699
img/mgf/5/mgf-0502.png,920,1539,0.597791
img/mgf/5/mgf-0503.png,921,1551,0.59381
img/mgf/5/mgf-0504.png,921,1552,0.593428
img/mgf/5/mgf-0505.png,921,1544,0.596503
img/mgf/5/mgf-0506.png,921,1553,0.593046
img/mgf/5/mgf-0507.png,920,1548,0.594315
img/mgf/5/mgf-0508.png,924,1548,0.596899
img/mgf/5/mgf-0509.png,920,1551,0.593166
img/mgf/5/mgf-0510.png,921,1542,0.597276
img/mgf/5/mgf-0511.png,921,1554,0.592664
img/mgf/5/mgf-0512.png,921,1544,0.596503
img/mgf/5/mgf-0513.png,920,1543,0.596241
img/mgf/5/mgf-0514.png,921,1546,0.595731
img/mgf/5/mgf-0515.png,921,1552,0.593428
img/mgf/5/mgf-0516.png,924,1548,0.596899
img/mgf/5/mgf-0517.png,921,1560,0.590385
img/mgf/5/mgf-0518.png,920,1550,0.593548
img/mgf/5/mgf-0519.png,920,1550,0.593548
img/mgf/5/mgf-0520.png,921,1550,0.594194
img/mgf/5/mgf-0521.png,924,1550,0.596129
img/mgf/5/mgf-0522.png,921,1550,0.594194
img/mgf/5/mgf-0523.png,921,1552,0.593428
img/mgf/5/mgf-0524.png,920,1539,0.597791
img/mgf/5/mgf-0525.png,921,1540,0.598052
img/mgf/5/mgf-0526.png,921,1547,0.595346
img/mgf/5/mgf-0527.png,921,1547,0.595346
img/mgf/5/mgf-0528.png,921,1547,0.595346
img/mgf/5/mgf-0529.png,921,1547,0.595346
img/mgf/5/mgf-0530.png,924,1556,0.59383
img/mgf/5/mgf-0531.png,920,1504,0.611702
img/mgf/5/mgf-0532.png,1,1,1
img/mgf/5/mgf-0533.png,924,1556,0.59383
img/mgf/5/mgf-0534.png,920,1553,0.592402
img/mgf/5/mgf-0535.png,920,1552,0.592784
img/mgf/5/mgf-0536.png,921,1544,0.596503
img/mgf/5/mgf-0537.png,924,1544,0.598446
img/mgf/5/mgf-0538.png,924,1549,0.596514
img/mgf/5/mgf-0539.png,924,1549,0.596514
img/mgf/5/mgf-0540.png,921,1561,0.590006
img/mgf/5/mgf-0541.png,924,1561,0.591928
img/mgf/5/mgf-0542.png,921,1556,0.591902
img/mgf/5/mgf-0543.png,924,1548,0.596899
img/mgf/5/mgf-0544.png,920,1548,0.594315
img/mgf/5/mgf-0545.png,921,1551,0.59381
img/mgf/5/mgf-0546.png,1,1,1
img/mgf/5/mgf-0547.png,920,1503,0.612109
img/mgf/5/mgf-0548.png,1,1,1
img/mgf/5/mgf-0549.png,921,1551,0.59381
img/mgf/5/mgf-0550.png,921,1554,0.592664
img/mgf/5/mgf-0551.png,924,1554,0.594595
img/mgf/5/mgf-0552.png,924,1551,0.595745
img/mgf/5/mgf-0553.png,924,1551,0.595745
img/mgf/5/mgf-0554.png,924,1552,0.595361
img/mgf/5/mgf-0555.png,920,1552,0.592784
img/mgf/5/mgf-0556.png,924,1551,0.595745
img/mgf/5/mgf-0557.png,921,1551,0.59381
img/mgf/5/mgf-0558.png,923,1551,0.5951
img/mgf/5/mgf-0559.png,924,1551,0.595745
img/mgf/5/mgf-0560.png,924,1552,0.595361
img/mgf/5/mgf-0561.png,920,1552,0.592784
img/mgf/5/mgf-0562.png,924,1551,0.595745
img/mgf/5/mgf-0563.png,924,1554,0.594595
img/mgf/5/mgf-0564.png,924,1554,0.594595
img/mgf/5/mgf-0565.png,921,1551,0.59381
img/mgf/5/mgf-0566.png,921,1551,0.59381
img/mgf/5/mgf-0567.png,924,1551,0.595745
img/mgf/5/mgf-0568.png,924,1554,0.594595
img/mgf/5/mgf-0569.png,920,1504,0.611702
img/mgf/5/mgf-0570.png,1,1,1
img/mgf/5/mgf-0571.png,920,1561,0.589366
img/mgf/5/mgf-0572.png,921,1561,0.590006
img/mgf/5/mgf-0573.png,921,1552,0.593428
img/mgf/5/mgf-0574.png,920,1552,0.592784
img/mgf/5/mgf-0575.png,921,1552,0.593428
img/mgf/5/mgf-0576.png,924,1555,0.594212
img/mgf/5/mgf-0577.png,920,1503,0.612109
img/mgf/5/mgf-0578.png,1,1,1
img/mgf/5/mgf-0579.png,920,1547,0.594699
img/mgf/5/mgf-0580.png,921,1544,0.596503
img/mgf/5/mgf-0581.png,924,1548,0.596899
img/mgf/5/mgf-0582.png,924,1548,0.596899
img/mgf/5/mgf-0583.png,921,1547,0.595346
img/mgf/5/mgf-0584.png,925,1547,0.597931
img/mgf/5/mgf-0585.png,921,1542,0.597276
img/mgf/5/mgf-0586.png,924,1549,0.596514
img/mgf/5/mgf-0587.png,924,1552,0.595361
img/mgf/5/mgf-0588.png,921,1552,0.593428
img/mgf/5/mgf-0589.png,921,1544,0.596503
img/mgf/5/mgf-0590.png,924,1547,0.597285
img/mgf/5/mgf-0591.png,920,1551,0.593166
img/mgf/5/mgf-0592.png,920,1551,0.593166
img/mgf/5/mgf-0593.png,920,1552,0.592784
img/mgf/5/mgf-0594.png,924,1546,0.597671
img/mgf/5/mgf-0595.png,921,1546,0.595731
img/mgf/5/mgf-0596.png,922,1543,0.597537
img/mgf/5/mgf-0597.png,921,1553,0.593046
img/mgf/5/mgf-0598.png,924,1554,0.594595
img/mgf/5/mgf-0599.png,921,1552,0.593428
img/mgf/6/mgf-0600.png,924,1552,0.595361
img/mgf/6/mgf-0601.png,921,1550,0.594194
img/mgf/6/mgf-0602.png,921,1542,0.597276
img/mgf/6/mgf-0603.png,924,1542,0.599222
img/mgf/6/mgf-0604.png,924,1546,0.597671
img/mgf/6/mgf-0605.png,924,1546,0.597671
img/mgf/6/mgf-0606.png,924,1542,0.599222
img/mgf/6/mgf-0607.png,921,1542,0.597276
img/mgf/6/mgf-0608.png,924,1546,0.597671
img/mgf/6/mgf-0609.png,924,1544,0.598446
img/mgf/6/mgf-0610.png,924,1551,0.595745
img/mgf/6/mgf-0611.png,921,1551,0.59381
img/mgf/6/mgf-0612.png,921,1552,0.593428
img/mgf/6/mgf-0613.png,921,1548,0.594961
img/mgf/6/mgf-0614.png,924,1548,0.596899
img/mgf/6/mgf-0615.png,924,1548,0.596899
img/mgf/6/mgf-0616.png,924,1548,0.596899
img/mgf/6/mgf-0617.png,924,1548,0.596899
img/mgf/6/mgf-0618.png,924,1555,0.594212
img/mgf/6/mgf-0619.png,924,1555,0.594212
img/mgf/6/mgf-0620.png,920,1550,0.593548
img/mgf/6/mgf-0621.png,924,1550,0.596129
img/mgf/6/mgf-0622.png,925,1549,0.597159
img/mgf/6/mgf-0623.png,924,1550,0.596129
img/mgf/6/mgf-0624.png,921,1550,0.594194
img/mgf/6/mgf-0625.png,921,1542,0.597276
img/mgf/6/mgf-0626.png,929,1552,0.598582
img/mgf/6/mgf-0627.png,924,1552,0.595361
img/mgf/6/mgf-0628.png,924,1542,0.599222
img/mgf/6/mgf-0629.png,921,1544,0.596503
img/mgf/6/mgf-0630.png,921,1544,0.596503
img/mgf/6/mgf-0631.png,920,1547,0.594699
img/mgf/6/mgf-0632.png,920,1546,0.595084
img/mgf/6/mgf-0633.png,921,1547,0.595346
img/mgf/6/mgf-0634.png,920,1547,0.594699
img/mgf/6/mgf-0635.png,920,1550,0.593548
img/mgf/6/mgf-0636.png,924,1547,0.597285
img/mgf/6/mgf-0637.png,921,1550,0.594194
img/mgf/6/mgf-0638.png,1,1,1
img/mgf/6/mgf-0639.png,920,1504,0.611702
img/mgf/6/mgf-0640.png,1,1,1
img/mgf/6/mgf-0641.png,920,1549,0.593932
img/mgf/6/mgf-0642.png,921,1549,0.594577
img/mgf/6/mgf-0643.png,924,1549,0.596514
img/mgf/6/mgf-0644.png,921,1554,0.592664
img/mgf/6/mgf-0645.png,924,1549,0.596514
img/mgf/6/mgf-0646.png,921,1549,0.594577
img/mgf/6/mgf-0647.png,921,1550,0.594194
img/mgf/6/mgf-0648.png,924,1549,0.596514
img/mgf/6/mgf-0649.png,921,1553,0.593046
img/mgf/6/mgf-0650.png,924,1549,0.596514
img/mgf/6/mgf-0651.png,921,1550,0.594194
img/mgf/6/mgf-0652.png,923,1561,0.591288
img/mgf/6/mgf-0653.png,920,1552,0.592784
img/mgf/6/mgf-0654.png,920,1552,0.592784
img/mgf/6/mgf-0655.png,924,1553,0.594977
img/mgf/6/mgf-0656.png,924,1549,0.596514
img/mgf/6/mgf-0657.png,921,1549,0.594577
img/mgf/6/mgf-0658.png,921,1549,0.594577
img/mgf/6/mgf-0659.png,922,1549,0.595223
img/mgf/6/mgf-0660.png,924,1549,0.596514
img/mgf/6/mgf-0661.png,924,1549,0.596514
img/mgf/6/mgf-0662.png,921,1549,0.594577
img/mgf/6/mgf-0663.png,920,1554,0.592021
img/mgf/6/mgf-0664.png,1,1,1
img/mgf/6/mgf-0665.png,920,1503,0.612109
img/mgf/6/mgf-0666.png,1,1,1
img/mgf/6/mgf-0667.png,920,1554,0.592021
img/mgf/6/mgf-0668.png,924,1550,0.596129
img/mgf/6/mgf-0669.png,924,1550,0.596129
img/mgf/6/mgf-0670.png,921,1550,0.594194
img/mgf/6/mgf-0671.png,926,1550,0.597419
img/mgf/6/mgf-0672.png,922,1552,0.594072
img/mgf/6/mgf-0673.png,924,1550,0.596129
img/mgf/6/mgf-0674.png,922,1552,0.594072
img/mgf/6/mgf-0675.png,927,1550,0.598065
img/mgf/6/mgf-0676.png,926,1550,0.597419
img/mgf/6/mgf-0677.png,921,1550,0.594194
img/mgf/6/mgf-0678.png,921,1551,0.59381
img/mgf/6/mgf-0679.png,924,1550,0.596129
img/mgf/6/mgf-0680.png,929,1550,0.599355
img/mgf/6/mgf-0681.png,920,1550,0.593548
img/mgf/6/mgf-0682.png,921,1550,0.594194
img/mgf/6/mgf-0683.png,924,1550,0.596129
img/mgf/6/mgf-0684.png,925,1550,0.596774
img/mgf/6/mgf-0685.png,920,1550,0.593548
img/mgf/6/mgf-0686.png,924,1550,0.596129
img/mgf/6/mgf-0687.png,920,1550,0.593548
img/mgf/6/mgf-0688.png,921,1550,0.594194
img/mgf/6/mgf-0689.png,920,1551,0.593166
img/mgf/6/mgf-0690.png,924,1559,0.592688
img/mgf/6/mgf-0691.png,924,1550,0.596129
img/mgf/6/mgf-0692.png,924,1560,0.592308
img/mgf/6/mgf-0693.png,920,1555,0.59164
img/mgf/6/mgf-0694.png,921,1550,0.594194
img/mgf/6/mgf-0695.png,921,1552,0.593428
img/mgf/6/mgf-0696.png,921,1552,0.593428
img/mgf/6/mgf-0697.png,924,1550,0.596129
img/mgf/6/mgf-0698.png,921,1550,0.594194
img/mgf/6/mgf-0699.png,924,1550,0.596129
img/mgf/7/mgf-0700.png,920,1550,0.593548
img/mgf/7/mgf-0701.png,921,1550,0.594194
img/mgf/7/mgf-0702.png,921,1550,0.594194
img/mgf/7/mgf-0703.png,920,1553,0.592402
img/mgf/7/mgf-0704.png,1,1,1
img/mgf/7/mgf-0705.png,920,1504,0.611702
img/mgf/7/mgf-0706.png,1,1,1
img/mgf/7/mgf-0707.png,924,1551,0.595745
img/mgf/7/mgf-0708.png,920,1551,0.593166
img/mgf/7/mgf-0709.png,920,1551,0.593166
img/mgf/7/mgf-0710.png,921,1551,0.59381
img/mgf/7/mgf-0711.png,920,1551,0.593166
img/mgf/7/mgf-0712.png,921,1551,0.59381
img/mgf/7/mgf-0713.png,921,1552,0.593428
img/mgf/7/mgf-0714.png,920,1551,0.593166
img/mgf/7/mgf-0715.png,924,1551,0.595745
img/mgf/7/mgf-0716.png,925,1551,0.596389
img/mgf/7/mgf-0717.png,924,1551,0.595745
img/mgf/7/mgf-0718.png,924,1552,0.595361
img/mgf/7/mgf-0719.png,920,1552,0.592784
img/mgf/7/mgf-0720.png,921,1551,0.59381
img/mgf/7/mgf-0721.png,920,1551,0.593166
img/mgf/7/mgf-0722.png,924,1551,0.595745
img/mgf/7/mgf-0723.png,924,1551,0.595745
img/mgf/7/mgf-0724.png,921,1552,0.593428
img/mgf/7/mgf-0725.png,921,1551,0.59381
img/mgf/7/mgf-0726.png,920,1551,0.593166
img/mgf/7/mgf-0727.png,920,1551,0.593166
img/mgf/7/mgf-0728.png,921,1551,0.59381
img/mgf/7/mgf-0729.png,920,1551,0.593166
img/mgf/7/mgf-0730.png,920,1552,0.592784
img/mgf/7/mgf-0731.png,921,1551,0.59381
img/mgf/7/mgf-0732.png,920,1551,0.593166
img/mgf/7/mgf-0733.png,924,1551,0.595745
img/mgf/7/mgf-0734.png,921,1551,0.59381
img/mgf/7/mgf-0735.png,920,1560,0.589744
img/mgf/7/mgf-0736.png,920,1551,0.593166
img/mgf/7/mgf-0737.png,924,1551,0.595745
img/mgf/7/mgf-0738.png,920,1551,0.593166
img/mgf/7/mgf-0739.png,920,1551,0.593166
img/mgf/7/mgf-0740.png,921,1551,0.59381
img/mgf/7/mgf-0741.png,924,1551,0.595745
img/mgf/7/mgf-0742.png,924,1554,0.594595
img/mgf/7/mgf-0743.png,920,1503,0.612109
img/mgf/7/mgf-0744.png,1,1,1
img/mgf/7/mgf-0745.png,920,1556,0.59126
img/mgf/7/mgf-0746.png,925,1551,0.596389
img/mgf/7/mgf-0747.png,924,1552,0.595361
img/mgf/7/mgf-0748.png,921,1552,0.593428
img/mgf/7/mgf-0749.png,924,1551,0.595745
img/mgf/7/mgf-0750.png,920,1552,0.592784
img/mgf/7/mgf-0751.png,924,1551,0.595745
img/mgf/7/mgf-0752.png,924,1552,0.595361
img/mgf/7/mgf-0753.png,925,1551,0.596389
img/mgf/7/mgf-0754.png,921,1551,0.59381
img/mgf/7/mgf-0755.png,920,1552,0.592784
img/mgf/7/mgf-0756.png,921,1551,0.59381
img/mgf/7/mgf-0757.png,924,1553,0.594977
img/mgf/7/mgf-0758.png,920,1552,0.592784
img/mgf/7/mgf-0759.png,920,1555,0.59164
img/mgf/7/mgf-0760.png,1,1,1
img/mgf/7/mgf-0761.png,920,1504,0.611702
img/mgf/7/mgf-0762.png,1,1,1
img/mgf/7/mgf-0763.png,923,1552,0.594716
img/mgf/7/mgf-0764.png,921,1552,0.593428
img/mgf/7/mgf-0765.png,921,1552,0.593428
img/mgf/7/mgf-0766.png,921,1552,0.593428
img/mgf/7/mgf-0767.png,920,1552,0.592784
img/mgf/7/mgf-0768.png,921,1552,0.593428
img/mgf/7/mgf-0769.png,921,1552,0.593428
img/mgf/7/mgf-0770.png,920,1552,0.592784
img/mgf/7/mgf-0771.png,920,1552,0.592784
img/mgf/7/mgf-0772.png,925,1552,0.596005
img/mgf/7/mgf-0773.png,924,1551,0.595745
img/mgf/7/mgf-0774.png,921,1551,0.59381
img/mgf/7/mgf-0775.png,924,1552,0.595361
img/mgf/7/mgf-0776.png,925,1554,0.595238
img/mgf/7/mgf-0777.png,920,1504,0.611702
img/mgf/7/mgf-0778.png,1,1,1
img/mgf/7/mgf-0779.png,920,1546,0.595084
img/mgf/7/mgf-0780.png,920,1550,0.593548
img/mgf/7/mgf-0781.png,920,1551,0.593166
img/mgf/7/mgf-0782.png,921,1545,0.596117
img/mgf/7/mgf-0783.png,920,1544,0.595855
img/mgf/7/mgf-0784.png,920,1552,0.592784
img/mgf/7/mgf-0785.png,920,1556,0.59126
img/mgf/7/mgf-0786.png,921,1547,0.595346
img/mgf/7/mgf-0787.png,920,1556,0.59126
img/mgf/7/mgf-0788.png,920,1556,0.59126
img/mgf/7/mgf-0789.png,921,1556,0.591902
img/mgf/7/mgf-0790.png,921,1556,0.591902
img/mgf/7/mgf-0791.png,921,1540,0.598052
img/mgf/7/mgf-0792.png,921,1552,0.593428
img/mgf/7/mgf-0793.png,921,1550,0.594194
img/mgf/7/mgf-0794.png,920,1547,0.594699
img/mgf/7/mgf-0795.png,923,1547,0.596639
img/mgf/7/mgf-0796.png,920,1553,0.592402
img/mgf/7/mgf-0797.png,920,1504,0.611702
img/mgf/7/mgf-0798.png,1,1,1
img/mgf/7/mgf-0799.png,921,1551,0.59381
img/mgf/8/mgf-0800.png,920,1545,0.595469
img/mgf/8/mgf-0801.png,921,1545,0.596117
img/mgf/8/mgf-0802.png,924,1550,0.596129
img/mgf/8/mgf-0803.png,924,1551,0.595745
img/mgf/8/mgf-0804.png,921,1550,0.594194
img/mgf/8/mgf-0805.png,921,1554,0.592664
img/mgf/8/mgf-0806.png,924,1550,0.596129
img/mgf/8/mgf-0807.png,921,1555,0.592283
img/mgf/8/mgf-0808.png,920,1549,0.593932
img/mgf/8/mgf-0809.png,924,1550,0.596129
img/mgf/8/mgf-0810.png,921,1545,0.596117
img/mgf/8/mgf-0811.png,924,1545,0.598058
img/mgf/8/mgf-0812.png,924,1545,0.598058
img/mgf/8/mgf-0813.png,920,1551,0.593166
img/mgf/8/mgf-0814.png,921,1551,0.59381
img/mgf/8/mgf-0815.png,924,1551,0.595745
img/mgf/8/mgf-0816.png,920,1549,0.593932
img/mgf/8/mgf-0817.png,921,1551,0.59381
img/mgf/8/mgf-0818.png,920,1548,0.594315
img/mgf/8/mgf-0819.png,920,1548,0.594315
img/mgf/8/mgf-0820.png,921,1548,0.594961
img/mgf/8/mgf-0821.png,921,1549,0.594577
img/mgf/8/mgf-0822.png,920,1555,0.59164
img/mgf/8/mgf-0823.png,921,1555,0.592283
img/mgf/8/mgf-0824.png,924,1555,0.594212
img/mgf/8/mgf-0825.png,924,1555,0.594212
img/mgf/8/mgf-0826.png,920,1549,0.593932
img/mgf/8/mgf-0827.png,920,1546,0.595084
img/mgf/8/mgf-0828.png,921,1551,0.59381
img/mgf/8/mgf-0829.png,920,1552,0.592784
img/mgf/8/mgf-0830.png,1,1,1
img/mgf/8/mgf-0831.png,920,1504,0.611702
img/mgf/8/mgf-0832.png,1,1,1
img/mgf/8/mgf-0833.png,920,1543,0.596241
img/mgf/8/mgf-0834.png,920,1552,0.592784
img/mgf/8/mgf-0835.png,920,1552,0.592784
img/mgf/8/mgf-0836.png,920,1559,0.590122
img/mgf/8/mgf-0837.png,920,1551,0.593166
img/mgf/8/mgf-0838.png,921,1556,0.591902
img/mgf/8/mgf-0839.png,920,1552,0.592784
img/mgf/8/mgf-0840.png,924,1547,0.597285
img/mgf/8/mgf-0841.png,924,1542,0.599222
img/mgf/8/mgf-0842.png,924,1548,0.596899
img/mgf/8/mgf-0843.png,920,1549,0.593932
img/mgf/8/mgf-0844.png,1,1,1
img/mgf/8/mgf-0845.png,920,1504,0.611702
img/mgf/8/mgf-0846.png,1,1,1
img/mgf/8/mgf-0847.png,920,1544,0.595855
img/mgf/8/mgf-0848.png,921,1548,0.594961
img/mgf/8/mgf-0849.png,920,1548,0.594315
img/mgf/8/mgf-0850.png,920,1549,0.593932
img/mgf/8/mgf-0851.png,921,1546,0.595731
img/mgf/8/mgf-0852.png,925,1542,0.59987
img/mgf/8/mgf-0853.png,920,1548,0.594315
img/mgf/8/mgf-0854.png,924,1542,0.599222
img/mgf/8/mgf-0855.png,921,1543,0.596889
img/mgf/8/mgf-0856.png,920,1543,0.596241
img/mgf/8/mgf-0857.png,921,1543,0.596889
img/mgf/8/mgf-0858.png,920,1548,0.594315
img/mgf/8/mgf-0859.png,920,1549,0.593932
img/mgf/8/mgf-0860.png,920,1551,0.593166
img/mgf/8/mgf-0861.png,920,1551,0.593166
img/mgf/8/mgf-0862.png,920,1550,0.593548
img/mgf/8/mgf-0863.png,920,1551,0.593166
img/mgf/8/mgf-0864.png,924,1551,0.595745
img/mgf/8/mgf-0865.png,921,1551,0.59381
img/mgf/8/mgf-0866.png,924,1551,0.595745
img/mgf/8/mgf-0867.png,920,1552,0.592784
img/mgf/8/mgf-0868.png,920,1551,0.593166
img/mgf/8/mgf-0869.png,920,1551,0.593166
img/mgf/8/mgf-0870.png,921,1551,0.59381
img/mgf/8/mgf-0871.png,920,1552,0.592784
img/mgf/8/mgf-0872.png,1,1,1
img/mgf/8/mgf-0873.png,920,1504,0.611702
img/mgf/8/mgf-0874.png,1,1,1
img/mgf/8/mgf-0875.png,921,1545,0.596117
img/mgf/8/mgf-0876.png,920,1543,0.596241
img/mgf/8/mgf-0877.png,921,1553,0.593046
img/mgf/8/mgf-0878.png,921,1540,0.598052
img/mgf/8/mgf-0879.png,921,1542,0.597276
img/mgf/8/mgf-0880.png,1,1,1
