img/mht/0/mht-0001.png,1320,1972,0.669371
img/mht/0/mht-0002.png,1420,2142,0.662932
img/mht/0/mht-0003.png,1416,2151,0.658298
img/mht/0/mht-0004.png,1426,2154,0.662024
img/mht/0/mht-0005.png,1432,2140,0.669159
img/mht/0/mht-0006.png,1312,2102,0.624167
img/mht/0/mht-0007.png,1422,2156,0.659555
img/mht/0/mht-0008.png,1428,2134,0.669166
img/mht/0/mht-0009.png,1311,2118,0.61898
img/mht/0/mht-0010.png,1419,2150,0.66
img/mht/0/mht-0011.png,1322,2126,0.621825
img/mht/0/mht-0012.png,1414,2142,0.660131
img/mht/0/mht-0013.png,1436,2154,0.666667
img/mht/0/mht-0014.png,1423,2140,0.664953
img/mht/0/mht-0015.png,1314,2122,0.619227
img/mht/0/mht-0016.png,1314,2120,0.619811
img/mht/0/mht-0017.png,1420,2160,0.657407
img/mht/0/mht-0018.png,1314,2118,0.620397
img/mht/0/mht-0019.png,1420,2154,0.659239
img/mht/0/mht-0020.png,1314,2114,0.62157
img/mht/0/mht-0021.png,1313,2124,0.618173
img/mht/0/mht-0022.png,1418,2140,0.662617
img/mht/0/mht-0023.png,1431,2155,0.664037
img/mht/0/mht-0024.png,1424,884,1.61086
img/mht/0/mht-0025.png,1305,1951,0.668888
img/mht/0/mht-0026.png,1426,2143,0.665422
img/mht/0/mht-0027.png,1308,2121,0.61669
img/mht/0/mht-0028.png,1428,2138,0.667914
img/mht/0/mht-0029.png,1428,2155,0.662645
img/mht/0/mht-0030.png,1424,2133,0.667604
img/mht/0/mht-0031.png,1310,2122,0.617342
img/mht/0/mht-0032.png,1309,2114,0.619205
img/mht/0/mht-0033.png,1420,2134,0.665417
img/mht/0/mht-0034.png,1419,2139,0.663394
img/mht/0/mht-0035.png,1421,2148,0.661546
img/mht/0/mht-0036.png,1426,2131,0.669169
img/mht/0/mht-0037.png,1436,2138,0.671656
img/mht/0/mht-0038.png,1308,2109,0.620199
img/mht/0/mht-0039.png,1309,2114,0.619205
img/mht/0/mht-0040.png,1418,2124,0.667608
img/mht/0/mht-0041.png,1427,2144,0.665578
img/mht/0/mht-0042.png,1309,2116,0.61862
img/mht/0/mht-0043.png,1310,2122,0.617342
img/mht/0/mht-0044.png,1419,2150,0.66
img/mht/0/mht-0045.png,1308,2112,0.619318
img/mht/0/mht-0046.png,1308,2116,0.618147
img/mht/0/mht-0047.png,1312,2118,0.619452
img/mht/0/mht-0048.png,1308,2113,0.619025
img/mht/0/mht-0049.png,1311,2120,0.618396
img/mht/0/mht-0050.png,1316,2108,0.624288
img/mht/0/mht-0051.png,1306,2117,0.616911
img/mht/0/mht-0052.png,1314,2112,0.622159
img/mht/0/mht-0053.png,1416,2153,0.657687
img/mht/0/mht-0054.png,1309,2116,0.61862
img/mht/0/mht-0055.png,1310,2116,0.619093
img/mht/0/mht-0056.png,1316,2102,0.62607
img/mht/0/mht-0057.png,1318,2124,0.620527
img/mht/0/mht-0058.png,1418,2135,0.664169
img/mht/0/mht-0059.png,1312,2117,0.619745
img/mht/0/mht-0060.png,1307,2120,0.616509
img/mht/0/mht-0061.png,1421,2151,0.660623
img/mht/0/mht-0062.png,1320,2112,0.625
img/mht/0/mht-0063.png,1311,2120,0.618396
img/mht/0/mht-0064.png,1416,2130,0.664789
img/mht/0/mht-0065.png,1308,2084,0.627639
img/mht/0/mht-0066.png,1309,1940,0.674742
img/mht/0/mht-0067.png,1310,2114,0.619678
img/mht/0/mht-0068.png,1420,2137,0.664483
img/mht/0/mht-0069.png,1308,2116,0.618147
img/mht/0/mht-0070.png,1308,2110,0.619905
img/mht/0/mht-0071.png,1313,2116,0.62051
img/mht/0/mht-0072.png,1423,2130,0.668075
img/mht/0/mht-0073.png,1422,2144,0.663246
img/mht/0/mht-0074.png,1318,2110,0.624645
img/mht/0/mht-0075.png,1310,2116,0.619093
img/mht/0/mht-0076.png,1300,2052,0.633528
img/mht/0/mht-0077.png,1312,1957,0.670414
img/mht/0/mht-0078.png,1308,2106,0.621083
img/mht/0/mht-0079.png,1418,2150,0.659535
img/mht/0/mht-0080.png,1428,2128,0.671053
img/mht/0/mht-0081.png,1428,2144,0.666045
img/mht/0/mht-0082.png,1418,2131,0.665415
img/mht/0/mht-0083.png,1310,2114,0.619678
img/mht/0/mht-0084.png,1307,2110,0.619431
img/mht/0/mht-0085.png,1427,2154,0.662488
img/mht/0/mht-0086.png,1315,2104,0.625
img/mht/0/mht-0087.png,1312,2118,0.619452
img/mht/0/mht-0088.png,1264,510,2.47843
img/mht/0/mht-0089.png,1304,1964,0.663951
img/mht/0/mht-0090.png,1313,2108,0.622865
img/mht/0/mht-0091.png,1308,2118,0.617564
img/mht/0/mht-0092.png,1420,2134,0.665417
img/mht/0/mht-0093.png,1426,2148,0.663873
img/mht/0/mht-0094.png,1424,2140,0.665421
img/mht/0/mht-0095.png,1423,2141,0.664643
img/mht/0/mht-0096.png,1304,2103,0.620067
img/mht/0/mht-0097.png,1434,2142,0.669468
img/mht/0/mht-0098.png,1304,2104,0.619772
img/mht/0/mht-0099.png,1426,2140,0.666355
img/mht/1/mht-0100.png,1418,2131,0.665415
img/mht/1/mht-0101.png,1308,2112,0.619318
img/mht/1/mht-0102.png,1420,2128,0.667293
img/mht/1/mht-0103.png,1312,2111,0.621506
img/mht/1/mht-0104.png,1416,2134,0.663543
img/mht/1/mht-0105.png,1418,2142,0.661998
img/mht/1/mht-0106.png,1306,2106,0.620133
img/mht/1/mht-0107.png,1423,2144,0.663713
img/mht/1/mht-0108.png,1416,2136,0.662921
img/mht/1/mht-0109.png,1307,2114,0.618259
img/mht/1/mht-0110.png,1404,2136,0.657303
img/mht/1/mht-0111.png,1306,2110,0.618957
img/mht/1/mht-0112.png,1308,2104,0.621673
img/mht/1/mht-0113.png,1309,2116,0.61862
img/mht/1/mht-0114.png,1398,2132,0.655722
img/mht/1/mht-0115.png,1430,2144,0.666978
img/mht/1/mht-0116.png,1422,2138,0.665108
img/mht/1/mht-0117.png,1444,2134,0.676664
img/mht/1/mht-0118.png,1305,2108,0.61907
img/mht/1/mht-0119.png,1305,2110,0.618483
img/mht/1/mht-0120.png,1420,2144,0.662313
img/mht/1/mht-0121.png,1303,2108,0.618121
img/mht/1/mht-0122.png,1412,2133,0.661978
img/mht/1/mht-0123.png,1303,2112,0.616951
img/mht/1/mht-0124.png,1307,2108,0.620019
img/mht/1/mht-0125.png,1316,2114,0.622517
img/mht/1/mht-0126.png,1311,2108,0.621917
img/mht/1/mht-0127.png,1320,2112,0.625
img/mht/1/mht-0128.png,1308,2105,0.621378
img/mht/1/mht-0129.png,1308,2112,0.619318
img/mht/1/mht-0130.png,1418,2121,0.668553
img/mht/1/mht-0131.png,1304,2108,0.618596
img/mht/1/mht-0132.png,1418,2118,0.6695
img/mht/1/mht-0133.png,1318,2116,0.622873
img/mht/1/mht-0134.png,1426,2124,0.671375
img/mht/1/mht-0135.png,1311,2110,0.621327
img/mht/1/mht-0136.png,1398,2125,0.657882
img/mht/1/mht-0137.png,1422,2135,0.666042
img/mht/1/mht-0138.png,1420,2122,0.66918
img/mht/1/mht-0139.png,1309,2104,0.622148
img/mht/1/mht-0140.png,1314,1898,0.692308
img/mht/1/mht-0141.png,1312,1964,0.668024
img/mht/1/mht-0142.png,1430,2135,0.669789
img/mht/1/mht-0143.png,1317,2111,0.623875
img/mht/1/mht-0144.png,1418,2128,0.666353
img/mht/1/mht-0145.png,1312,2110,0.621801
img/mht/1/mht-0146.png,1308,2114,0.618732
img/mht/1/mht-0147.png,1422,2125,0.669176
img/mht/1/mht-0148.png,1307,2106,0.620608
img/mht/1/mht-0149.png,1307,2111,0.619138
img/mht/1/mht-0150.png,1427,2138,0.667446
img/mht/1/mht-0151.png,1306,2117,0.616911
img/mht/1/mht-0152.png,1312,2096,0.625954
img/mht/1/mht-0153.png,1308,2111,0.619612
img/mht/1/mht-0154.png,1430,2128,0.671992
img/mht/1/mht-0155.png,1420,2135,0.665105
img/mht/1/mht-0156.png,1428,2138,0.667914
img/mht/1/mht-0157.png,1428,2142,0.666667
img/mht/1/mht-0158.png,1412,2136,0.661049
img/mht/1/mht-0159.png,1316,2118,0.621341
img/mht/1/mht-0160.png,1422,2128,0.668233
img/mht/1/mht-0161.png,1313,2113,0.621391
img/mht/1/mht-0162.png,1312,2105,0.623278
img/mht/1/mht-0163.png,1303,2108,0.618121
img/mht/1/mht-0164.png,1318,2102,0.627022
img/mht/1/mht-0165.png,1312,2113,0.620918
img/mht/1/mht-0166.png,1419,2134,0.664948
img/mht/1/mht-0167.png,1320,2108,0.626186
img/mht/1/mht-0168.png,1309,2101,0.623037
img/mht/1/mht-0169.png,1310,2113,0.619972
img/mht/1/mht-0170.png,1306,2104,0.620722
img/mht/1/mht-0171.png,1428,2144,0.666045
img/mht/1/mht-0172.png,1420,2134,0.665417
img/mht/1/mht-0173.png,1419,2139,0.663394
img/mht/1/mht-0174.png,1418,2134,0.66448
img/mht/1/mht-0175.png,1417,2140,0.66215
img/mht/1/mht-0176.png,1422,2126,0.668862
img/mht/1/mht-0177.png,1319,2114,0.623936
img/mht/1/mht-0178.png,1422,2138,0.665108
img/mht/1/mht-0179.png,1308,2116,0.618147
img/mht/1/mht-0180.png,1308,2104,0.621673
img/mht/1/mht-0181.png,1428,2126,0.671684
img/mht/1/mht-0182.png,1422,2126,0.668862
img/mht/1/mht-0183.png,1431,2136,0.669944
img/mht/1/mht-0184.png,1312,2106,0.622982
img/mht/1/mht-0185.png,1306,2113,0.618079
img/mht/1/mht-0186.png,1304,2099,0.621248
img/mht/1/mht-0187.png,1318,2110,0.624645
img/mht/1/mht-0188.png,1424,2122,0.671065
img/mht/1/mht-0189.png,1312,2114,0.620624
img/mht/1/mht-0190.png,1310,2110,0.620853
img/mht/1/mht-0191.png,1434,2150,0.666977
img/mht/1/mht-0192.png,1308,2106,0.621083
img/mht/1/mht-0193.png,1426,2127,0.670428
img/mht/1/mht-0194.png,1314,2107,0.623636
img/mht/1/mht-0195.png,1414,2140,0.660748
img/mht/1/mht-0196.png,1417,2124,0.667137
img/mht/1/mht-0197.png,1428,2136,0.668539
img/mht/1/mht-0198.png,1313,2105,0.623753
img/mht/1/mht-0199.png,1334,2118,0.629839
img/mht/2/mht-0200.png,1418,2124,0.667608
img/mht/2/mht-0201.png,1318,2113,0.623758
img/mht/2/mht-0202.png,1418,2120,0.668868
img/mht/2/mht-0203.png,1308,2110,0.619905
img/mht/2/mht-0204.png,1310,2104,0.622624
img/mht/2/mht-0205.png,1312,2112,0.621212
img/mht/2/mht-0206.png,1420,2136,0.664794
img/mht/2/mht-0207.png,1433,2144,0.668377
img/mht/2/mht-0208.png,1310,2104,0.622624
img/mht/2/mht-0209.png,1431,2134,0.670572
img/mht/2/mht-0210.png,1304,2107,0.618889
img/mht/2/mht-0211.png,1424,2136,0.666667
img/mht/2/mht-0212.png,1416,667,2.12294
img/mht/2/mht-0213.png,1312,1973,0.664977
img/mht/2/mht-0214.png,1422,2140,0.664486
img/mht/2/mht-0215.png,1322,2119,0.623879
img/mht/2/mht-0216.png,1422,2130,0.667606
img/mht/2/mht-0217.png,1432,2139,0.669472
img/mht/2/mht-0218.png,1424,2140,0.665421
img/mht/2/mht-0219.png,1434,2146,0.66822
img/mht/2/mht-0220.png,1296,2106,0.615385
img/mht/2/mht-0221.png,1426,2138,0.666978
img/mht/2/mht-0222.png,1420,2130,0.666667
img/mht/2/mht-0223.png,1320,2126,0.620884
img/mht/2/mht-0224.png,1418,2135,0.664169
img/mht/2/mht-0225.png,1429,2156,0.662801
img/mht/2/mht-0226.png,1423,2139,0.665264
img/mht/2/mht-0227.png,1430,2143,0.667289
img/mht/2/mht-0228.png,1313,2116,0.62051
img/mht/2/mht-0229.png,1434,2141,0.66978
img/mht/2/mht-0230.png,1425,2144,0.664646
img/mht/2/mht-0231.png,1320,2119,0.622935
img/mht/2/mht-0232.png,1316,2113,0.622811
img/mht/2/mht-0233.png,1430,2130,0.671362
img/mht/2/mht-0234.png,1421,2131,0.666823
img/mht/2/mht-0235.png,1428,2134,0.669166
img/mht/2/mht-0236.png,1425,2126,0.670273
img/mht/2/mht-0237.png,1435,2142,0.669935
img/mht/2/mht-0238.png,1413,2131,0.663069
img/mht/2/mht-0239.png,1428,2158,0.661724
img/mht/2/mht-0240.png,1422,2138,0.665108
img/mht/2/mht-0241.png,1432,2151,0.665737
img/mht/2/mht-0242.png,1424,2129,0.668859
img/mht/2/mht-0243.png,1435,2152,0.666822
img/mht/2/mht-0244.png,1294,2115,0.61182
img/mht/2/mht-0245.png,1440,2135,0.674473
img/mht/2/mht-0246.png,1424,2130,0.668545
img/mht/2/mht-0247.png,1431,2148,0.666201
img/mht/2/mht-0248.png,1423,2150,0.66186
img/mht/2/mht-0249.png,1424,2147,0.663251
img/mht/2/mht-0250.png,1418,2130,0.665728
img/mht/2/mht-0251.png,1438,2144,0.670709
img/mht/2/mht-0252.png,1424,2136,0.666667
img/mht/2/mht-0253.png,1441,2138,0.673994
img/mht/2/mht-0254.png,1422,2139,0.664797
img/mht/2/mht-0255.png,1427,2140,0.666822
img/mht/2/mht-0256.png,1425,2133,0.668073
img/mht/2/mht-0257.png,1319,2122,0.621583
img/mht/2/mht-0258.png,1427,2129,0.670268
img/mht/2/mht-0259.png,1438,2142,0.671335
img/mht/2/mht-0260.png,1318,2114,0.623463
img/mht/2/mht-0261.png,1426,2147,0.664183
img/mht/2/mht-0262.png,1312,2111,0.621506
img/mht/2/mht-0263.png,1433,2138,0.670253
img/mht/2/mht-0264.png,1418,2143,0.661689
img/mht/2/mht-0265.png,684,778,0.879177
img/mht/2/mht-0266.png,1316,1953,0.673835
img/mht/2/mht-0267.png,1431,2132,0.671201
img/mht/2/mht-0268.png,1320,2116,0.623819
img/mht/2/mht-0269.png,1426,2147,0.664183
img/mht/2/mht-0270.png,1270,2112,0.601326
img/mht/2/mht-0271.png,1431,2140,0.668692
img/mht/2/mht-0272.png,1308,2112,0.619318
img/mht/2/mht-0273.png,1314,2122,0.619227
img/mht/2/mht-0274.png,1425,2140,0.665888
img/mht/2/mht-0275.png,1318,2122,0.621112
img/mht/2/mht-0276.png,1310,2116,0.619093
img/mht/2/mht-0277.png,1425,2150,0.662791
img/mht/2/mht-0278.png,1310,2148,0.60987
img/mht/2/mht-0279.png,1428,2140,0.66729
img/mht/2/mht-0280.png,1320,2116,0.623819
img/mht/2/mht-0281.png,1332,2122,0.62771
img/mht/2/mht-0282.png,1420,2136,0.664794
img/mht/2/mht-0283.png,1426,2152,0.662639
img/mht/2/mht-0284.png,1420,2133,0.665729
img/mht/2/mht-0285.png,1426,2144,0.665112
img/mht/2/mht-0286.png,1420,2137,0.664483
img/mht/2/mht-0287.png,1433,2138,0.670253
img/mht/2/mht-0288.png,1425,2146,0.664026
img/mht/2/mht-0289.png,1434,2142,0.669468
img/mht/2/mht-0290.png,1316,2115,0.622222
img/mht/2/mht-0291.png,1317,2123,0.620349
img/mht/2/mht-0292.png,1312,2114,0.620624
img/mht/2/mht-0293.png,1312,2122,0.618285
img/mht/2/mht-0294.png,1425,2129,0.669328
img/mht/2/mht-0295.png,1424,2142,0.664799
img/mht/2/mht-0296.png,1316,2118,0.621341
img/mht/2/mht-0297.png,1435,2135,0.672131
img/mht/2/mht-0298.png,1429,2130,0.670892
img/mht/2/mht-0299.png,1425,2144,0.664646
img/mht/3/mht-0300.png,1284,2114,0.607379
img/mht/3/mht-0301.png,1318,2118,0.622285
img/mht/3/mht-0302.png,1264,972,1.30041
img/mht/3/mht-0303.png,1320,1960,0.673469
img/mht/3/mht-0304.png,1318,2109,0.624941
img/mht/3/mht-0305.png,1313,2117,0.620217
img/mht/3/mht-0306.png,1428,2148,0.664804
img/mht/3/mht-0307.png,1420,2144,0.662313
img/mht/3/mht-0308.png,1423,2136,0.666199
img/mht/3/mht-0309.png,1438,2148,0.66946
img/mht/3/mht-0310.png,1418,2140,0.662617
img/mht/3/mht-0311.png,1314,2121,0.619519
img/mht/3/mht-0312.png,1424,2141,0.66511
img/mht/3/mht-0313.png,1313,2128,0.617011
img/mht/3/mht-0314.png,1308,2116,0.618147
img/mht/3/mht-0315.png,1432,2113,0.677709
img/mht/3/mht-0316.png,1311,1949,0.672653
img/mht/3/mht-0317.png,1428,2148,0.664804
img/mht/3/mht-0318.png,1314,2107,0.623636
img/mht/3/mht-0319.png,1423,2136,0.666199
img/mht/3/mht-0320.png,1418,2140,0.662617
img/mht/3/mht-0321.png,1422,2136,0.66573
img/mht/3/mht-0322.png,1314,2114,0.62157
img/mht/3/mht-0323.png,1425,2141,0.665577
img/mht/3/mht-0324.png,1432,2137,0.670098
img/mht/3/mht-0325.png,1316,2116,0.621928
img/mht/3/mht-0326.png,1423,2130,0.668075
img/mht/3/mht-0327.png,1430,2142,0.6676
img/mht/3/mht-0328.png,1434,2130,0.673239
img/mht/3/mht-0329.png,1315,2117,0.621162
img/mht/3/mht-0330.png,1432,2138,0.669785
img/mht/3/mht-0331.png,1426,2134,0.668229
img/mht/3/mht-0332.png,1426,2122,0.672008
img/mht/3/mht-0333.png,1316,2120,0.620755
img/mht/3/mht-0334.png,1311,2110,0.621327
img/mht/3/mht-0335.png,1312,2121,0.618576
img/mht/3/mht-0336.png,1320,2116,0.623819
img/mht/3/mht-0337.png,1426,2151,0.662947
img/mht/3/mht-0338.png,1420,2129,0.66698
img/mht/3/mht-0339.png,1427,2150,0.663721
img/mht/3/mht-0340.png,1312,2110,0.621801
img/mht/3/mht-0341.png,1424,2146,0.66356
img/mht/3/mht-0342.png,1424,2136,0.666667
img/mht/3/mht-0343.png,1434,2141,0.66978
img/mht/3/mht-0344.png,1439,2136,0.673689
img/mht/3/mht-0345.png,1433,2146,0.667754
img/mht/3/mht-0346.png,1438,2136,0.673221
img/mht/3/mht-0347.png,1430,2149,0.665426
img/mht/3/mht-0348.png,1418,2145,0.661072
img/mht/3/mht-0349.png,1422,2151,0.661088
img/mht/3/mht-0350.png,1310,2108,0.621442
img/mht/3/mht-0351.png,1314,2118,0.620397
img/mht/3/mht-0352.png,1426,2138,0.666978
img/mht/3/mht-0353.png,1425,2149,0.663099
img/mht/3/mht-0354.png,1434,2153,0.666047
img/mht/3/mht-0355.png,1430,2146,0.666356
img/mht/3/mht-0356.png,1312,2108,0.622391
img/mht/3/mht-0357.png,1427,2140,0.666822
img/mht/3/mht-0358.png,1422,2134,0.666354
img/mht/3/mht-0359.png,1426,2142,0.665733
img/mht/3/mht-0360.png,1431,2132,0.671201
img/mht/3/mht-0361.png,1426,2134,0.668229
img/mht/3/mht-0362.png,1307,2107,0.620313
img/mht/3/mht-0363.png,1312,2056,0.638132
img/mht/3/mht-0364.png,1310,1954,0.67042
img/mht/3/mht-0365.png,1314,2116,0.620983
img/mht/3/mht-0366.png,1422,2129,0.667919
img/mht/3/mht-0367.png,1320,2124,0.621469
img/mht/3/mht-0368.png,1422,2134,0.666354
img/mht/3/mht-0369.png,1315,2118,0.620869
img/mht/3/mht-0370.png,1318,2112,0.624053
img/mht/3/mht-0371.png,1425,2134,0.66776
img/mht/3/mht-0372.png,1410,2130,0.661972
img/mht/3/mht-0373.png,1427,2156,0.661874
img/mht/3/mht-0374.png,1316,2108,0.624288
img/mht/3/mht-0375.png,1310,2118,0.618508
img/mht/3/mht-0376.png,1418,2134,0.66448
img/mht/3/mht-0377.png,1434,2135,0.671663
img/mht/3/mht-0378.png,1416,2132,0.664165
img/mht/3/mht-0379.png,1425,2158,0.660334
img/mht/3/mht-0380.png,1426,2130,0.669484
img/mht/3/mht-0381.png,1311,2115,0.619858
img/mht/3/mht-0382.png,1418,2135,0.664169
img/mht/3/mht-0383.png,1427,2140,0.666822
img/mht/3/mht-0384.png,1420,2144,0.662313
img/mht/3/mht-0385.png,1426,2140,0.666355
img/mht/3/mht-0386.png,1426,2124,0.671375
img/mht/3/mht-0387.png,1429,2138,0.668382
img/mht/3/mht-0388.png,1378,619,2.22617
img/mht/3/mht-0389.png,1309,1964,0.666497
img/mht/3/mht-0390.png,1314,2111,0.622454
img/mht/3/mht-0391.png,1312,2120,0.618868
img/mht/3/mht-0392.png,1424,2135,0.666979
img/mht/3/mht-0393.png,1310,2119,0.618216
img/mht/3/mht-0394.png,1310,2108,0.621442
img/mht/3/mht-0395.png,1314,2115,0.621277
img/mht/3/mht-0396.png,1307,2110,0.619431
img/mht/3/mht-0397.png,1316,2122,0.62017
img/mht/3/mht-0398.png,1422,2129,0.667919
img/mht/3/mht-0399.png,1420,2138,0.664172
img/mht/4/mht-0400.png,1306,2106,0.620133
img/mht/4/mht-0401.png,1420,2148,0.66108
img/mht/4/mht-0402.png,1308,2108,0.620493
img/mht/4/mht-0403.png,1311,2124,0.617232
img/mht/4/mht-0404.png,1418,2127,0.666667
img/mht/4/mht-0405.png,1311,2121,0.618105
img/mht/4/mht-0406.png,1310,2106,0.622032
img/mht/4/mht-0407.png,1424,2153,0.661403
img/mht/4/mht-0408.png,1427,2140,0.666822
img/mht/4/mht-0409.png,1424,2152,0.66171
img/mht/4/mht-0410.png,1312,2112,0.621212
img/mht/4/mht-0411.png,1312,2120,0.618868
img/mht/4/mht-0412.png,1420,2128,0.667293
img/mht/4/mht-0413.png,1316,2118,0.621341
img/mht/4/mht-0414.png,1418,2120,0.668868
img/mht/4/mht-0415.png,1424,2154,0.661096
img/mht/4/mht-0416.png,1306,2117,0.616911
img/mht/4/mht-0417.png,1308,2122,0.6164
img/mht/4/mht-0418.png,1428,2134,0.669166
img/mht/4/mht-0419.png,1310,2121,0.617633
img/mht/4/mht-0420.png,1308,2118,0.617564
img/mht/4/mht-0421.png,1314,2122,0.619227
img/mht/4/mht-0422.png,1425,2137,0.666823
img/mht/4/mht-0423.png,1426,2156,0.66141
img/mht/4/mht-0424.png,1312,2115,0.620331
img/mht/4/mht-0425.png,1316,2120,0.620755
img/mht/4/mht-0426.png,1314,2120,0.619811
img/mht/4/mht-0427.png,1309,2122,0.616871
img/mht/4/mht-0428.png,1427,2131,0.669639
img/mht/4/mht-0429.png,1426,2143,0.665422
img/mht/4/mht-0430.png,1424,2122,0.671065
img/mht/4/mht-0431.png,1426,2135,0.667916
img/mht/4/mht-0432.png,1314,2112,0.622159
img/mht/4/mht-0433.png,1310,2118,0.618508
img/mht/4/mht-0434.png,1434,2135,0.671663
img/mht/4/mht-0435.png,1426,2143,0.665422
img/mht/4/mht-0436.png,1420,2128,0.667293
img/mht/4/mht-0437.png,1422,2136,0.66573
img/mht/4/mht-0438.png,1419,2142,0.662465
img/mht/4/mht-0439.png,1315,2115,0.621749
img/mht/4/mht-0440.png,1425,2123,0.67122
img/mht/4/mht-0441.png,1312,2113,0.620918
img/mht/4/mht-0442.png,1313,2104,0.624049
img/mht/4/mht-0443.png,1424,2142,0.664799
img/mht/4/mht-0444.png,1420,2145,0.662005
img/mht/4/mht-0445.png,1427,2138,0.667446
img/mht/4/mht-0446.png,1308,1475,0.88678
img/mht/4/mht-0447.png,1307,1966,0.664802
img/mht/4/mht-0448.png,1412,2137,0.660739
img/mht/4/mht-0449.png,1426,2146,0.664492
img/mht/4/mht-0450.png,1308,2108,0.620493
img/mht/4/mht-0451.png,1424,2142,0.664799
img/mht/4/mht-0452.png,1281,2112,0.606534
img/mht/4/mht-0453.png,1424,2138,0.666043
img/mht/4/mht-0454.png,1314,2110,0.622749
img/mht/4/mht-0455.png,1430,2140,0.668224
img/mht/4/mht-0456.png,1423,2131,0.667762
img/mht/4/mht-0457.png,1308,2116,0.618147
img/mht/4/mht-0458.png,1426,2126,0.670743
img/mht/4/mht-0459.png,1318,2119,0.621992
img/mht/4/mht-0460.png,1288,2109,0.610716
img/mht/4/mht-0461.png,1310,2116,0.619093
img/mht/4/mht-0462.png,1304,2114,0.61684
img/mht/4/mht-0463.png,1424,2138,0.666043
img/mht/4/mht-0464.png,1310,2112,0.620265
img/mht/4/mht-0465.png,1310,2118,0.618508
img/mht/4/mht-0466.png,1425,2130,0.669014
img/mht/4/mht-0467.png,1424,2140,0.665421
img/mht/4/mht-0468.png,1304,2116,0.616257
img/mht/4/mht-0469.png,1308,2119,0.617272
img/mht/4/mht-0470.png,1292,2110,0.612322
img/mht/4/mht-0471.png,1418,2142,0.661998
img/mht/4/mht-0472.png,1419,2135,0.664637
img/mht/4/mht-0473.png,1311,2126,0.616651
img/mht/4/mht-0474.png,1402,2138,0.655753
img/mht/4/mht-0475.png,1420,2144,0.662313
img/mht/4/mht-0476.png,1422,2140,0.664486
img/mht/4/mht-0477.png,1423,2158,0.659407
img/mht/4/mht-0478.png,1422,2139,0.664797
img/mht/4/mht-0479.png,1420,2153,0.659545
img/mht/4/mht-0480.png,1422,2129,0.667919
img/mht/4/mht-0481.png,1433,2150,0.666512
img/mht/4/mht-0482.png,1421,2138,0.66464
img/mht/4/mht-0483.png,1308,2126,0.61524
img/mht/4/mht-0484.png,1307,2112,0.618845
img/mht/4/mht-0485.png,1427,2137,0.667759
img/mht/4/mht-0486.png,1312,2101,0.624465
img/mht/4/mht-0487.png,1431,2142,0.668067
img/mht/4/mht-0488.png,1426,2134,0.668229
img/mht/4/mht-0489.png,1424,2153,0.661403
img/mht/4/mht-0490.png,1423,2129,0.668389
img/mht/4/mht-0491.png,1310,2118,0.618508
img/mht/4/mht-0492.png,1418,2132,0.665103
img/mht/4/mht-0493.png,1429,2145,0.6662
img/mht/4/mht-0494.png,1416,715,1.98042
img/mht/4/mht-0495.png,1304,1946,0.670092
img/mht/4/mht-0496.png,1414,2120,0.666981
img/mht/4/mht-0497.png,1306,2102,0.621313
img/mht/4/mht-0498.png,1418,2112,0.671402
img/mht/4/mht-0499.png,1302,2107,0.61794
img/mht/5/mht-0500.png,1301,2100,0.619524
img/mht/5/mht-0501.png,1306,2104,0.620722
img/mht/5/mht-0502.png,1311,2102,0.623692
img/mht/5/mht-0503.png,1414,2132,0.663227
img/mht/5/mht-0504.png,1310,2115,0.619385
img/mht/5/mht-0505.png,1304,2103,0.620067
img/mht/5/mht-0506.png,1422,2126,0.668862
img/mht/5/mht-0507.png,1420,2124,0.66855
img/mht/5/mht-0508.png,1414,2124,0.665725
img/mht/5/mht-0509.png,1418,2126,0.66698
img/mht/5/mht-0510.png,1440,2110,0.682464
img/mht/5/mht-0511.png,1419,2138,0.663704
img/mht/5/mht-0512.png,1419,2120,0.66934
img/mht/5/mht-0513.png,1430,2137,0.669162
img/mht/5/mht-0514.png,1419,2127,0.667137
img/mht/5/mht-0515.png,1414,2141,0.660439
img/mht/5/mht-0516.png,1302,2104,0.618821
img/mht/5/mht-0517.png,1302,2105,0.618527
img/mht/5/mht-0518.png,1298,2100,0.618095
img/mht/5/mht-0519.png,1300,2106,0.617284
img/mht/5/mht-0520.png,1280,2099,0.609814
img/mht/5/mht-0521.png,1310,2112,0.620265
img/mht/5/mht-0522.png,1286,2100,0.612381
img/mht/5/mht-0523.png,1308,2104,0.621673
img/mht/5/mht-0524.png,1308,2096,0.624046
img/mht/5/mht-0525.png,1418,2132,0.665103
img/mht/5/mht-0526.png,1436,2113,0.679602
img/mht/5/mht-0527.png,1296,1713,0.756567
img/mht/5/mht-0528.png,1308,1946,0.672148
img/mht/5/mht-0529.png,1307,2111,0.619138
img/mht/5/mht-0530.png,1417,2133,0.664323
img/mht/5/mht-0531.png,1414,2123,0.666039
img/mht/5/mht-0532.png,1417,2114,0.670293
img/mht/5/mht-0533.png,1424,2135,0.666979
img/mht/5/mht-0534.png,1416,2120,0.667925
img/mht/5/mht-0535.png,1416,2128,0.665414
img/mht/5/mht-0536.png,1305,2100,0.621429
img/mht/5/mht-0537.png,1307,2114,0.618259
img/mht/5/mht-0538.png,1412,2128,0.663534
img/mht/5/mht-0539.png,1410,2130,0.661972
img/mht/5/mht-0540.png,1306,2110,0.618957
img/mht/5/mht-0541.png,1412,2133,0.661978
img/mht/5/mht-0542.png,1278,1502,0.850866
img/mht/5/mht-0543.png,1304,1948,0.669405
img/mht/5/mht-0544.png,1415,2132,0.663696
img/mht/5/mht-0545.png,1420,2136,0.664794
img/mht/5/mht-0546.png,1417,2130,0.665258
img/mht/5/mht-0547.png,1302,2110,0.617062
img/mht/5/mht-0548.png,1384,2140,0.646729
img/mht/5/mht-0549.png,1412,2142,0.659197
img/mht/5/mht-0550.png,1303,2101,0.620181
img/mht/5/mht-0551.png,1422,2133,0.666667
img/mht/5/mht-0552.png,1410,2126,0.663217
img/mht/5/mht-0553.png,1298,2106,0.616334
img/mht/5/mht-0554.png,1388,2118,0.655335
img/mht/5/mht-0555.png,1410,2126,0.663217
img/mht/5/mht-0556.png,1406,2129,0.660404
img/mht/5/mht-0557.png,1412,2133,0.661978
img/mht/5/mht-0558.png,1409,2116,0.665879
img/mht/5/mht-0559.png,1419,2139,0.663394
img/mht/5/mht-0560.png,1302,2096,0.621183
img/mht/5/mht-0561.png,1412,2142,0.659197
img/mht/5/mht-0562.png,1418,2125,0.667294
img/mht/5/mht-0563.png,1408,1342,1.04918
img/mht/5/mht-0564.png,1340,1961,0.683325
img/mht/5/mht-0565.png,1412,2136,0.661049
img/mht/5/mht-0566.png,1300,2098,0.619638
img/mht/5/mht-0567.png,1427,2126,0.671214
img/mht/5/mht-0568.png,1418,2126,0.66698
img/mht/5/mht-0569.png,1301,1178,1.10441
img/mht/5/mht-0570.png,1284,1945,0.660154
img/mht/5/mht-0571.png,1415,2118,0.668083
img/mht/5/mht-0572.png,1303,2104,0.619297
img/mht/5/mht-0573.png,1308,2110,0.619905
img/mht/5/mht-0574.png,1305,2106,0.619658
img/mht/5/mht-0575.png,1412,2126,0.664158
img/mht/5/mht-0576.png,1410,2129,0.662283
img/mht/5/mht-0577.png,1301,2108,0.617173
img/mht/5/mht-0578.png,1392,2117,0.657534
img/mht/5/mht-0579.png,1300,2103,0.618165
img/mht/5/mht-0580.png,1399,2124,0.658663
img/mht/5/mht-0581.png,1413,2138,0.660898
img/mht/5/mht-0582.png,1416,2116,0.669187
img/mht/5/mht-0583.png,1412,2130,0.662911
img/mht/5/mht-0584.png,1376,2137,0.643893
img/mht/5/mht-0585.png,1412,2138,0.66043
img/mht/5/mht-0586.png,1412,2120,0.666038
img/mht/5/mht-0587.png,1414,2130,0.66385
img/mht/5/mht-0588.png,1412,2118,0.666667
img/mht/5/mht-0589.png,1415,2124,0.666196
img/mht/5/mht-0590.png,1418,2115,0.670449
img/mht/5/mht-0591.png,1412,2142,0.659197
img/mht/5/mht-0592.png,1427,2129,0.670268
img/mht/5/mht-0593.png,1411,2122,0.664939
img/mht/5/mht-0594.png,1409,2116,0.665879
img/mht/5/mht-0595.png,1414,2140,0.660748
img/mht/5/mht-0596.png,1414,2116,0.668242
img/mht/5/mht-0597.png,1409,2123,0.663683
img/mht/5/mht-0598.png,1304,2096,0.622137
img/mht/5/mht-0599.png,1419,2126,0.667451
img/mht/6/mht-0600.png,1298,2098,0.618684
img/mht/6/mht-0601.png,1424,2134,0.667291
img/mht/6/mht-0602.png,1421,2124,0.669021
img/mht/6/mht-0603.png,1310,2108,0.621442
img/mht/6/mht-0604.png,1428,2116,0.674858
img/mht/6/mht-0605.png,1420,2125,0.668235
img/mht/6/mht-0606.png,1404,2122,0.66164
img/mht/6/mht-0607.png,1304,2108,0.618596
img/mht/6/mht-0608.png,1410,2117,0.666037
img/mht/6/mht-0609.png,1302,2109,0.617354
img/mht/6/mht-0610.png,1408,2114,0.666036
img/mht/6/mht-0611.png,1410,2136,0.660112
img/mht/6/mht-0612.png,1299,2108,0.616224
img/mht/6/mht-0613.png,1409,2132,0.660882
img/mht/6/mht-0614.png,1306,2098,0.622498
img/mht/6/mht-0615.png,1298,2109,0.615458
img/mht/6/mht-0616.png,1417,2115,0.669976
img/mht/6/mht-0617.png,1302,2104,0.618821
img/mht/6/mht-0618.png,1300,2098,0.619638
img/mht/6/mht-0619.png,1301,2105,0.618052
img/mht/6/mht-0620.png,1302,2096,0.621183
img/mht/6/mht-0621.png,1410,2134,0.660731
img/mht/6/mht-0622.png,1414,2122,0.666352
img/mht/6/mht-0623.png,1413,2133,0.662447
img/mht/6/mht-0624.png,1412,2122,0.66541
img/mht/6/mht-0625.png,1410,2134,0.660731
img/mht/6/mht-0626.png,1410,2128,0.662594
img/mht/6/mht-0627.png,1411,2127,0.663376
img/mht/6/mht-0628.png,1304,2102,0.620362
img/mht/6/mht-0629.png,1304,2108,0.618596
img/mht/6/mht-0630.png,1304,2100,0.620952
img/mht/6/mht-0631.png,1412,2132,0.662289
img/mht/6/mht-0632.png,1307,2098,0.622974
img/mht/6/mht-0633.png,1302,2102,0.61941
img/mht/6/mht-0634.png,1396,2123,0.65756
img/mht/6/mht-0635.png,1415,2120,0.667453
img/mht/6/mht-0636.png,1310,2101,0.623513
img/mht/6/mht-0637.png,1416,2123,0.666981
img/mht/6/mht-0638.png,1388,2118,0.655335
img/mht/6/mht-0639.png,1412,2123,0.665097
img/mht/6/mht-0640.png,1290,2102,0.613701
img/mht/6/mht-0641.png,1414,2120,0.666981
img/mht/6/mht-0642.png,1302,2092,0.622371
img/mht/6/mht-0643.png,1413,2123,0.665568
img/mht/6/mht-0644.png,1304,2091,0.623625
img/mht/6/mht-0645.png,1415,2123,0.66651
img/mht/6/mht-0646.png,1404,2112,0.664773
img/mht/6/mht-0647.png,1415,2120,0.667453
img/mht/6/mht-0648.png,1412,2114,0.667928
img/mht/6/mht-0649.png,1413,2113,0.668717
img/mht/6/mht-0650.png,1282,1940,0.660825
img/mht/6/mht-0651.png,1416,2121,0.66761
img/mht/6/mht-0652.png,1298,2098,0.618684
img/mht/6/mht-0653.png,1412,2128,0.663534
img/mht/6/mht-0654.png,1300,2095,0.620525
img/mht/6/mht-0655.png,1413,2123,0.665568
img/mht/6/mht-0656.png,1294,2094,0.617956
img/mht/6/mht-0657.png,1305,2103,0.620542
img/mht/6/mht-0658.png,1298,2106,0.616334
img/mht/6/mht-0659.png,1412,2128,0.663534
img/mht/6/mht-0660.png,1410,2112,0.667614
img/mht/6/mht-0661.png,1418,2123,0.667923
img/mht/6/mht-0662.png,1396,2113,0.660672
img/mht/6/mht-0663.png,1303,2109,0.617828
img/mht/6/mht-0664.png,1412,2108,0.669829
img/mht/6/mht-0665.png,1303,2100,0.620476
img/mht/6/mht-0666.png,1392,2123,0.655676
img/mht/6/mht-0667.png,1410,2129,0.662283
img/mht/6/mht-0668.png,1300,2090,0.62201
img/mht/6/mht-0669.png,1417,2121,0.668081
img/mht/6/mht-0670.png,1299,2090,0.621531
img/mht/6/mht-0671.png,1412,2123,0.665097
img/mht/6/mht-0672.png,1394,2117,0.658479
img/mht/6/mht-0673.png,1410,1000,1.41
img/mht/6/mht-0674.png,1296,1942,0.667353
img/mht/6/mht-0675.png,1409,2136,0.659644
img/mht/6/mht-0676.png,1280,2099,0.609814
img/mht/6/mht-0677.png,1410,2139,0.659187
img/mht/6/mht-0678.png,1418,2119,0.669184
img/mht/6/mht-0679.png,1298,2107,0.616042
img/mht/6/mht-0680.png,1282,2094,0.612225
img/mht/6/mht-0681.png,1409,2136,0.659644
img/mht/6/mht-0682.png,1413,2122,0.665881
img/mht/6/mht-0683.png,1411,2120,0.665566
img/mht/6/mht-0684.png,1302,2096,0.621183
img/mht/6/mht-0685.png,1412,2130,0.662911
img/mht/6/mht-0686.png,1298,2100,0.618095
img/mht/6/mht-0687.png,1418,2129,0.66604
img/mht/6/mht-0688.png,1403,2118,0.662417
img/mht/6/mht-0689.png,1306,2105,0.620428
img/mht/6/mht-0690.png,1276,2092,0.609943
img/mht/6/mht-0691.png,1298,2102,0.617507
img/mht/6/mht-0692.png,1302,2098,0.620591
img/mht/6/mht-0693.png,1427,2132,0.669325
img/mht/6/mht-0694.png,1296,2090,0.620096
img/mht/6/mht-0695.png,1298,2099,0.61839
img/mht/6/mht-0696.png,1405,2118,0.663362
img/mht/6/mht-0697.png,1410,2129,0.662283
img/mht/6/mht-0698.png,1384,2113,0.654993
img/mht/6/mht-0699.png,1404,2126,0.660395
img/mht/7/mht-0700.png,1303,2095,0.621957
img/mht/7/mht-0701.png,1296,2104,0.61597
img/mht/7/mht-0702.png,1411,2115,0.667139
img/mht/7/mht-0703.png,1298,2106,0.616334
img/mht/7/mht-0704.png,1298,2092,0.620459
img/mht/7/mht-0705.png,1423,2116,0.672495
img/mht/7/mht-0706.png,1294,2092,0.618547
img/mht/7/mht-0707.png,1298,2098,0.618684
img/mht/7/mht-0708.png,1408,2129,0.661343
img/mht/7/mht-0709.png,1297,1811,0.716179
img/mht/7/mht-0710.png,1302,1941,0.670788
img/mht/7/mht-0711.png,1410,2131,0.661661
img/mht/7/mht-0712.png,1300,2090,0.62201
img/mht/7/mht-0713.png,1411,2126,0.663688
img/mht/7/mht-0714.png,1412,2111,0.668877
img/mht/7/mht-0715.png,1412,2132,0.662289
img/mht/7/mht-0716.png,1382,2112,0.654356
img/mht/7/mht-0717.png,1406,2133,0.659165
img/mht/7/mht-0718.png,1289,2097,0.614688
img/mht/7/mht-0719.png,1300,2098,0.619638
img/mht/7/mht-0720.png,1285,2095,0.613365
img/mht/7/mht-0721.png,1407,2136,0.658708
img/mht/7/mht-0722.png,1300,2099,0.619343
img/mht/7/mht-0723.png,1425,2120,0.67217
img/mht/7/mht-0724.png,1410,2113,0.667298
img/mht/7/mht-0725.png,1304,2101,0.620657
img/mht/7/mht-0726.png,1290,2094,0.616046
img/mht/7/mht-0727.png,1412,2127,0.663846
img/mht/7/mht-0728.png,1417,2118,0.669027
img/mht/7/mht-0729.png,1424,2122,0.671065
img/mht/7/mht-0730.png,1412,2116,0.667297
img/mht/7/mht-0731.png,1300,2099,0.619343
img/mht/7/mht-0732.png,1413,2112,0.669034
img/mht/7/mht-0733.png,1409,2141,0.658104
img/mht/7/mht-0734.png,1388,2113,0.656886
img/mht/7/mht-0735.png,1300,2103,0.618165
img/mht/7/mht-0736.png,1300,2095,0.620525
img/mht/7/mht-0737.png,1410,2120,0.665094
img/mht/7/mht-0738.png,1272,2092,0.608031
img/mht/7/mht-0739.png,1301,2094,0.621299
img/mht/7/mht-0740.png,1306,2095,0.623389
img/mht/7/mht-0741.png,1420,2127,0.667607
img/mht/7/mht-0742.png,1392,2112,0.659091
img/mht/7/mht-0743.png,1410,2127,0.662906
img/mht/7/mht-0744.png,1310,2092,0.626195
img/mht/7/mht-0745.png,1301,2100,0.619524
img/mht/7/mht-0746.png,1409,2131,0.661192
img/mht/7/mht-0747.png,1414,2118,0.667611
img/mht/7/mht-0748.png,1416,2106,0.672365
img/mht/7/mht-0749.png,1412,2124,0.664783
img/mht/7/mht-0750.png,1296,2098,0.617731
img/mht/7/mht-0751.png,1304,2100,0.620952
img/mht/7/mht-0752.png,1406,2113,0.665405
img/mht/7/mht-0753.png,1301,2104,0.618346
img/mht/7/mht-0754.png,1407,2120,0.663679
img/mht/7/mht-0755.png,1300,2099,0.619343
img/mht/7/mht-0756.png,1410,2104,0.670152
img/mht/7/mht-0757.png,1419,2119,0.669655
img/mht/7/mht-0758.png,1282,2092,0.612811
img/mht/7/mht-0759.png,1301,2101,0.619229
img/mht/7/mht-0760.png,1290,2090,0.617225
img/mht/7/mht-0761.png,1298,2098,0.618684
img/mht/7/mht-0762.png,1410,2106,0.669516
img/mht/7/mht-0763.png,1410,2120,0.665094
img/mht/7/mht-0764.png,1408,2114,0.666036
img/mht/7/mht-0765.png,1293,2096,0.616889
img/mht/7/mht-0766.png,1276,1352,0.943787
img/mht/7/mht-0767.png,1294,1958,0.660878
img/mht/7/mht-0768.png,1276,2093,0.609651
img/mht/7/mht-0769.png,1294,2098,0.616778
img/mht/7/mht-0770.png,1406,2115,0.664775
img/mht/7/mht-0771.png,1302,2106,0.618234
img/mht/7/mht-0772.png,1404,2131,0.658846
img/mht/7/mht-0773.png,1414,2118,0.667611
img/mht/7/mht-0774.png,1410,2112,0.667614
img/mht/7/mht-0775.png,1410,2130,0.661972
img/mht/7/mht-0776.png,1419,2130,0.666197
img/mht/7/mht-0777.png,1408,2134,0.659794
img/mht/7/mht-0778.png,1385,2119,0.65361
img/mht/7/mht-0779.png,1305,2102,0.620837
img/mht/7/mht-0780.png,1312,2100,0.624762
img/mht/7/mht-0781.png,1421,2131,0.666823
img/mht/7/mht-0782.png,1414,2114,0.668874
img/mht/7/mht-0783.png,1415,2129,0.664631
img/mht/7/mht-0784.png,1410,2112,0.667614
img/mht/7/mht-0785.png,1410,2133,0.661041
img/mht/7/mht-0786.png,1414,2122,0.666352
img/mht/7/mht-0787.png,1410,2123,0.664154
img/mht/7/mht-0788.png,1408,2116,0.665406
img/mht/7/mht-0789.png,1417,2130,0.665258
img/mht/7/mht-0790.png,1410,2120,0.665094
img/mht/7/mht-0791.png,1407,2127,0.661495
img/mht/7/mht-0792.png,1306,2096,0.623092
img/mht/7/mht-0793.png,1292,2106,0.613485
img/mht/7/mht-0794.png,1298,2098,0.618684
img/mht/7/mht-0795.png,1407,2132,0.659944
img/mht/7/mht-0796.png,1299,2099,0.618866
img/mht/7/mht-0797.png,1408,2130,0.661033
img/mht/7/mht-0798.png,1405,2124,0.661488
img/mht/7/mht-0799.png,1410,2126,0.663217
img/mht/8/mht-0800.png,1382,2120,0.651887
img/mht/8/mht-0801.png,1297,1108,1.17058
img/mht/8/mht-0802.png,1305,1938,0.673375
img/mht/8/mht-0803.png,1295,2102,0.61608
img/mht/8/mht-0804.png,1296,2098,0.617731
img/mht/8/mht-0805.png,1306,2109,0.619251
img/mht/8/mht-0806.png,1300,2094,0.620821
img/mht/8/mht-0807.png,1299,2102,0.617983
img/mht/8/mht-0808.png,1415,2119,0.667768
img/mht/8/mht-0809.png,1300,2101,0.618753
img/mht/8/mht-0810.png,1297,2090,0.620574
img/mht/8/mht-0811.png,1412,2143,0.658889
img/mht/8/mht-0812.png,1406,2114,0.66509
img/mht/8/mht-0813.png,1414,2124,0.665725
img/mht/8/mht-0814.png,1302,2092,0.622371
img/mht/8/mht-0815.png,1414,2126,0.665099
img/mht/8/mht-0816.png,1414,2112,0.669508
img/mht/8/mht-0817.png,1302,2107,0.61794
img/mht/8/mht-0818.png,1388,2123,0.653792
img/mht/8/mht-0819.png,1300,2102,0.618459
img/mht/8/mht-0820.png,1412,2133,0.661978
img/mht/8/mht-0821.png,1304,2098,0.621544
img/mht/8/mht-0822.png,1388,2117,0.655645
img/mht/8/mht-0823.png,1420,2130,0.666667
img/mht/8/mht-0824.png,1390,2123,0.654734
img/mht/8/mht-0825.png,1299,2101,0.618277
img/mht/8/mht-0826.png,1416,2115,0.669504
img/mht/8/mht-0827.png,1414,2130,0.66385
img/mht/8/mht-0828.png,1418,2119,0.669184
img/mht/8/mht-0829.png,1296,2100,0.617143
img/mht/8/mht-0830.png,1308,2103,0.621969
img/mht/8/mht-0831.png,1410,2129,0.662283
img/mht/8/mht-0832.png,1406,2132,0.659475
img/mht/8/mht-0833.png,1298,2104,0.61692
img/mht/8/mht-0834.png,1411,1636,0.862469
img/mht/8/mht-0835.png,1299,1952,0.665471
img/mht/8/mht-0836.png,1409,2130,0.661502
img/mht/8/mht-0837.png,1412,2110,0.669194
img/mht/8/mht-0838.png,1415,2107,0.671571
img/mht/8/mht-0839.png,1411,2130,0.662441
img/mht/8/mht-0840.png,1410,2116,0.666352
img/mht/8/mht-0841.png,1414,2122,0.666352
img/mht/8/mht-0842.png,1299,2094,0.620344
img/mht/8/mht-0843.png,1302,2102,0.61941
img/mht/8/mht-0844.png,1300,2096,0.620229
img/mht/8/mht-0845.png,1298,2104,0.61692
img/mht/8/mht-0846.png,1264,2093,0.603918
img/mht/8/mht-0847.png,1410,2122,0.664467
img/mht/8/mht-0848.png,1274,2088,0.610153
img/mht/8/mht-0849.png,1304,2104,0.619772
img/mht/8/mht-0850.png,1294,2092,0.618547
img/mht/8/mht-0851.png,1300,2100,0.619048
img/mht/8/mht-0852.png,1278,2091,0.611191
img/mht/8/mht-0853.png,1298,2097,0.618979
img/mht/8/mht-0854.png,1292,2094,0.617001
img/mht/8/mht-0855.png,1296,2101,0.616849
img/mht/8/mht-0856.png,1408,2103,0.66952
img/mht/8/mht-0857.png,1301,2100,0.619524
img/mht/8/mht-0858.png,1296,2114,0.613056
img/mht/8/mht-0859.png,1412,2143,0.658889
img/mht/8/mht-0860.png,1278,2092,0.610899
img/mht/8/mht-0861.png,1300,2100,0.619048
img/mht/8/mht-0862.png,1390,2115,0.65721
img/mht/8/mht-0863.png,1416,2130,0.664789
img/mht/8/mht-0864.png,1412,2114,0.667928
img/mht/8/mht-0865.png,1303,2104,0.619297
img/mht/8/mht-0866.png,1308,2102,0.622265
img/mht/8/mht-0867.png,1415,2123,0.66651
img/mht/8/mht-0868.png,1410,2099,0.671748
img/mht/8/mht-0869.png,1304,2105,0.619477
img/mht/8/mht-0870.png,1414,2108,0.670778
img/mht/8/mht-0871.png,1310,2105,0.622328
img/mht/8/mht-0872.png,1414,775,1.82452
img/mht/8/mht-0873.png,1301,1944,0.669239
img/mht/8/mht-0874.png,1392,2122,0.655985
img/mht/8/mht-0875.png,1416,2126,0.66604
img/mht/8/mht-0876.png,1260,2094,0.601719
img/mht/8/mht-0877.png,1298,2109,0.615458
img/mht/8/mht-0878.png,1408,2107,0.668249
img/mht/8/mht-0879.png,1408,2135,0.659485
img/mht/8/mht-0880.png,1302,2099,0.620295
img/mht/8/mht-0881.png,1300,2104,0.617871
img/mht/8/mht-0882.png,1405,2134,0.658388
img/mht/8/mht-0883.png,1302,2109,0.617354
img/mht/8/mht-0884.png,1415,2113,0.669664
img/mht/8/mht-0885.png,1301,2104,0.618346
img/mht/8/mht-0886.png,1417,2116,0.66966
img/mht/8/mht-0887.png,1420,2125,0.668235
img/mht/8/mht-0888.png,1421,2122,0.669651
img/mht/8/mht-0889.png,1415,2130,0.664319
img/mht/8/mht-0890.png,1300,2096,0.620229
img/mht/8/mht-0891.png,1305,2102,0.620837
img/mht/8/mht-0892.png,1407,2118,0.664306
img/mht/8/mht-0893.png,1412,2125,0.664471
img/mht/8/mht-0894.png,1298,2112,0.614583
img/mht/8/mht-0895.png,1299,2104,0.617395
img/mht/8/mht-0896.png,1408,2120,0.664151
img/mht/8/mht-0897.png,1297,2103,0.616738
img/mht/8/mht-0898.png,1409,2120,0.664623
img/mht/8/mht-0899.png,1296,2098,0.617731
img/mht/9/mht-0900.png,1297,2098,0.618208
img/mht/9/mht-0901.png,1413,2138,0.660898
img/mht/9/mht-0902.png,1299,2091,0.621234
img/mht/9/mht-0903.png,1295,2103,0.615787
img/mht/9/mht-0904.png,1407,2116,0.664934
img/mht/9/mht-0905.png,1410,2126,0.663217
img/mht/9/mht-0906.png,1299,2097,0.619456
img/mht/9/mht-0907.png,1298,2107,0.616042
img/mht/9/mht-0908.png,1297,2096,0.618798
img/mht/9/mht-0909.png,1414,2123,0.666039
img/mht/9/mht-0910.png,1418,2114,0.670766
img/mht/9/mht-0911.png,1413,2128,0.664004
img/mht/9/mht-0912.png,1408,2120,0.664151
img/mht/9/mht-0913.png,1300,2100,0.619048
img/mht/9/mht-0914.png,1414,2114,0.668874
img/mht/9/mht-0915.png,1298,2103,0.617214
img/mht/9/mht-0916.png,1298,2095,0.61957
img/mht/9/mht-0917.png,1301,2099,0.619819
img/mht/9/mht-0918.png,1293,2093,0.617774
img/mht/9/mht-0919.png,1297,2102,0.617031
img/mht/9/mht-0920.png,1302,2090,0.622967
img/mht/9/mht-0921.png,1296,2102,0.616556
img/mht/9/mht-0922.png,1409,2117,0.665564
img/mht/9/mht-0923.png,1410,2127,0.662906
img/mht/9/mht-0924.png,1415,2113,0.669664
img/mht/9/mht-0925.png,1413,2134,0.662137
img/mht/9/mht-0926.png,1302,1768,0.736425
img/mht/9/mht-0927.png,1300,1945,0.66838
img/mht/9/mht-0928.png,1415,2105,0.672209
img/mht/9/mht-0929.png,1306,2098,0.622498
img/mht/9/mht-0930.png,1412,2118,0.666667
img/mht/9/mht-0931.png,1423,2121,0.67091
img/mht/9/mht-0932.png,1414,2120,0.666981
img/mht/9/mht-0933.png,1300,2113,0.615239
img/mht/9/mht-0934.png,1414,2119,0.667296
img/mht/9/mht-0935.png,1306,2104,0.620722
img/mht/9/mht-0936.png,1414,2113,0.669191
img/mht/9/mht-0937.png,1417,2132,0.664634
img/mht/9/mht-0938.png,1388,2111,0.657508
img/mht/9/mht-0939.png,1415,2130,0.664319
img/mht/9/mht-0940.png,1415,2112,0.669981
img/mht/9/mht-0941.png,1414,2130,0.66385
img/mht/9/mht-0942.png,1306,2096,0.623092
img/mht/9/mht-0943.png,1303,2104,0.619297
img/mht/9/mht-0944.png,1421,2098,0.677312
img/mht/9/mht-0945.png,1306,2103,0.621018
img/mht/9/mht-0946.png,1415,2104,0.672529
img/mht/9/mht-0947.png,1414,2119,0.667296
img/mht/9/mht-0948.png,1414,2106,0.671415
img/mht/9/mht-0949.png,1302,2106,0.618234
img/mht/9/mht-0950.png,1305,2098,0.622021
img/mht/9/mht-0951.png,1303,2101,0.620181
img/mht/9/mht-0952.png,1417,939,1.50905
img/mht/9/mht-0953.png,1304,1942,0.671473
img/mht/9/mht-0954.png,1412,2132,0.662289
img/mht/9/mht-0955.png,1412,2126,0.664158
img/mht/9/mht-0956.png,1416,2116,0.669187
img/mht/9/mht-0957.png,1415,2134,0.663074
img/mht/9/mht-0958.png,1410,2113,0.667298
img/mht/9/mht-0959.png,1428,2120,0.673585
img/mht/9/mht-0960.png,1306,2098,0.622498
img/mht/9/mht-0961.png,1413,2134,0.662137
img/mht/9/mht-0962.png,1424,2117,0.67265
img/mht/9/mht-0963.png,1420,2127,0.667607
img/mht/9/mht-0964.png,1416,2133,0.663854
img/mht/9/mht-0965.png,1414,2132,0.663227
img/mht/9/mht-0966.png,1420,2136,0.664794
img/mht/9/mht-0967.png,1427,2134,0.668697
img/mht/9/mht-0968.png,1414,2121,0.666667
img/mht/9/mht-0969.png,1410,2136,0.660112
img/mht/9/mht-0970.png,1400,2120,0.660377
img/mht/9/mht-0971.png,1418,2131,0.665415
img/mht/9/mht-0972.png,1417,2107,0.67252
img/mht/9/mht-0973.png,1423,2136,0.666199
img/mht/9/mht-0974.png,1425,2127,0.669958
img/mht/9/mht-0975.png,1410,2130,0.661972
img/mht/9/mht-0976.png,1418,2115,0.670449
img/mht/9/mht-0977.png,1413,2133,0.662447
img/mht/9/mht-0978.png,1431,2119,0.675319
img/mht/9/mht-0979.png,1318,2112,0.624053
img/mht/9/mht-0980.png,1414,2136,0.661985
img/mht/9/mht-0981.png,1414,2143,0.659823
img/mht/9/mht-0982.png,1304,2098,0.621544
img/mht/9/mht-0983.png,1308,2102,0.622265
img/mht/9/mht-0984.png,1310,1938,0.675955
img/mht/9/mht-0985.png,1410,2140,0.658879
img/mht/9/mht-0986.png,1419,2121,0.669024
img/mht/9/mht-0987.png,1414,2124,0.665725
img/mht/9/mht-0988.png,1426,1662,0.858002
