img/sg/0/sg-0000.png,1000,1601,0.62461
img/sg/0/sg-0001.png,1000,1973,0.506842
img/sg/0/sg-0002.png,1000,1641,0.609385
img/sg/0/sg-0003.png,1000,1606,0.622665
img/sg/0/sg-0004.png,1000,1660,0.60241
img/sg/0/sg-0005.png,1000,1070,0.934579
img/sg/0/sg-0006.png,1000,1277,0.783085
img/sg/0/sg-0007.png,1000,1663,0.601323
img/sg/0/sg-0008.png,1000,1651,0.605694
img/sg/0/sg-0009.png,1000,1657,0.6035
img/sg/0/sg-0010.png,1000,1669,0.599161
img/sg/0/sg-0011.png,1000,1646,0.607533
img/sg/0/sg-0012.png,1000,1653,0.604961
img/sg/0/sg-0013.png,1000,1633,0.61237
img/sg/0/sg-0014.png,1000,1671,0.598444
img/sg/0/sg-0015.png,1000,1652,0.605327
img/sg/0/sg-0016.png,1000,1665,0.600601
img/sg/0/sg-0017.png,1000,1122,0.891266
img/sg/0/sg-0018.png,1000,1678,0.595948
img/sg/0/sg-0019.png,1000,1272,0.786164
img/sg/0/sg-0020.png,1000,1493,0.669792
img/sg/0/sg-0021.png,1000,1668,0.59952
img/sg/0/sg-0022.png,1000,1688,0.592417
img/sg/0/sg-0023.png,1000,1687,0.592768
img/sg/0/sg-0024.png,1000,1682,0.59453
img/sg/0/sg-0025.png,1000,1684,0.593824
img/sg/0/sg-0026.png,1000,1683,0.594177
img/sg/0/sg-0027.png,1000,1657,0.6035
img/sg/0/sg-0028.png,1000,1697,0.589275
img/sg/0/sg-0029.png,1000,1677,0.596303
img/sg/0/sg-0030.png,1000,1687,0.592768
img/sg/0/sg-0031.png,1000,1667,0.59988
img/sg/0/sg-0032.png,1000,1674,0.597372
img/sg/0/sg-0033.png,1000,1676,0.596659
img/sg/0/sg-0034.png,1000,1693,0.590667
img/sg/0/sg-0035.png,1000,1682,0.59453
img/sg/0/sg-0036.png,1000,1740,0.574713
img/sg/0/sg-0037.png,1000,1694,0.590319
img/sg/0/sg-0038.png,1000,1702,0.587544
img/sg/0/sg-0039.png,1000,1684,0.593824
img/sg/0/sg-0040.png,1000,1691,0.591366
img/sg/0/sg-0041.png,1000,1699,0.588582
img/sg/0/sg-0042.png,1000,1693,0.590667
img/sg/0/sg-0043.png,1000,1679,0.595593
img/sg/0/sg-0044.png,1000,1743,0.573723
img/sg/0/sg-0045.png,1000,1690,0.591716
img/sg/0/sg-0046.png,1000,1703,0.587199
img/sg/0/sg-0047.png,1000,1685,0.593472
img/sg/0/sg-0048.png,1000,1710,0.584795
img/sg/0/sg-0049.png,1000,1704,0.586854
img/sg/0/sg-0050.png,1000,1669,0.599161
img/sg/0/sg-0051.png,1000,1680,0.595238
img/sg/0/sg-0052.png,1000,1693,0.590667
img/sg/0/sg-0053.png,1000,1686,0.59312
img/sg/0/sg-0054.png,1000,1699,0.588582
img/sg/0/sg-0055.png,1000,1678,0.595948
img/sg/0/sg-0056.png,1000,1688,0.592417
img/sg/0/sg-0057.png,1000,1679,0.595593
img/sg/0/sg-0058.png,1000,1682,0.59453
img/sg/0/sg-0059.png,1000,1671,0.598444
img/sg/0/sg-0060.png,1000,1702,0.587544
img/sg/0/sg-0061.png,1000,1669,0.599161
img/sg/0/sg-0062.png,1000,1646,0.607533
img/sg/0/sg-0063.png,1000,1669,0.599161
img/sg/0/sg-0064.png,1000,1682,0.59453
img/sg/0/sg-0065.png,1000,1686,0.59312
img/sg/0/sg-0066.png,1000,1677,0.596303
img/sg/0/sg-0067.png,1000,1658,0.603136
img/sg/0/sg-0068.png,1000,1723,0.580383
img/sg/0/sg-0069.png,1000,1694,0.590319
img/sg/0/sg-0070.png,1000,1696,0.589623
img/sg/0/sg-0071.png,1000,1682,0.59453
img/sg/0/sg-0072.png,1000,1690,0.591716
img/sg/0/sg-0073.png,1000,1684,0.593824
img/sg/0/sg-0074.png,1000,1699,0.588582
img/sg/0/sg-0075.png,1000,1683,0.594177
img/sg/0/sg-0076.png,1000,1727,0.579039
img/sg/0/sg-0077.png,1000,1695,0.589971
img/sg/0/sg-0078.png,1000,1641,0.609385
img/sg/0/sg-0079.png,1000,1683,0.594177
img/sg/0/sg-0080.png,1000,1703,0.587199
img/sg/0/sg-0081.png,1000,1653,0.604961
img/sg/0/sg-0082.png,1000,1707,0.585823
img/sg/0/sg-0083.png,1000,1708,0.58548
img/sg/0/sg-0084.png,1000,1734,0.576701
img/sg/0/sg-0085.png,1000,1693,0.590667
img/sg/0/sg-0086.png,1000,1704,0.586854
img/sg/0/sg-0087.png,1000,1695,0.589971
img/sg/0/sg-0088.png,1000,1690,0.591716
img/sg/0/sg-0089.png,1000,1686,0.59312
img/sg/0/sg-0090.png,1000,1708,0.58548
img/sg/0/sg-0091.png,1000,1702,0.587544
img/sg/0/sg-0092.png,1000,1750,0.571429
img/sg/0/sg-0093.png,1000,1704,0.586854
img/sg/0/sg-0094.png,1000,1705,0.58651
img/sg/0/sg-0095.png,1000,1684,0.593824
img/sg/0/sg-0096.png,1000,1694,0.590319
img/sg/0/sg-0097.png,1000,1696,0.589623
img/sg/0/sg-0098.png,1000,1700,0.588235
img/sg/0/sg-0099.png,1000,1703,0.587199
img/sg/10/sg-1000.png,1000,1696,0.589623
img/sg/10/sg-1001.png,1000,1688,0.592417
img/sg/10/sg-1002.png,1000,1703,0.587199
img/sg/10/sg-1003.png,1000,1689,0.592066
img/sg/10/sg-1004.png,1000,1710,0.584795
img/sg/10/sg-1005.png,1000,1688,0.592417
img/sg/10/sg-1006.png,1000,1685,0.593472
img/sg/10/sg-1007.png,1000,1700,0.588235
img/sg/10/sg-1008.png,1000,1698,0.588928
img/sg/10/sg-1009.png,1000,1683,0.594177
img/sg/10/sg-1010.png,1000,1680,0.595238
img/sg/10/sg-1011.png,1000,1682,0.59453
img/sg/10/sg-1012.png,1000,1680,0.595238
img/sg/10/sg-1013.png,1000,1666,0.60024
img/sg/10/sg-1014.png,1000,1684,0.593824
img/sg/10/sg-1015.png,1000,1689,0.592066
img/sg/10/sg-1016.png,1000,1695,0.589971
img/sg/10/sg-1017.png,1000,1673,0.597729
img/sg/10/sg-1018.png,1000,1688,0.592417
img/sg/10/sg-1019.png,1000,1670,0.598802
img/sg/10/sg-1020.png,1000,1725,0.57971
img/sg/10/sg-1021.png,1000,1668,0.59952
img/sg/10/sg-1022.png,1000,1659,0.602773
img/sg/10/sg-1023.png,1000,1671,0.598444
img/sg/10/sg-1024.png,1000,1655,0.60423
img/sg/10/sg-1025.png,1000,1677,0.596303
img/sg/10/sg-1026.png,1000,1633,0.61237
img/sg/10/sg-1027.png,1000,1666,0.60024
img/sg/10/sg-1028.png,1000,1702,0.587544
img/sg/10/sg-1029.png,1000,1698,0.588928
img/sg/10/sg-1030.png,1000,1638,0.610501
img/sg/10/sg-1031.png,1000,1649,0.606428
img/sg/10/sg-1032.png,1000,1672,0.598086
img/sg/10/sg-1033.png,1000,1671,0.598444
img/sg/10/sg-1034.png,1000,1680,0.595238
img/sg/10/sg-1035.png,1000,1676,0.596659
img/sg/10/sg-1036.png,1000,1703,0.587199
img/sg/10/sg-1037.png,1000,1677,0.596303
img/sg/10/sg-1038.png,1000,1689,0.592066
img/sg/10/sg-1039.png,1000,1670,0.598802
img/sg/10/sg-1040.png,1000,1676,0.596659
img/sg/10/sg-1041.png,1000,1668,0.59952
img/sg/10/sg-1042.png,1000,1679,0.595593
img/sg/10/sg-1043.png,1000,1683,0.594177
img/sg/10/sg-1044.png,1000,1691,0.591366
img/sg/10/sg-1045.png,1000,1676,0.596659
img/sg/10/sg-1046.png,1000,1672,0.598086
img/sg/10/sg-1047.png,1000,1686,0.59312
img/sg/10/sg-1048.png,1000,1691,0.591366
img/sg/10/sg-1049.png,1000,1675,0.597015
img/sg/10/sg-1050.png,1000,1683,0.594177
img/sg/10/sg-1051.png,1000,1661,0.602047
img/sg/10/sg-1052.png,1000,1700,0.588235
img/sg/10/sg-1053.png,1000,1658,0.603136
img/sg/10/sg-1054.png,1000,1668,0.59952
img/sg/10/sg-1055.png,1000,1671,0.598444
img/sg/10/sg-1056.png,1000,1681,0.594884
img/sg/10/sg-1057.png,1000,1689,0.592066
img/sg/10/sg-1058.png,1000,1678,0.595948
img/sg/10/sg-1059.png,1000,1677,0.596303
img/sg/10/sg-1060.png,1000,1699,0.588582
img/sg/10/sg-1061.png,1000,1662,0.601685
img/sg/10/sg-1062.png,1000,1684,0.593824
img/sg/10/sg-1063.png,1000,1691,0.591366
img/sg/10/sg-1064.png,1000,1665,0.600601
img/sg/10/sg-1065.png,1000,1678,0.595948
img/sg/10/sg-1066.png,1000,1689,0.592066
img/sg/10/sg-1067.png,1000,1682,0.59453
img/sg/10/sg-1068.png,1000,1723,0.580383
img/sg/10/sg-1069.png,1000,1675,0.597015
img/sg/10/sg-1070.png,1000,1672,0.598086
img/sg/10/sg-1071.png,1000,1674,0.597372
img/sg/10/sg-1072.png,1000,1668,0.59952
img/sg/10/sg-1073.png,1000,1681,0.594884
img/sg/10/sg-1074.png,1000,1683,0.594177
img/sg/10/sg-1075.png,1000,1689,0.592066
img/sg/10/sg-1076.png,1000,1718,0.582072
img/sg/10/sg-1077.png,1000,1662,0.601685
img/sg/10/sg-1078.png,1000,1686,0.59312
img/sg/10/sg-1079.png,1000,1683,0.594177
img/sg/10/sg-1080.png,1000,1681,0.594884
img/sg/10/sg-1081.png,1000,1679,0.595593
img/sg/10/sg-1082.png,1000,1651,0.605694
img/sg/10/sg-1083.png,1000,1673,0.597729
img/sg/10/sg-1084.png,1000,1703,0.587199
img/sg/10/sg-1085.png,1000,1686,0.59312
img/sg/10/sg-1086.png,1000,1679,0.595593
img/sg/10/sg-1087.png,1000,1688,0.592417
img/sg/10/sg-1088.png,1000,1683,0.594177
img/sg/10/sg-1089.png,1000,1665,0.600601
img/sg/10/sg-1090.png,1000,1653,0.604961
img/sg/10/sg-1091.png,1000,1672,0.598086
img/sg/10/sg-1092.png,1000,1692,0.591017
img/sg/10/sg-1093.png,1000,1677,0.596303
img/sg/10/sg-1094.png,1000,1667,0.59988
img/sg/10/sg-1095.png,1000,1674,0.597372
img/sg/10/sg-1096.png,1000,1656,0.603865
img/sg/10/sg-1097.png,1000,1681,0.594884
img/sg/10/sg-1098.png,1000,1694,0.590319
img/sg/10/sg-1099.png,1000,1681,0.594884
img/sg/11/sg-1100.png,1000,1697,0.589275
img/sg/11/sg-1101.png,1000,1658,0.603136
img/sg/11/sg-1102.png,1000,1666,0.60024
img/sg/11/sg-1103.png,1000,1688,0.592417
img/sg/11/sg-1104.png,1000,1680,0.595238
img/sg/11/sg-1105.png,1000,1678,0.595948
img/sg/11/sg-1106.png,1000,1660,0.60241
img/sg/11/sg-1107.png,1000,1681,0.594884
img/sg/11/sg-1108.png,1000,1720,0.581395
img/sg/11/sg-1109.png,1000,1679,0.595593
img/sg/11/sg-1110.png,1000,1688,0.592417
img/sg/11/sg-1111.png,1000,1686,0.59312
img/sg/11/sg-1112.png,1000,1686,0.59312
img/sg/11/sg-1113.png,1000,1684,0.593824
img/sg/11/sg-1114.png,1000,1696,0.589623
img/sg/11/sg-1115.png,1000,1669,0.599161
img/sg/11/sg-1116.png,1000,1717,0.582411
img/sg/11/sg-1117.png,1000,1689,0.592066
img/sg/11/sg-1118.png,1000,1682,0.59453
img/sg/11/sg-1119.png,1000,1673,0.597729
img/sg/11/sg-1120.png,1000,1682,0.59453
img/sg/11/sg-1121.png,1000,1687,0.592768
img/sg/11/sg-1122.png,1000,1673,0.597729
img/sg/11/sg-1123.png,1000,1689,0.592066
img/sg/11/sg-1124.png,1000,1693,0.590667
img/sg/11/sg-1125.png,1000,1688,0.592417
img/sg/11/sg-1126.png,1000,1687,0.592768
img/sg/11/sg-1127.png,1000,1685,0.593472
img/sg/11/sg-1128.png,1000,1679,0.595593
img/sg/11/sg-1129.png,1000,1673,0.597729
img/sg/11/sg-1130.png,1000,1696,0.589623
img/sg/11/sg-1131.png,1000,1685,0.593472
img/sg/11/sg-1132.png,1000,1741,0.574383
img/sg/11/sg-1133.png,1000,1680,0.595238
img/sg/11/sg-1134.png,1000,1685,0.593472
img/sg/11/sg-1135.png,1000,1677,0.596303
img/sg/11/sg-1136.png,1000,1673,0.597729
img/sg/11/sg-1137.png,1000,1689,0.592066
img/sg/11/sg-1138.png,1000,1681,0.594884
img/sg/11/sg-1139.png,1000,1684,0.593824
img/sg/11/sg-1140.png,1000,1723,0.580383
img/sg/11/sg-1141.png,1000,1662,0.601685
img/sg/11/sg-1142.png,1000,1695,0.589971
img/sg/11/sg-1143.png,1000,1696,0.589623
img/sg/11/sg-1144.png,1000,1684,0.593824
img/sg/11/sg-1145.png,1000,1684,0.593824
img/sg/11/sg-1146.png,1000,1690,0.591716
img/sg/11/sg-1147.png,1000,1681,0.594884
img/sg/11/sg-1148.png,1000,1724,0.580046
img/sg/11/sg-1149.png,1000,1676,0.596659
img/sg/11/sg-1150.png,1000,1687,0.592768
img/sg/11/sg-1151.png,1000,1683,0.594177
img/sg/11/sg-1152.png,1000,1673,0.597729
img/sg/11/sg-1153.png,1000,1675,0.597015
img/sg/11/sg-1154.png,1000,1668,0.59952
img/sg/11/sg-1155.png,1000,1684,0.593824
img/sg/11/sg-1156.png,1000,1715,0.58309
img/sg/11/sg-1157.png,1000,1673,0.597729
img/sg/11/sg-1158.png,1000,1678,0.595948
img/sg/11/sg-1159.png,1000,1668,0.59952
img/sg/11/sg-1160.png,1000,1679,0.595593
img/sg/11/sg-1161.png,1000,1670,0.598802
img/sg/11/sg-1162.png,1000,1683,0.594177
img/sg/11/sg-1163.png,1000,1673,0.597729
img/sg/11/sg-1164.png,1000,1707,0.585823
img/sg/11/sg-1165.png,1000,1682,0.59453
img/sg/11/sg-1166.png,1000,1678,0.595948
img/sg/11/sg-1167.png,1000,1666,0.60024
img/sg/11/sg-1168.png,1000,1677,0.596303
img/sg/11/sg-1169.png,1000,1679,0.595593
img/sg/11/sg-1170.png,1000,1684,0.593824
img/sg/11/sg-1171.png,1000,1684,0.593824
img/sg/11/sg-1172.png,1000,1730,0.578035
img/sg/11/sg-1173.png,1000,1686,0.59312
img/sg/11/sg-1174.png,1000,1674,0.597372
img/sg/11/sg-1175.png,1000,1687,0.592768
img/sg/11/sg-1176.png,1000,1691,0.591366
img/sg/11/sg-1177.png,1000,1684,0.593824
img/sg/11/sg-1178.png,1000,1662,0.601685
img/sg/11/sg-1179.png,1000,1698,0.588928
img/sg/11/sg-1180.png,1000,1736,0.576037
img/sg/11/sg-1181.png,1000,1694,0.590319
img/sg/11/sg-1182.png,1000,1694,0.590319
img/sg/11/sg-1183.png,1000,1698,0.588928
img/sg/11/sg-1184.png,1000,1692,0.591017
img/sg/11/sg-1185.png,1000,1682,0.59453
img/sg/11/sg-1186.png,1000,1697,0.589275
img/sg/11/sg-1187.png,1000,1675,0.597015
img/sg/11/sg-1188.png,1000,1676,0.596659
img/sg/11/sg-1189.png,1000,1689,0.592066
img/sg/11/sg-1190.png,1000,1687,0.592768
img/sg/11/sg-1191.png,1000,1674,0.597372
img/sg/11/sg-1192.png,1000,1658,0.603136
img/sg/11/sg-1193.png,1000,1665,0.600601
img/sg/11/sg-1194.png,1000,1685,0.593472
img/sg/11/sg-1195.png,1000,1668,0.59952
img/sg/11/sg-1196.png,1000,1732,0.577367
img/sg/11/sg-1197.png,1000,1692,0.591017
img/sg/11/sg-1198.png,1000,1683,0.594177
img/sg/11/sg-1199.png,1000,1695,0.589971
img/sg/12/sg-1200.png,1000,1687,0.592768
img/sg/12/sg-1201.png,1000,1681,0.594884
img/sg/12/sg-1202.png,1000,1667,0.59988
img/sg/12/sg-1203.png,1000,1689,0.592066
img/sg/12/sg-1204.png,1000,1705,0.58651
img/sg/12/sg-1205.png,1000,1667,0.59988
img/sg/12/sg-1206.png,1000,1686,0.59312
img/sg/12/sg-1207.png,1000,1701,0.587889
img/sg/12/sg-1208.png,1000,1695,0.589971
img/sg/12/sg-1209.png,1000,1686,0.59312
img/sg/12/sg-1210.png,1000,1682,0.59453
img/sg/12/sg-1211.png,1000,1661,0.602047
img/sg/12/sg-1212.png,1000,1698,0.588928
img/sg/12/sg-1213.png,1000,1671,0.598444
img/sg/12/sg-1214.png,1000,1684,0.593824
img/sg/12/sg-1215.png,1000,1668,0.59952
img/sg/12/sg-1216.png,1000,1688,0.592417
img/sg/12/sg-1217.png,1000,1663,0.601323
img/sg/12/sg-1218.png,1000,1688,0.592417
img/sg/12/sg-1219.png,1000,1683,0.594177
img/sg/12/sg-1220.png,1000,1717,0.582411
img/sg/12/sg-1221.png,1000,1674,0.597372
img/sg/12/sg-1222.png,1000,1686,0.59312
img/sg/12/sg-1223.png,1000,1683,0.594177
img/sg/12/sg-1224.png,1000,1696,0.589623
img/sg/12/sg-1225.png,1000,1685,0.593472
img/sg/12/sg-1226.png,1000,1661,0.602047
img/sg/12/sg-1227.png,1000,1691,0.591366
img/sg/12/sg-1228.png,1000,1712,0.584112
img/sg/12/sg-1229.png,1000,1702,0.587544
img/sg/12/sg-1230.png,1000,1678,0.595948
img/sg/12/sg-1231.png,1000,1684,0.593824
img/sg/12/sg-1232.png,1000,1689,0.592066
img/sg/12/sg-1233.png,1000,1666,0.60024
img/sg/12/sg-1234.png,1000,1685,0.593472
img/sg/12/sg-1235.png,1000,1676,0.596659
img/sg/12/sg-1236.png,1000,1696,0.589623
img/sg/12/sg-1237.png,1000,1697,0.589275
img/sg/12/sg-1238.png,1000,1690,0.591716
img/sg/12/sg-1239.png,1000,1662,0.601685
img/sg/12/sg-1240.png,1000,1678,0.595948
img/sg/12/sg-1241.png,1000,1691,0.591366
img/sg/12/sg-1242.png,1000,1691,0.591366
img/sg/12/sg-1243.png,1000,1689,0.592066
img/sg/12/sg-1244.png,1000,1722,0.58072
img/sg/12/sg-1245.png,1000,1694,0.590319
img/sg/12/sg-1246.png,1000,1686,0.59312
img/sg/12/sg-1247.png,1000,1696,0.589623
img/sg/12/sg-1248.png,1000,1688,0.592417
img/sg/12/sg-1249.png,1000,1697,0.589275
img/sg/12/sg-1250.png,1000,1676,0.596659
img/sg/12/sg-1251.png,1000,1699,0.588582
img/sg/12/sg-1252.png,1000,1717,0.582411
img/sg/12/sg-1253.png,1000,1685,0.593472
img/sg/12/sg-1254.png,1000,1675,0.597015
img/sg/12/sg-1255.png,1000,1703,0.587199
img/sg/12/sg-1256.png,1000,1683,0.594177
img/sg/12/sg-1257.png,1000,1695,0.589971
img/sg/12/sg-1258.png,1000,1689,0.592066
img/sg/12/sg-1259.png,1000,1685,0.593472
img/sg/12/sg-1260.png,1000,1713,0.583771
img/sg/12/sg-1261.png,1000,1317,0.759301
img/sg/12/sg-1262.png,1000,1590,0.628931
img/sg/12/sg-1263.png,1000,1629,0.613874
img/sg/12/sg-1264.png,1000,1634,0.611995
img/sg/12/sg-1265.png,1000,1615,0.619195
img/sg/12/sg-1266.png,1000,1600,0.625
img/sg/12/sg-1267.png,1000,1000,1
img/sg/12/sg-1268.png,1000,1656,0.603865
img/sg/12/sg-1269.png,1000,1635,0.611621
img/sg/12/sg-1270.png,1000,1629,0.613874
img/sg/12/sg-1271.png,1000,1666,0.60024
img/sg/12/sg-1272.png,1000,1000,1
img/sg/12/sg-1273.png,1000,1000,1
img/sg/12/sg-1274.png,1000,1000,1
img/sg/12/sg-1275.png,1000,1681,0.594884
img/sg/1/sg-0100.png,1000,1712,0.584112
img/sg/1/sg-0101.png,1000,1672,0.598086
img/sg/1/sg-0102.png,1000,1662,0.601685
img/sg/1/sg-0103.png,1000,1670,0.598802
img/sg/1/sg-0104.png,1000,1680,0.595238
img/sg/1/sg-0105.png,1000,1643,0.608643
img/sg/1/sg-0106.png,1000,1679,0.595593
img/sg/1/sg-0107.png,1000,1668,0.59952
img/sg/1/sg-0108.png,1000,1715,0.58309
img/sg/1/sg-0109.png,1000,1671,0.598444
img/sg/1/sg-0110.png,1000,1686,0.59312
img/sg/1/sg-0111.png,1000,1660,0.60241
img/sg/1/sg-0112.png,1000,1676,0.596659
img/sg/1/sg-0113.png,1000,1666,0.60024
img/sg/1/sg-0114.png,1000,1689,0.592066
img/sg/1/sg-0115.png,1000,1659,0.602773
img/sg/1/sg-0116.png,1000,1707,0.585823
img/sg/1/sg-0117.png,1000,1652,0.605327
img/sg/1/sg-0118.png,1000,1675,0.597015
img/sg/1/sg-0119.png,1000,1647,0.607165
img/sg/1/sg-0120.png,1000,1681,0.594884
img/sg/1/sg-0121.png,1000,1676,0.596659
img/sg/1/sg-0122.png,1000,1672,0.598086
img/sg/1/sg-0123.png,1000,1679,0.595593
img/sg/1/sg-0124.png,1000,1712,0.584112
img/sg/1/sg-0125.png,1000,1661,0.602047
img/sg/1/sg-0126.png,1000,1663,0.601323
img/sg/1/sg-0127.png,1000,1670,0.598802
img/sg/1/sg-0128.png,1000,1651,0.605694
img/sg/1/sg-0129.png,1000,1664,0.600962
img/sg/1/sg-0130.png,1000,1678,0.595948
img/sg/1/sg-0131.png,1000,1665,0.600601
img/sg/1/sg-0132.png,1000,1701,0.587889
img/sg/1/sg-0133.png,1000,1665,0.600601
img/sg/1/sg-0134.png,1000,1690,0.591716
img/sg/1/sg-0135.png,1000,1648,0.606796
img/sg/1/sg-0136.png,1000,1694,0.590319
img/sg/1/sg-0137.png,1000,1681,0.594884
img/sg/1/sg-0138.png,1000,1681,0.594884
img/sg/1/sg-0139.png,1000,1681,0.594884
img/sg/1/sg-0140.png,1000,1720,0.581395
img/sg/1/sg-0141.png,1000,1658,0.603136
img/sg/1/sg-0142.png,1000,1716,0.582751
img/sg/1/sg-0143.png,1000,1663,0.601323
img/sg/1/sg-0144.png,1000,1674,0.597372
img/sg/1/sg-0145.png,1000,1665,0.600601
img/sg/1/sg-0146.png,1000,1645,0.607903
img/sg/1/sg-0147.png,1000,1675,0.597015
img/sg/1/sg-0148.png,1000,1710,0.584795
img/sg/1/sg-0149.png,1000,1667,0.59988
img/sg/1/sg-0150.png,1000,1686,0.59312
img/sg/1/sg-0151.png,1000,1676,0.596659
img/sg/1/sg-0152.png,1000,1672,0.598086
img/sg/1/sg-0153.png,1000,1666,0.60024
img/sg/1/sg-0154.png,1000,1681,0.594884
img/sg/1/sg-0155.png,1000,1666,0.60024
img/sg/1/sg-0156.png,1000,1714,0.583431
img/sg/1/sg-0157.png,1000,1665,0.600601
img/sg/1/sg-0158.png,1000,1664,0.600962
img/sg/1/sg-0159.png,1000,1682,0.59453
img/sg/1/sg-0160.png,1000,1665,0.600601
img/sg/1/sg-0161.png,1000,1675,0.597015
img/sg/1/sg-0162.png,1000,1674,0.597372
img/sg/1/sg-0163.png,1000,1669,0.599161
img/sg/1/sg-0164.png,1000,1702,0.587544
img/sg/1/sg-0165.png,1000,1665,0.600601
img/sg/1/sg-0166.png,1000,1666,0.60024
img/sg/1/sg-0167.png,1000,1669,0.599161
img/sg/1/sg-0168.png,1000,1678,0.595948
img/sg/1/sg-0169.png,1000,1676,0.596659
img/sg/1/sg-0170.png,1000,1669,0.599161
img/sg/1/sg-0171.png,1000,1652,0.605327
img/sg/1/sg-0172.png,1000,1730,0.578035
img/sg/1/sg-0173.png,1000,1672,0.598086
img/sg/1/sg-0174.png,1000,1664,0.600962
img/sg/1/sg-0175.png,1000,1686,0.59312
img/sg/1/sg-0176.png,1000,1669,0.599161
img/sg/1/sg-0177.png,1000,1662,0.601685
img/sg/1/sg-0178.png,1000,1626,0.615006
img/sg/1/sg-0179.png,1000,1653,0.604961
img/sg/1/sg-0180.png,1000,1708,0.58548
img/sg/1/sg-0181.png,1000,1662,0.601685
img/sg/1/sg-0182.png,1000,1680,0.595238
img/sg/1/sg-0183.png,1000,1666,0.60024
img/sg/1/sg-0184.png,1000,1665,0.600601
img/sg/1/sg-0185.png,1000,1668,0.59952
img/sg/1/sg-0186.png,1000,1672,0.598086
img/sg/1/sg-0187.png,1000,1657,0.6035
img/sg/1/sg-0188.png,1000,1716,0.582751
img/sg/1/sg-0189.png,1000,1664,0.600962
img/sg/1/sg-0190.png,1000,1673,0.597729
img/sg/1/sg-0191.png,1000,1669,0.599161
img/sg/1/sg-0192.png,1000,1674,0.597372
img/sg/1/sg-0193.png,1000,1650,0.606061
img/sg/1/sg-0194.png,1000,1667,0.59988
img/sg/1/sg-0195.png,1000,1651,0.605694
img/sg/1/sg-0196.png,1000,1719,0.581734
img/sg/1/sg-0197.png,1000,1642,0.609013
img/sg/1/sg-0198.png,1000,1669,0.599161
img/sg/1/sg-0199.png,1000,1682,0.59453
img/sg/2/sg-0200.png,1000,1688,0.592417
img/sg/2/sg-0201.png,1000,1670,0.598802
img/sg/2/sg-0202.png,1000,1680,0.595238
img/sg/2/sg-0203.png,1000,1673,0.597729
img/sg/2/sg-0204.png,1000,1715,0.58309
img/sg/2/sg-0205.png,1000,1677,0.596303
img/sg/2/sg-0206.png,1000,1698,0.588928
img/sg/2/sg-0207.png,1000,1680,0.595238
img/sg/2/sg-0208.png,1000,1695,0.589971
img/sg/2/sg-0209.png,1000,1689,0.592066
img/sg/2/sg-0210.png,1000,1682,0.59453
img/sg/2/sg-0211.png,1000,1667,0.59988
img/sg/2/sg-0212.png,1000,1709,0.585138
img/sg/2/sg-0213.png,1000,1660,0.60241
img/sg/2/sg-0214.png,1000,1690,0.591716
img/sg/2/sg-0215.png,1000,1674,0.597372
img/sg/2/sg-0216.png,1000,1676,0.596659
img/sg/2/sg-0217.png,1000,1679,0.595593
img/sg/2/sg-0218.png,1000,1689,0.592066
img/sg/2/sg-0219.png,1000,1684,0.593824
img/sg/2/sg-0220.png,1000,1699,0.588582
img/sg/2/sg-0221.png,1000,1669,0.599161
img/sg/2/sg-0222.png,1000,1672,0.598086
img/sg/2/sg-0223.png,1000,1666,0.60024
img/sg/2/sg-0224.png,1000,1684,0.593824
img/sg/2/sg-0225.png,1000,1675,0.597015
img/sg/2/sg-0226.png,1000,1680,0.595238
img/sg/2/sg-0227.png,1000,1673,0.597729
img/sg/2/sg-0228.png,1000,1726,0.579374
img/sg/2/sg-0229.png,1000,1663,0.601323
img/sg/2/sg-0230.png,1000,1689,0.592066
img/sg/2/sg-0231.png,1000,1671,0.598444
img/sg/2/sg-0232.png,1000,1669,0.599161
img/sg/2/sg-0233.png,1000,1668,0.59952
img/sg/2/sg-0234.png,1000,1680,0.595238
img/sg/2/sg-0235.png,1000,1682,0.59453
img/sg/2/sg-0236.png,1000,1717,0.582411
img/sg/2/sg-0237.png,1000,1669,0.599161
img/sg/2/sg-0238.png,1000,1669,0.599161
img/sg/2/sg-0239.png,1000,1684,0.593824
img/sg/2/sg-0240.png,1000,1674,0.597372
img/sg/2/sg-0241.png,1000,1675,0.597015
img/sg/2/sg-0242.png,1000,1679,0.595593
img/sg/2/sg-0243.png,1000,1671,0.598444
img/sg/2/sg-0244.png,1000,1703,0.587199
img/sg/2/sg-0245.png,1000,1657,0.6035
img/sg/2/sg-0246.png,1000,1679,0.595593
img/sg/2/sg-0247.png,1000,1691,0.591366
img/sg/2/sg-0248.png,1000,1669,0.599161
img/sg/2/sg-0249.png,1000,1659,0.602773
img/sg/2/sg-0250.png,1000,1698,0.588928
img/sg/2/sg-0251.png,1000,1687,0.592768
img/sg/2/sg-0252.png,1000,1712,0.584112
img/sg/2/sg-0253.png,1000,1674,0.597372
img/sg/2/sg-0254.png,1000,1691,0.591366
img/sg/2/sg-0255.png,1000,1686,0.59312
img/sg/2/sg-0256.png,1000,1672,0.598086
img/sg/2/sg-0257.png,1000,1673,0.597729
img/sg/2/sg-0258.png,1000,1682,0.59453
img/sg/2/sg-0259.png,1000,1682,0.59453
img/sg/2/sg-0260.png,1000,1720,0.581395
img/sg/2/sg-0261.png,1000,1664,0.600962
img/sg/2/sg-0262.png,1000,1681,0.594884
img/sg/2/sg-0263.png,1000,1669,0.599161
img/sg/2/sg-0264.png,1000,1683,0.594177
img/sg/2/sg-0265.png,1000,1666,0.60024
img/sg/2/sg-0266.png,1000,1670,0.598802
img/sg/2/sg-0267.png,1000,1668,0.59952
img/sg/2/sg-0268.png,1000,1704,0.586854
img/sg/2/sg-0269.png,1000,1653,0.604961
img/sg/2/sg-0270.png,1000,1663,0.601323
img/sg/2/sg-0271.png,1000,1666,0.60024
img/sg/2/sg-0272.png,1000,1689,0.592066
img/sg/2/sg-0273.png,1000,1669,0.599161
img/sg/2/sg-0274.png,1000,1672,0.598086
img/sg/2/sg-0275.png,1000,1669,0.599161
img/sg/2/sg-0276.png,1000,1690,0.591716
img/sg/2/sg-0277.png,1000,1673,0.597729
img/sg/2/sg-0278.png,1000,1685,0.593472
img/sg/2/sg-0279.png,1000,1661,0.602047
img/sg/2/sg-0280.png,1000,1672,0.598086
img/sg/2/sg-0281.png,1000,1694,0.590319
img/sg/2/sg-0282.png,1000,1672,0.598086
img/sg/2/sg-0283.png,1000,1651,0.605694
img/sg/2/sg-0284.png,1000,1695,0.589971
img/sg/2/sg-0285.png,1000,1677,0.596303
img/sg/2/sg-0286.png,1000,1690,0.591716
img/sg/2/sg-0287.png,1000,1671,0.598444
img/sg/2/sg-0288.png,1000,1674,0.597372
img/sg/2/sg-0289.png,1000,1670,0.598802
img/sg/2/sg-0290.png,1000,1677,0.596303
img/sg/2/sg-0291.png,1000,1680,0.595238
img/sg/2/sg-0292.png,1000,1727,0.579039
img/sg/2/sg-0293.png,1000,1667,0.59988
img/sg/2/sg-0294.png,1000,1681,0.594884
img/sg/2/sg-0295.png,1000,1669,0.599161
img/sg/2/sg-0296.png,1000,1693,0.590667
img/sg/2/sg-0297.png,1000,1667,0.59988
img/sg/2/sg-0298.png,1000,1684,0.593824
img/sg/2/sg-0299.png,1000,1661,0.602047
img/sg/3/sg-0300.png,1000,1725,0.57971
img/sg/3/sg-0301.png,1000,1660,0.60241
img/sg/3/sg-0302.png,1000,1678,0.595948
img/sg/3/sg-0303.png,1000,1665,0.600601
img/sg/3/sg-0304.png,1000,1682,0.59453
img/sg/3/sg-0305.png,1000,1676,0.596659
img/sg/3/sg-0306.png,1000,1689,0.592066
img/sg/3/sg-0307.png,1000,1698,0.588928
img/sg/3/sg-0308.png,1000,1726,0.579374
img/sg/3/sg-0309.png,1000,1658,0.603136
img/sg/3/sg-0310.png,1000,1676,0.596659
img/sg/3/sg-0311.png,1000,1682,0.59453
img/sg/3/sg-0312.png,1000,1688,0.592417
img/sg/3/sg-0313.png,1000,1677,0.596303
img/sg/3/sg-0314.png,1000,1670,0.598802
img/sg/3/sg-0315.png,1000,1714,0.583431
img/sg/3/sg-0316.png,1000,1733,0.577034
img/sg/3/sg-0317.png,1000,1718,0.582072
img/sg/3/sg-0318.png,1000,1688,0.592417
img/sg/3/sg-0319.png,1000,1663,0.601323
img/sg/3/sg-0320.png,1000,1665,0.600601
img/sg/3/sg-0321.png,1000,1677,0.596303
img/sg/3/sg-0322.png,1000,1682,0.59453
img/sg/3/sg-0323.png,1000,1681,0.594884
img/sg/3/sg-0324.png,1000,1705,0.58651
img/sg/3/sg-0325.png,1000,1670,0.598802
img/sg/3/sg-0326.png,1000,1648,0.606796
img/sg/3/sg-0327.png,1000,1685,0.593472
img/sg/3/sg-0328.png,1000,1663,0.601323
img/sg/3/sg-0329.png,1000,1668,0.59952
img/sg/3/sg-0330.png,1000,1682,0.59453
img/sg/3/sg-0331.png,1000,1665,0.600601
img/sg/3/sg-0332.png,1000,1703,0.587199
img/sg/3/sg-0333.png,1000,1676,0.596659
img/sg/3/sg-0334.png,1000,1687,0.592768
img/sg/3/sg-0335.png,1000,1667,0.59988
img/sg/3/sg-0336.png,1000,1662,0.601685
img/sg/3/sg-0337.png,1000,1688,0.592417
img/sg/3/sg-0338.png,1000,1654,0.604595
img/sg/3/sg-0339.png,1000,1688,0.592417
img/sg/3/sg-0340.png,1000,1681,0.594884
img/sg/3/sg-0341.png,1000,1673,0.597729
img/sg/3/sg-0342.png,1000,1681,0.594884
img/sg/3/sg-0343.png,1000,1662,0.601685
img/sg/3/sg-0344.png,1000,1669,0.599161
img/sg/3/sg-0345.png,1000,1687,0.592768
img/sg/3/sg-0346.png,1000,1677,0.596303
img/sg/3/sg-0347.png,1000,1662,0.601685
img/sg/3/sg-0348.png,1000,1720,0.581395
img/sg/3/sg-0349.png,1000,1661,0.602047
img/sg/3/sg-0350.png,1000,1679,0.595593
img/sg/3/sg-0351.png,1000,1674,0.597372
img/sg/3/sg-0352.png,1000,1663,0.601323
img/sg/3/sg-0353.png,1000,1688,0.592417
img/sg/3/sg-0354.png,1000,1672,0.598086
img/sg/3/sg-0355.png,1000,1680,0.595238
img/sg/3/sg-0356.png,1000,1719,0.581734
img/sg/3/sg-0357.png,1000,1691,0.591366
img/sg/3/sg-0358.png,1000,1687,0.592768
img/sg/3/sg-0359.png,1000,1686,0.59312
img/sg/3/sg-0360.png,1000,1681,0.594884
img/sg/3/sg-0361.png,1000,1671,0.598444
img/sg/3/sg-0362.png,1000,1663,0.601323
img/sg/3/sg-0363.png,1000,1689,0.592066
img/sg/3/sg-0364.png,1000,1710,0.584795
img/sg/3/sg-0365.png,1000,1676,0.596659
img/sg/3/sg-0366.png,1000,1675,0.597015
img/sg/3/sg-0367.png,1000,1665,0.600601
img/sg/3/sg-0368.png,1000,1689,0.592066
img/sg/3/sg-0369.png,1000,1682,0.59453
img/sg/3/sg-0370.png,1000,1688,0.592417
img/sg/3/sg-0371.png,1000,1685,0.593472
img/sg/3/sg-0372.png,1000,1719,0.581734
img/sg/3/sg-0373.png,1000,1671,0.598444
img/sg/3/sg-0374.png,1000,1691,0.591366
img/sg/3/sg-0375.png,1000,1673,0.597729
img/sg/3/sg-0376.png,1000,1687,0.592768
img/sg/3/sg-0377.png,1000,1686,0.59312
img/sg/3/sg-0378.png,1000,1688,0.592417
img/sg/3/sg-0379.png,1000,1686,0.59312
img/sg/3/sg-0380.png,1000,1728,0.578704
img/sg/3/sg-0381.png,1000,1649,0.606428
img/sg/3/sg-0382.png,1000,1684,0.593824
img/sg/3/sg-0383.png,1000,1688,0.592417
img/sg/3/sg-0384.png,1000,1678,0.595948
img/sg/3/sg-0385.png,1000,1684,0.593824
img/sg/3/sg-0386.png,1000,1670,0.598802
img/sg/3/sg-0387.png,1000,1684,0.593824
img/sg/3/sg-0388.png,1000,1684,0.593824
img/sg/3/sg-0389.png,1000,1675,0.597015
img/sg/3/sg-0390.png,1000,1686,0.59312
img/sg/3/sg-0391.png,1000,1670,0.598802
img/sg/3/sg-0392.png,1000,1661,0.602047
img/sg/3/sg-0393.png,1000,1678,0.595948
img/sg/3/sg-0394.png,1000,1689,0.592066
img/sg/3/sg-0395.png,1000,1674,0.597372
img/sg/3/sg-0396.png,1000,1707,0.585823
img/sg/3/sg-0397.png,1000,1666,0.60024
img/sg/3/sg-0398.png,1000,1685,0.593472
img/sg/3/sg-0399.png,1000,1699,0.588582
img/sg/4/sg-0400.png,1000,1679,0.595593
img/sg/4/sg-0401.png,1000,1671,0.598444
img/sg/4/sg-0402.png,1000,1694,0.590319
img/sg/4/sg-0403.png,1000,1670,0.598802
img/sg/4/sg-0404.png,1000,1723,0.580383
img/sg/4/sg-0405.png,1000,1695,0.589971
img/sg/4/sg-0406.png,1000,1692,0.591017
img/sg/4/sg-0407.png,1000,1683,0.594177
img/sg/4/sg-0408.png,1000,1674,0.597372
img/sg/4/sg-0409.png,1000,1687,0.592768
img/sg/4/sg-0410.png,1000,1678,0.595948
img/sg/4/sg-0411.png,1000,1668,0.59952
img/sg/4/sg-0412.png,1000,1728,0.578704
img/sg/4/sg-0413.png,1000,1698,0.588928
img/sg/4/sg-0414.png,1000,1685,0.593472
img/sg/4/sg-0415.png,1000,1666,0.60024
img/sg/4/sg-0416.png,1000,1682,0.59453
img/sg/4/sg-0417.png,1000,1703,0.587199
img/sg/4/sg-0418.png,1000,1703,0.587199
img/sg/4/sg-0419.png,1000,1696,0.589623
img/sg/4/sg-0420.png,1000,1727,0.579039
img/sg/4/sg-0421.png,1000,1678,0.595948
img/sg/4/sg-0422.png,1000,1695,0.589971
img/sg/4/sg-0423.png,1000,1694,0.590319
img/sg/4/sg-0424.png,1000,1669,0.599161
img/sg/4/sg-0425.png,1000,1707,0.585823
img/sg/4/sg-0426.png,1000,1688,0.592417
img/sg/4/sg-0427.png,1000,1680,0.595238
img/sg/4/sg-0428.png,1000,1679,0.595593
img/sg/4/sg-0429.png,1000,1670,0.598802
img/sg/4/sg-0430.png,1000,1691,0.591366
img/sg/4/sg-0431.png,1000,1682,0.59453
img/sg/4/sg-0432.png,1000,1696,0.589623
img/sg/4/sg-0433.png,1000,1676,0.596659
img/sg/4/sg-0434.png,1000,1659,0.602773
img/sg/4/sg-0435.png,1000,1682,0.59453
img/sg/4/sg-0436.png,1000,1697,0.589275
img/sg/4/sg-0437.png,1000,1666,0.60024
img/sg/4/sg-0438.png,1000,1683,0.594177
img/sg/4/sg-0439.png,1000,1659,0.602773
img/sg/4/sg-0440.png,1000,1658,0.603136
img/sg/4/sg-0441.png,1000,1677,0.596303
img/sg/4/sg-0442.png,1000,1680,0.595238
img/sg/4/sg-0443.png,1000,1676,0.596659
img/sg/4/sg-0444.png,1000,1729,0.578369
img/sg/4/sg-0445.png,1000,1698,0.588928
img/sg/4/sg-0446.png,1000,1698,0.588928
img/sg/4/sg-0447.png,1000,1698,0.588928
img/sg/4/sg-0448.png,1000,1695,0.589971
img/sg/4/sg-0449.png,1000,1705,0.58651
img/sg/4/sg-0450.png,1000,1706,0.586166
img/sg/4/sg-0451.png,1000,1681,0.594884
img/sg/4/sg-0452.png,1000,1718,0.582072
img/sg/4/sg-0453.png,1000,1672,0.598086
img/sg/4/sg-0454.png,1000,1686,0.59312
img/sg/4/sg-0455.png,1000,1692,0.591017
img/sg/4/sg-0456.png,1000,1671,0.598444
img/sg/4/sg-0457.png,1000,1689,0.592066
img/sg/4/sg-0458.png,1000,1686,0.59312
img/sg/4/sg-0459.png,1000,1690,0.591716
img/sg/4/sg-0460.png,1000,1727,0.579039
img/sg/4/sg-0461.png,1000,1679,0.595593
img/sg/4/sg-0462.png,1000,1696,0.589623
img/sg/4/sg-0463.png,1000,1709,0.585138
img/sg/4/sg-0464.png,1000,1697,0.589275
img/sg/4/sg-0465.png,1000,1705,0.58651
img/sg/4/sg-0466.png,1000,1667,0.59988
img/sg/4/sg-0467.png,1000,1685,0.593472
img/sg/4/sg-0468.png,1000,1730,0.578035
img/sg/4/sg-0469.png,1000,1681,0.594884
img/sg/4/sg-0470.png,1000,1684,0.593824
img/sg/4/sg-0471.png,1000,1669,0.599161
img/sg/4/sg-0472.png,1000,1680,0.595238
img/sg/4/sg-0473.png,1000,1682,0.59453
img/sg/4/sg-0474.png,1000,1672,0.598086
img/sg/4/sg-0475.png,1000,1687,0.592768
img/sg/4/sg-0476.png,1000,1710,0.584795
img/sg/4/sg-0477.png,1000,1651,0.605694
img/sg/4/sg-0478.png,1000,1691,0.591366
img/sg/4/sg-0479.png,1000,1666,0.60024
img/sg/4/sg-0480.png,1000,1673,0.597729
img/sg/4/sg-0481.png,1000,1687,0.592768
img/sg/4/sg-0482.png,1000,1671,0.598444
img/sg/4/sg-0483.png,1000,1681,0.594884
img/sg/4/sg-0484.png,1000,1714,0.583431
img/sg/4/sg-0485.png,1000,1677,0.596303
img/sg/4/sg-0486.png,1000,1690,0.591716
img/sg/4/sg-0487.png,1000,1672,0.598086
img/sg/4/sg-0488.png,1000,1666,0.60024
img/sg/4/sg-0489.png,1000,1673,0.597729
img/sg/4/sg-0490.png,1000,1687,0.592768
img/sg/4/sg-0491.png,1000,1679,0.595593
img/sg/4/sg-0492.png,1000,1711,0.584454
img/sg/4/sg-0493.png,1000,1655,0.60423
img/sg/4/sg-0494.png,1000,1669,0.599161
img/sg/4/sg-0495.png,1000,1682,0.59453
img/sg/4/sg-0496.png,1000,1693,0.590667
img/sg/4/sg-0497.png,1000,1679,0.595593
img/sg/4/sg-0498.png,1000,1682,0.59453
img/sg/4/sg-0499.png,1000,1670,0.598802
img/sg/5/sg-0500.png,1000,1705,0.58651
img/sg/5/sg-0501.png,1000,1689,0.592066
img/sg/5/sg-0502.png,1000,1692,0.591017
img/sg/5/sg-0503.png,1000,1692,0.591017
img/sg/5/sg-0504.png,1000,1678,0.595948
img/sg/5/sg-0505.png,1000,1694,0.590319
img/sg/5/sg-0506.png,1000,1676,0.596659
img/sg/5/sg-0507.png,1000,1696,0.589623
img/sg/5/sg-0508.png,1000,1721,0.581058
img/sg/5/sg-0509.png,1000,1668,0.59952
img/sg/5/sg-0510.png,1000,1705,0.58651
img/sg/5/sg-0511.png,1000,1686,0.59312
img/sg/5/sg-0512.png,1000,1694,0.590319
img/sg/5/sg-0513.png,1000,1685,0.593472
img/sg/5/sg-0514.png,1000,1678,0.595948
img/sg/5/sg-0515.png,1000,1668,0.59952
img/sg/5/sg-0516.png,1000,1722,0.58072
img/sg/5/sg-0517.png,1000,1681,0.594884
img/sg/5/sg-0518.png,1000,1697,0.589275
img/sg/5/sg-0519.png,1000,1668,0.59952
img/sg/5/sg-0520.png,1000,1682,0.59453
img/sg/5/sg-0521.png,1000,1684,0.593824
img/sg/5/sg-0522.png,1000,1670,0.598802
img/sg/5/sg-0523.png,1000,1686,0.59312
img/sg/5/sg-0524.png,1000,1724,0.580046
img/sg/5/sg-0525.png,1000,1676,0.596659
img/sg/5/sg-0526.png,1000,1683,0.594177
img/sg/5/sg-0527.png,1000,1694,0.590319
img/sg/5/sg-0528.png,1000,1686,0.59312
img/sg/5/sg-0529.png,1000,1679,0.595593
img/sg/5/sg-0530.png,1000,1689,0.592066
img/sg/5/sg-0531.png,1000,1690,0.591716
img/sg/5/sg-0532.png,1000,1719,0.581734
img/sg/5/sg-0533.png,1000,1673,0.597729
img/sg/5/sg-0534.png,1000,1688,0.592417
img/sg/5/sg-0535.png,1000,1661,0.602047
img/sg/5/sg-0536.png,1000,1659,0.602773
img/sg/5/sg-0537.png,1000,1687,0.592768
img/sg/5/sg-0538.png,1000,1676,0.596659
img/sg/5/sg-0539.png,1000,1674,0.597372
img/sg/5/sg-0540.png,1000,1687,0.592768
img/sg/5/sg-0541.png,1000,1648,0.606796
img/sg/5/sg-0542.png,1000,1676,0.596659
img/sg/5/sg-0543.png,1000,1671,0.598444
img/sg/5/sg-0544.png,1000,1684,0.593824
img/sg/5/sg-0545.png,1000,1689,0.592066
img/sg/5/sg-0546.png,1000,1694,0.590319
img/sg/5/sg-0547.png,1000,1679,0.595593
img/sg/5/sg-0548.png,1000,1696,0.589623
img/sg/5/sg-0549.png,1000,1661,0.602047
img/sg/5/sg-0550.png,1000,1676,0.596659
img/sg/5/sg-0551.png,1000,1679,0.595593
img/sg/5/sg-0552.png,1000,1704,0.586854
img/sg/5/sg-0553.png,1000,1686,0.59312
img/sg/5/sg-0554.png,1000,1674,0.597372
img/sg/5/sg-0555.png,1000,1689,0.592066
img/sg/5/sg-0556.png,1000,1724,0.580046
img/sg/5/sg-0557.png,1000,1682,0.59453
img/sg/5/sg-0558.png,1000,1684,0.593824
img/sg/5/sg-0559.png,1000,1682,0.59453
img/sg/5/sg-0560.png,1000,1688,0.592417
img/sg/5/sg-0561.png,1000,1688,0.592417
img/sg/5/sg-0562.png,1000,1678,0.595948
img/sg/5/sg-0563.png,1000,1693,0.590667
img/sg/5/sg-0564.png,1000,1725,0.57971
img/sg/5/sg-0565.png,1000,1677,0.596303
img/sg/5/sg-0566.png,1000,1678,0.595948
img/sg/5/sg-0567.png,1000,1690,0.591716
img/sg/5/sg-0568.png,1000,1696,0.589623
img/sg/5/sg-0569.png,1000,1688,0.592417
img/sg/5/sg-0570.png,1000,1681,0.594884
img/sg/5/sg-0571.png,1000,1687,0.592768
img/sg/5/sg-0572.png,1000,1712,0.584112
img/sg/5/sg-0573.png,1000,1686,0.59312
img/sg/5/sg-0574.png,1000,1680,0.595238
img/sg/5/sg-0575.png,1000,1684,0.593824
img/sg/5/sg-0576.png,1000,1663,0.601323
img/sg/5/sg-0577.png,1000,1668,0.59952
img/sg/5/sg-0578.png,1000,1665,0.600601
img/sg/5/sg-0579.png,1000,1657,0.6035
img/sg/5/sg-0580.png,1000,1718,0.582072
img/sg/5/sg-0581.png,1000,1687,0.592768
img/sg/5/sg-0582.png,1000,1653,0.604961
img/sg/5/sg-0583.png,1000,1678,0.595948
img/sg/5/sg-0584.png,1000,1680,0.595238
img/sg/5/sg-0585.png,1000,1666,0.60024
img/sg/5/sg-0586.png,1000,1662,0.601685
img/sg/5/sg-0587.png,1000,1672,0.598086
img/sg/5/sg-0588.png,1000,1717,0.582411
img/sg/5/sg-0589.png,1000,1666,0.60024
img/sg/5/sg-0590.png,1000,1684,0.593824
img/sg/5/sg-0591.png,1000,1666,0.60024
img/sg/5/sg-0592.png,1000,1691,0.591366
img/sg/5/sg-0593.png,1000,1682,0.59453
img/sg/5/sg-0594.png,1000,1662,0.601685
img/sg/5/sg-0595.png,1000,1681,0.594884
img/sg/5/sg-0596.png,1000,1729,0.578369
img/sg/5/sg-0597.png,1000,1659,0.602773
img/sg/5/sg-0598.png,1000,1670,0.598802
img/sg/5/sg-0599.png,1000,1679,0.595593
img/sg/6/sg-0600.png,1000,1685,0.593472
img/sg/6/sg-0601.png,1000,1676,0.596659
img/sg/6/sg-0602.png,1000,1670,0.598802
img/sg/6/sg-0603.png,1000,1685,0.593472
img/sg/6/sg-0604.png,1000,1715,0.58309
img/sg/6/sg-0605.png,1000,1681,0.594884
img/sg/6/sg-0606.png,1000,1670,0.598802
img/sg/6/sg-0607.png,1000,1692,0.591017
img/sg/6/sg-0608.png,1000,1693,0.590667
img/sg/6/sg-0609.png,1000,1692,0.591017
img/sg/6/sg-0610.png,1000,1684,0.593824
img/sg/6/sg-0611.png,1000,1676,0.596659
img/sg/6/sg-0612.png,1000,1714,0.583431
img/sg/6/sg-0613.png,1000,1658,0.603136
img/sg/6/sg-0614.png,1000,1672,0.598086
img/sg/6/sg-0615.png,1000,1667,0.59988
img/sg/6/sg-0616.png,1000,1687,0.592768
img/sg/6/sg-0617.png,1000,1666,0.60024
img/sg/6/sg-0618.png,1000,1674,0.597372
img/sg/6/sg-0619.png,1000,1690,0.591716
img/sg/6/sg-0620.png,1000,1716,0.582751
img/sg/6/sg-0621.png,1000,1686,0.59312
img/sg/6/sg-0622.png,1000,1678,0.595948
img/sg/6/sg-0623.png,1000,1659,0.602773
img/sg/6/sg-0624.png,1000,1682,0.59453
img/sg/6/sg-0625.png,1000,1631,0.613121
img/sg/6/sg-0626.png,1000,1668,0.59952
img/sg/6/sg-0627.png,1000,1681,0.594884
img/sg/6/sg-0628.png,1000,1783,0.560852
img/sg/6/sg-0629.png,1000,1682,0.59453
img/sg/6/sg-0630.png,1000,1659,0.602773
img/sg/6/sg-0631.png,1000,1677,0.596303
img/sg/6/sg-0632.png,1000,1690,0.591716
img/sg/6/sg-0633.png,1000,1697,0.589275
img/sg/6/sg-0634.png,1000,1683,0.594177
img/sg/6/sg-0635.png,1000,1669,0.599161
img/sg/6/sg-0636.png,1000,1727,0.579039
img/sg/6/sg-0637.png,1000,1674,0.597372
img/sg/6/sg-0638.png,1000,1675,0.597015
img/sg/6/sg-0639.png,1000,1682,0.59453
img/sg/6/sg-0640.png,1000,1595,0.626959
img/sg/6/sg-0641.png,1000,1697,0.589275
img/sg/6/sg-0642.png,1000,1701,0.587889
img/sg/6/sg-0643.png,1000,1686,0.59312
img/sg/6/sg-0644.png,1000,1715,0.58309
img/sg/6/sg-0645.png,1000,1679,0.595593
img/sg/6/sg-0646.png,1000,1679,0.595593
img/sg/6/sg-0647.png,1000,1675,0.597015
img/sg/6/sg-0648.png,1000,1687,0.592768
img/sg/6/sg-0649.png,1000,1691,0.591366
img/sg/6/sg-0650.png,1000,1690,0.591716
img/sg/6/sg-0651.png,1000,1682,0.59453
img/sg/6/sg-0652.png,1000,1734,0.576701
img/sg/6/sg-0653.png,1000,1678,0.595948
img/sg/6/sg-0654.png,1000,1706,0.586166
img/sg/6/sg-0655.png,1000,1702,0.587544
img/sg/6/sg-0656.png,1000,1697,0.589275
img/sg/6/sg-0657.png,1000,1696,0.589623
img/sg/6/sg-0658.png,1000,1686,0.59312
img/sg/6/sg-0659.png,1000,1686,0.59312
img/sg/6/sg-0660.png,1000,1722,0.58072
img/sg/6/sg-0661.png,1000,1698,0.588928
img/sg/6/sg-0662.png,1000,1671,0.598444
img/sg/6/sg-0663.png,1000,1682,0.59453
img/sg/6/sg-0664.png,1000,1700,0.588235
img/sg/6/sg-0665.png,1000,1667,0.59988
img/sg/6/sg-0666.png,1000,1678,0.595948
img/sg/6/sg-0667.png,1000,1689,0.592066
img/sg/6/sg-0668.png,1000,1698,0.588928
img/sg/6/sg-0669.png,1000,1682,0.59453
img/sg/6/sg-0670.png,1000,1685,0.593472
img/sg/6/sg-0671.png,1000,1693,0.590667
img/sg/6/sg-0672.png,1000,1549,0.645578
img/sg/6/sg-0673.png,1000,1559,0.641437
img/sg/6/sg-0674.png,1000,1680,0.595238
img/sg/6/sg-0675.png,1000,1686,0.59312
img/sg/6/sg-0676.png,1000,1726,0.579374
img/sg/6/sg-0677.png,1000,1596,0.626566
img/sg/6/sg-0678.png,1000,1666,0.60024
img/sg/6/sg-0679.png,1000,1683,0.594177
img/sg/6/sg-0680.png,1000,1698,0.588928
img/sg/6/sg-0681.png,1000,1694,0.590319
img/sg/6/sg-0682.png,1000,1676,0.596659
img/sg/6/sg-0683.png,1000,1700,0.588235
img/sg/6/sg-0684.png,1000,1735,0.576369
img/sg/6/sg-0685.png,1000,1695,0.589971
img/sg/6/sg-0686.png,1000,1678,0.595948
img/sg/6/sg-0687.png,1000,1700,0.588235
img/sg/6/sg-0688.png,1000,1712,0.584112
img/sg/6/sg-0689.png,1000,1681,0.594884
img/sg/6/sg-0690.png,1000,1681,0.594884
img/sg/6/sg-0691.png,1000,1682,0.59453
img/sg/6/sg-0692.png,1000,1710,0.584795
img/sg/6/sg-0693.png,1000,1684,0.593824
img/sg/6/sg-0694.png,1000,1679,0.595593
img/sg/6/sg-0695.png,1000,1696,0.589623
img/sg/6/sg-0696.png,1000,1699,0.588582
img/sg/6/sg-0697.png,1000,1692,0.591017
img/sg/6/sg-0698.png,1000,1692,0.591017
img/sg/6/sg-0699.png,1000,1688,0.592417
img/sg/7/sg-0700.png,1000,1730,0.578035
img/sg/7/sg-0701.png,1000,1679,0.595593
img/sg/7/sg-0702.png,1000,1682,0.59453
img/sg/7/sg-0703.png,1000,1697,0.589275
img/sg/7/sg-0704.png,1000,1706,0.586166
img/sg/7/sg-0705.png,1000,1697,0.589275
img/sg/7/sg-0706.png,1000,1700,0.588235
img/sg/7/sg-0707.png,1000,1700,0.588235
img/sg/7/sg-0708.png,1000,1705,0.58651
img/sg/7/sg-0709.png,1000,1681,0.594884
img/sg/7/sg-0710.png,1000,1689,0.592066
img/sg/7/sg-0711.png,1000,1694,0.590319
img/sg/7/sg-0712.png,1000,1691,0.591366
img/sg/7/sg-0713.png,1000,1670,0.598802
img/sg/7/sg-0714.png,1000,1680,0.595238
img/sg/7/sg-0715.png,1000,1683,0.594177
img/sg/7/sg-0716.png,1000,1729,0.578369
img/sg/7/sg-0717.png,1000,1692,0.591017
img/sg/7/sg-0718.png,1000,1689,0.592066
img/sg/7/sg-0719.png,1000,1683,0.594177
img/sg/7/sg-0720.png,1000,1687,0.592768
img/sg/7/sg-0721.png,1000,1695,0.589971
img/sg/7/sg-0722.png,1000,1686,0.59312
img/sg/7/sg-0723.png,1000,1679,0.595593
img/sg/7/sg-0724.png,1000,1723,0.580383
img/sg/7/sg-0725.png,1000,1690,0.591716
img/sg/7/sg-0726.png,1000,1700,0.588235
img/sg/7/sg-0727.png,1000,1690,0.591716
img/sg/7/sg-0728.png,1000,1687,0.592768
img/sg/7/sg-0729.png,1000,1688,0.592417
img/sg/7/sg-0730.png,1000,1676,0.596659
img/sg/7/sg-0731.png,1000,1680,0.595238
img/sg/7/sg-0732.png,1000,1709,0.585138
img/sg/7/sg-0733.png,1000,1690,0.591716
img/sg/7/sg-0734.png,1000,1683,0.594177
img/sg/7/sg-0735.png,1000,1692,0.591017
img/sg/7/sg-0736.png,1000,1718,0.582072
img/sg/7/sg-0737.png,1000,1702,0.587544
img/sg/7/sg-0738.png,1000,1709,0.585138
img/sg/7/sg-0739.png,1000,1691,0.591366
img/sg/7/sg-0740.png,1000,1727,0.579039
img/sg/7/sg-0741.png,1000,1695,0.589971
img/sg/7/sg-0742.png,1000,1703,0.587199
img/sg/7/sg-0743.png,1000,1688,0.592417
img/sg/7/sg-0744.png,1000,1704,0.586854
img/sg/7/sg-0745.png,1000,1695,0.589971
img/sg/7/sg-0746.png,1000,1684,0.593824
img/sg/7/sg-0747.png,1000,1693,0.590667
img/sg/7/sg-0748.png,1000,1726,0.579374
img/sg/7/sg-0749.png,1000,1686,0.59312
img/sg/7/sg-0750.png,1000,1692,0.591017
img/sg/7/sg-0751.png,1000,1694,0.590319
img/sg/7/sg-0752.png,1000,1679,0.595593
img/sg/7/sg-0753.png,1000,1707,0.585823
img/sg/7/sg-0754.png,1000,1682,0.59453
img/sg/7/sg-0755.png,1000,1690,0.591716
img/sg/7/sg-0756.png,1000,1703,0.587199
img/sg/7/sg-0757.png,1000,1661,0.602047
img/sg/7/sg-0758.png,1000,1672,0.598086
img/sg/7/sg-0759.png,1000,1680,0.595238
img/sg/7/sg-0760.png,1000,1712,0.584112
img/sg/7/sg-0761.png,1000,1684,0.593824
img/sg/7/sg-0762.png,1000,1688,0.592417
img/sg/7/sg-0763.png,1000,1696,0.589623
img/sg/7/sg-0764.png,1000,1729,0.578369
img/sg/7/sg-0765.png,1000,1670,0.598802
img/sg/7/sg-0766.png,1000,1689,0.592066
img/sg/7/sg-0767.png,1000,1684,0.593824
img/sg/7/sg-0768.png,1000,1691,0.591366
img/sg/7/sg-0769.png,1000,1688,0.592417
img/sg/7/sg-0770.png,1000,1668,0.59952
img/sg/7/sg-0771.png,1000,1686,0.59312
img/sg/7/sg-0772.png,1000,1718,0.582072
img/sg/7/sg-0773.png,1000,1654,0.604595
img/sg/7/sg-0774.png,1000,1699,0.588582
img/sg/7/sg-0775.png,1000,1682,0.59453
img/sg/7/sg-0776.png,1000,1671,0.598444
img/sg/7/sg-0777.png,1000,1690,0.591716
img/sg/7/sg-0778.png,1000,1655,0.60423
img/sg/7/sg-0779.png,1000,1692,0.591017
img/sg/7/sg-0780.png,1000,1720,0.581395
img/sg/7/sg-0781.png,1000,1675,0.597015
img/sg/7/sg-0782.png,1000,1683,0.594177
img/sg/7/sg-0783.png,1000,1677,0.596303
img/sg/7/sg-0784.png,1000,1686,0.59312
img/sg/7/sg-0785.png,1000,1680,0.595238
img/sg/7/sg-0786.png,1000,1689,0.592066
img/sg/7/sg-0787.png,1000,1691,0.591366
img/sg/7/sg-0788.png,1000,1679,0.595593
img/sg/7/sg-0789.png,1000,1669,0.599161
img/sg/7/sg-0790.png,1000,1667,0.59988
img/sg/7/sg-0791.png,1000,1684,0.593824
img/sg/7/sg-0792.png,1000,1691,0.591366
img/sg/7/sg-0793.png,1000,1668,0.59952
img/sg/7/sg-0794.png,1000,1676,0.596659
img/sg/7/sg-0795.png,1000,1677,0.596303
img/sg/7/sg-0796.png,1000,1727,0.579039
img/sg/7/sg-0797.png,1000,1680,0.595238
img/sg/7/sg-0798.png,1000,1673,0.597729
img/sg/7/sg-0799.png,1000,1689,0.592066
img/sg/8/sg-0800.png,1000,1680,0.595238
img/sg/8/sg-0801.png,1000,1686,0.59312
img/sg/8/sg-0802.png,1000,1686,0.59312
img/sg/8/sg-0803.png,1000,1702,0.587544
img/sg/8/sg-0804.png,1000,1734,0.576701
img/sg/8/sg-0805.png,1000,1681,0.594884
img/sg/8/sg-0806.png,1000,1676,0.596659
img/sg/8/sg-0807.png,1000,1680,0.595238
img/sg/8/sg-0808.png,1000,1700,0.588235
img/sg/8/sg-0809.png,1000,1681,0.594884
img/sg/8/sg-0810.png,1000,1688,0.592417
img/sg/8/sg-0811.png,1000,1688,0.592417
img/sg/8/sg-0812.png,1000,1724,0.580046
img/sg/8/sg-0813.png,1000,1690,0.591716
img/sg/8/sg-0814.png,1000,1682,0.59453
img/sg/8/sg-0815.png,1000,1703,0.587199
img/sg/8/sg-0816.png,1000,1693,0.590667
img/sg/8/sg-0817.png,1000,1683,0.594177
img/sg/8/sg-0818.png,1000,1679,0.595593
img/sg/8/sg-0819.png,1000,1694,0.590319
img/sg/8/sg-0820.png,1000,1720,0.581395
img/sg/8/sg-0821.png,1000,1688,0.592417
img/sg/8/sg-0822.png,1000,1696,0.589623
img/sg/8/sg-0823.png,1000,1692,0.591017
img/sg/8/sg-0824.png,1000,1681,0.594884
img/sg/8/sg-0825.png,1000,1679,0.595593
img/sg/8/sg-0826.png,1000,1692,0.591017
img/sg/8/sg-0827.png,1000,1684,0.593824
img/sg/8/sg-0828.png,1000,1735,0.576369
img/sg/8/sg-0829.png,1000,1663,0.601323
img/sg/8/sg-0830.png,1000,1699,0.588582
img/sg/8/sg-0831.png,1000,1680,0.595238
img/sg/8/sg-0832.png,1000,1677,0.596303
img/sg/8/sg-0833.png,1000,1690,0.591716
img/sg/8/sg-0834.png,1000,1673,0.597729
img/sg/8/sg-0835.png,1000,1684,0.593824
img/sg/8/sg-0836.png,1000,1713,0.583771
img/sg/8/sg-0837.png,1000,1688,0.592417
img/sg/8/sg-0838.png,1000,1687,0.592768
img/sg/8/sg-0839.png,1000,1662,0.601685
img/sg/8/sg-0840.png,1000,1696,0.589623
img/sg/8/sg-0841.png,1000,1686,0.59312
img/sg/8/sg-0842.png,1000,1674,0.597372
img/sg/8/sg-0843.png,1000,1669,0.599161
img/sg/8/sg-0844.png,1000,1710,0.584795
img/sg/8/sg-0845.png,1000,1668,0.59952
img/sg/8/sg-0846.png,1000,1683,0.594177
img/sg/8/sg-0847.png,1000,1692,0.591017
img/sg/8/sg-0848.png,1000,1697,0.589275
img/sg/8/sg-0849.png,1000,1683,0.594177
img/sg/8/sg-0850.png,1000,1679,0.595593
img/sg/8/sg-0851.png,1000,1671,0.598444
img/sg/8/sg-0852.png,1000,1734,0.576701
img/sg/8/sg-0853.png,1000,1662,0.601685
img/sg/8/sg-0854.png,1000,1693,0.590667
img/sg/8/sg-0855.png,1000,1676,0.596659
img/sg/8/sg-0856.png,1000,1688,0.592417
img/sg/8/sg-0857.png,1000,1674,0.597372
img/sg/8/sg-0858.png,1000,1685,0.593472
img/sg/8/sg-0859.png,1000,1675,0.597015
img/sg/8/sg-0860.png,1000,1699,0.588582
img/sg/8/sg-0861.png,1000,1687,0.592768
img/sg/8/sg-0862.png,1000,1674,0.597372
img/sg/8/sg-0863.png,1000,1690,0.591716
img/sg/8/sg-0864.png,1000,1698,0.588928
img/sg/8/sg-0865.png,1000,1683,0.594177
img/sg/8/sg-0866.png,1000,1690,0.591716
img/sg/8/sg-0867.png,1000,1695,0.589971
img/sg/8/sg-0868.png,1000,1726,0.579374
img/sg/8/sg-0869.png,1000,1673,0.597729
img/sg/8/sg-0870.png,1000,1671,0.598444
img/sg/8/sg-0871.png,1000,1677,0.596303
img/sg/8/sg-0872.png,1000,1684,0.593824
img/sg/8/sg-0873.png,1000,1660,0.60241
img/sg/8/sg-0874.png,1000,1683,0.594177
img/sg/8/sg-0875.png,1000,1686,0.59312
img/sg/8/sg-0876.png,1000,1728,0.578704
img/sg/8/sg-0877.png,1000,1654,0.604595
img/sg/8/sg-0878.png,1000,1682,0.59453
img/sg/8/sg-0879.png,1000,1666,0.60024
img/sg/8/sg-0880.png,1000,1689,0.592066
img/sg/8/sg-0881.png,1000,1693,0.590667
img/sg/8/sg-0882.png,1000,1688,0.592417
img/sg/8/sg-0883.png,1000,1692,0.591017
img/sg/8/sg-0884.png,1000,1715,0.58309
img/sg/8/sg-0885.png,1000,1664,0.600962
img/sg/8/sg-0886.png,1000,1691,0.591366
img/sg/8/sg-0887.png,1000,1651,0.605694
img/sg/8/sg-0888.png,1000,1688,0.592417
img/sg/8/sg-0889.png,1000,1696,0.589623
img/sg/8/sg-0890.png,1000,1669,0.599161
img/sg/8/sg-0891.png,1000,1682,0.59453
img/sg/8/sg-0892.png,1000,1723,0.580383
img/sg/8/sg-0893.png,1000,1669,0.599161
img/sg/8/sg-0894.png,1000,1682,0.59453
img/sg/8/sg-0895.png,1000,1687,0.592768
img/sg/8/sg-0896.png,1000,1683,0.594177
img/sg/8/sg-0897.png,1000,1691,0.591366
img/sg/8/sg-0898.png,1000,1688,0.592417
img/sg/8/sg-0899.png,1000,1679,0.595593
img/sg/9/sg-0900.png,1000,1712,0.584112
img/sg/9/sg-0901.png,1000,1661,0.602047
img/sg/9/sg-0902.png,1000,1685,0.593472
img/sg/9/sg-0903.png,1000,1692,0.591017
img/sg/9/sg-0904.png,1000,1694,0.590319
img/sg/9/sg-0905.png,1000,1686,0.59312
img/sg/9/sg-0906.png,1000,1684,0.593824
img/sg/9/sg-0907.png,1000,1695,0.589971
img/sg/9/sg-0908.png,1000,1694,0.590319
img/sg/9/sg-0909.png,1000,1689,0.592066
img/sg/9/sg-0910.png,1000,1669,0.599161
img/sg/9/sg-0911.png,1000,1676,0.596659
img/sg/9/sg-0912.png,1000,1673,0.597729
img/sg/9/sg-0913.png,1000,1685,0.593472
img/sg/9/sg-0914.png,1000,1677,0.596303
img/sg/9/sg-0915.png,1000,1681,0.594884
img/sg/9/sg-0916.png,1000,1719,0.581734
img/sg/9/sg-0917.png,1000,1691,0.591366
img/sg/9/sg-0918.png,1000,1668,0.59952
img/sg/9/sg-0919.png,1000,1675,0.597015
img/sg/9/sg-0920.png,1000,1679,0.595593
img/sg/9/sg-0921.png,1000,1676,0.596659
img/sg/9/sg-0922.png,1000,1556,0.642674
img/sg/9/sg-0923.png,1000,1690,0.591716
img/sg/9/sg-0924.png,1000,1692,0.591017
img/sg/9/sg-0925.png,1000,1697,0.589275
img/sg/9/sg-0926.png,1000,1696,0.589623
img/sg/9/sg-0927.png,1000,1694,0.590319
img/sg/9/sg-0928.png,1000,1704,0.586854
img/sg/9/sg-0929.png,1000,1682,0.59453
img/sg/9/sg-0930.png,1000,1684,0.593824
img/sg/9/sg-0931.png,1000,1692,0.591017
img/sg/9/sg-0932.png,1000,1730,0.578035
img/sg/9/sg-0933.png,1000,1662,0.601685
img/sg/9/sg-0934.png,1000,1700,0.588235
img/sg/9/sg-0935.png,1000,1696,0.589623
img/sg/9/sg-0936.png,1000,1683,0.594177
img/sg/9/sg-0937.png,1000,1700,0.588235
img/sg/9/sg-0938.png,1000,1683,0.594177
img/sg/9/sg-0939.png,1000,1695,0.589971
img/sg/9/sg-0940.png,1000,1719,0.581734
img/sg/9/sg-0941.png,1000,1685,0.593472
img/sg/9/sg-0942.png,1000,1700,0.588235
img/sg/9/sg-0943.png,1000,1696,0.589623
img/sg/9/sg-0944.png,1000,1687,0.592768
img/sg/9/sg-0945.png,1000,1688,0.592417
img/sg/9/sg-0946.png,1000,1686,0.59312
img/sg/9/sg-0947.png,1000,1682,0.59453
img/sg/9/sg-0948.png,1000,1704,0.586854
img/sg/9/sg-0949.png,1000,1689,0.592066
img/sg/9/sg-0950.png,1000,1684,0.593824
img/sg/9/sg-0951.png,1000,1677,0.596303
img/sg/9/sg-0952.png,1000,1698,0.588928
img/sg/9/sg-0953.png,1000,1694,0.590319
img/sg/9/sg-0954.png,1000,1675,0.597015
img/sg/9/sg-0955.png,1000,1682,0.59453
img/sg/9/sg-0956.png,1000,1698,0.588928
img/sg/9/sg-0957.png,1000,1661,0.602047
img/sg/9/sg-0958.png,1000,1677,0.596303
img/sg/9/sg-0959.png,1000,1689,0.592066
img/sg/9/sg-0960.png,1000,1676,0.596659
img/sg/9/sg-0961.png,1000,1691,0.591366
img/sg/9/sg-0962.png,1000,1688,0.592417
img/sg/9/sg-0963.png,1000,1689,0.592066
img/sg/9/sg-0964.png,1000,1706,0.586166
img/sg/9/sg-0965.png,1000,1644,0.608273
img/sg/9/sg-0966.png,1000,1676,0.596659
img/sg/9/sg-0967.png,1000,1679,0.595593
img/sg/9/sg-0968.png,1000,1666,0.60024
img/sg/9/sg-0969.png,1000,1674,0.597372
img/sg/9/sg-0970.png,1000,1684,0.593824
img/sg/9/sg-0971.png,1000,1696,0.589623
img/sg/9/sg-0972.png,1000,1687,0.592768
img/sg/9/sg-0973.png,1000,1687,0.592768
img/sg/9/sg-0974.png,1000,1666,0.60024
img/sg/9/sg-0975.png,1000,1684,0.593824
img/sg/9/sg-0976.png,1000,1692,0.591017
img/sg/9/sg-0977.png,1000,1683,0.594177
img/sg/9/sg-0978.png,1000,1686,0.59312
img/sg/9/sg-0979.png,1000,1680,0.595238
img/sg/9/sg-0980.png,1000,1699,0.588582
img/sg/9/sg-0981.png,1000,1667,0.59988
img/sg/9/sg-0982.png,1000,1689,0.592066
img/sg/9/sg-0983.png,1000,1681,0.594884
img/sg/9/sg-0984.png,1000,1689,0.592066
img/sg/9/sg-0985.png,1000,1676,0.596659
img/sg/9/sg-0986.png,1000,1681,0.594884
img/sg/9/sg-0987.png,1000,1684,0.593824
img/sg/9/sg-0988.png,1000,1686,0.59312
img/sg/9/sg-0989.png,1000,1642,0.609013
img/sg/9/sg-0990.png,1000,1694,0.590319
img/sg/9/sg-0991.png,1000,1679,0.595593
img/sg/9/sg-0992.png,1000,1688,0.592417
img/sg/9/sg-0993.png,1000,1700,0.588235
img/sg/9/sg-0994.png,1000,1680,0.595238
img/sg/9/sg-0995.png,1000,1689,0.592066
img/sg/9/sg-0996.png,1000,1719,0.581734
img/sg/9/sg-0997.png,1000,1676,0.596659
img/sg/9/sg-0998.png,1000,1689,0.592066
img/sg/9/sg-0999.png,1000,1702,0.587544
