img/umr/0/umr-0001.png,1024,1426,0.718093
img/umr/0/umr-0002.png,1024,1426,0.718093
img/umr/0/umr-0003.png,1024,1426,0.718093
img/umr/0/umr-0004.png,1024,1426,0.718093
img/umr/0/umr-0005.png,1024,1426,0.718093
img/umr/0/umr-0006.png,1024,1426,0.718093
img/umr/0/umr-0007.png,1024,1426,0.718093
img/umr/0/umr-0008.png,1024,1426,0.718093
img/umr/0/umr-0009.png,1024,1426,0.718093
img/umr/0/umr-0010.png,1024,1426,0.718093
img/umr/0/umr-0011.png,1024,1426,0.718093
img/umr/0/umr-0012.png,1024,1426,0.718093
img/umr/0/umr-0013.png,1024,1426,0.718093
img/umr/0/umr-0014.png,1024,1426,0.718093
img/umr/0/umr-0015.png,1024,1426,0.718093
img/umr/0/umr-0016.png,1024,1426,0.718093
img/umr/0/umr-0017.png,1024,1426,0.718093
img/umr/0/umr-0018.png,1024,1426,0.718093
img/umr/0/umr-0019.png,1024,1426,0.718093
img/umr/0/umr-0020.png,1024,1426,0.718093
img/umr/0/umr-0021.png,1024,1426,0.718093
img/umr/0/umr-0022.png,1024,1426,0.718093
img/umr/0/umr-0023.png,1024,1426,0.718093
img/umr/0/umr-0024.png,1024,1426,0.718093
img/umr/0/umr-0025.png,1024,1426,0.718093
img/umr/0/umr-0026.png,1024,1426,0.718093
img/umr/0/umr-0027.png,1024,1426,0.718093
img/umr/0/umr-0028.png,1024,1426,0.718093
img/umr/0/umr-0029.png,1024,1426,0.718093
img/umr/0/umr-0030.png,1024,1426,0.718093
img/umr/0/umr-0031.png,1024,1426,0.718093
img/umr/0/umr-0032.png,1024,1426,0.718093
img/umr/0/umr-0033.png,1024,1426,0.718093
img/umr/0/umr-0034.png,1024,1426,0.718093
img/umr/0/umr-0035.png,1024,1426,0.718093
img/umr/0/umr-0036.png,1024,1426,0.718093
img/umr/0/umr-0037.png,1024,1426,0.718093
img/umr/0/umr-0038.png,1024,1426,0.718093
img/umr/0/umr-0039.png,1024,1426,0.718093
img/umr/0/umr-0040.png,1024,1426,0.718093
img/umr/0/umr-0041.png,1024,1426,0.718093
img/umr/0/umr-0042.png,1024,1426,0.718093
img/umr/0/umr-0043.png,1024,1426,0.718093
img/umr/0/umr-0044.png,1024,1426,0.718093
img/umr/0/umr-0045.png,1024,1426,0.718093
img/umr/0/umr-0046.png,1024,1426,0.718093
img/umr/0/umr-0047.png,1024,1426,0.718093
img/umr/0/umr-0048.png,1024,1426,0.718093
img/umr/0/umr-0049.png,1024,1426,0.718093
img/umr/0/umr-0050.png,1024,1426,0.718093
img/umr/0/umr-0051.png,1024,1426,0.718093
img/umr/0/umr-0052.png,1024,1426,0.718093
img/umr/0/umr-0053.png,1024,1426,0.718093
img/umr/0/umr-0054.png,1024,1426,0.718093
img/umr/0/umr-0055.png,1024,1426,0.718093
img/umr/0/umr-0056.png,1024,1426,0.718093
img/umr/0/umr-0057.png,1024,1426,0.718093
img/umr/0/umr-0058.png,1024,1426,0.718093
img/umr/0/umr-0059.png,1024,1426,0.718093
img/umr/0/umr-0060.png,1024,1426,0.718093
img/umr/0/umr-0061.png,1024,1426,0.718093
img/umr/0/umr-0062.png,1024,1426,0.718093
img/umr/0/umr-0063.png,1024,1426,0.718093
img/umr/0/umr-0064.png,1024,1426,0.718093
img/umr/0/umr-0065.png,1024,1426,0.718093
img/umr/0/umr-0066.png,1024,1426,0.718093
img/umr/0/umr-0067.png,1024,1426,0.718093
img/umr/0/umr-0068.png,1024,1426,0.718093
img/umr/0/umr-0069.png,1024,1426,0.718093
img/umr/0/umr-0070.png,1024,1426,0.718093
img/umr/0/umr-0071.png,1024,1426,0.718093
img/umr/0/umr-0072.png,1024,1426,0.718093
img/umr/0/umr-0073.png,1024,1426,0.718093
img/umr/0/umr-0074.png,1024,1426,0.718093
img/umr/0/umr-0075.png,1024,1426,0.718093
img/umr/0/umr-0076.png,1024,1426,0.718093
img/umr/0/umr-0077.png,1024,1426,0.718093
img/umr/0/umr-0078.png,1024,1426,0.718093
img/umr/0/umr-0079.png,1024,1426,0.718093
img/umr/0/umr-0080.png,1024,1426,0.718093
img/umr/0/umr-0081.png,1024,1426,0.718093
img/umr/0/umr-0082.png,1024,1426,0.718093
img/umr/0/umr-0083.png,1024,1426,0.718093
img/umr/0/umr-0084.png,1024,1426,0.718093
img/umr/0/umr-0085.png,1024,1426,0.718093
img/umr/0/umr-0086.png,1024,1426,0.718093
img/umr/0/umr-0087.png,1024,1426,0.718093
img/umr/0/umr-0088.png,1024,1426,0.718093
img/umr/0/umr-0089.png,1024,1426,0.718093
img/umr/0/umr-0090.png,1024,1426,0.718093
img/umr/0/umr-0091.png,1024,1426,0.718093
img/umr/0/umr-0092.png,1024,1426,0.718093
img/umr/0/umr-0093.png,1024,1426,0.718093
img/umr/0/umr-0094.png,1024,1426,0.718093
img/umr/0/umr-0095.png,1024,1426,0.718093
img/umr/0/umr-0096.png,1024,1426,0.718093
img/umr/0/umr-0097.png,1024,1426,0.718093
img/umr/0/umr-0098.png,1024,1426,0.718093
img/umr/0/umr-0099.png,1024,1426,0.718093
img/umr/10/umr-1000.png,1024,1426,0.718093
img/umr/10/umr-1001.png,1024,1426,0.718093
img/umr/10/umr-1002.png,1024,1426,0.718093
img/umr/10/umr-1003.png,1024,1426,0.718093
img/umr/10/umr-1004.png,1024,1426,0.718093
img/umr/10/umr-1005.png,1024,1426,0.718093
img/umr/10/umr-1006.png,1024,1426,0.718093
img/umr/10/umr-1007.png,1024,1426,0.718093
img/umr/10/umr-1008.png,1024,1426,0.718093
img/umr/10/umr-1009.png,1024,1426,0.718093
img/umr/10/umr-1010.png,1024,1426,0.718093
img/umr/10/umr-1011.png,1024,1426,0.718093
img/umr/10/umr-1012.png,1024,1426,0.718093
img/umr/10/umr-1013.png,1024,1426,0.718093
img/umr/10/umr-1014.png,1024,1426,0.718093
img/umr/10/umr-1015.png,1024,1426,0.718093
img/umr/10/umr-1016.png,1024,1426,0.718093
img/umr/10/umr-1017.png,1024,1426,0.718093
img/umr/10/umr-1018.png,1024,1426,0.718093
img/umr/10/umr-1019.png,1024,1426,0.718093
img/umr/10/umr-1020.png,1024,1426,0.718093
img/umr/10/umr-1021.png,1024,1426,0.718093
img/umr/10/umr-1022.png,1024,1426,0.718093
img/umr/10/umr-1023.png,1024,1426,0.718093
img/umr/10/umr-1024.png,1024,1426,0.718093
img/umr/10/umr-1025.png,1024,1426,0.718093
img/umr/10/umr-1026.png,1024,1426,0.718093
img/umr/10/umr-1027.png,1024,1426,0.718093
img/umr/10/umr-1028.png,1024,1426,0.718093
img/umr/10/umr-1029.png,1024,1426,0.718093
img/umr/10/umr-1030.png,1024,1426,0.718093
img/umr/10/umr-1031.png,1024,1426,0.718093
img/umr/10/umr-1032.png,1024,1426,0.718093
img/umr/10/umr-1033.png,1024,1426,0.718093
img/umr/10/umr-1034.png,1024,1426,0.718093
img/umr/10/umr-1035.png,1024,1426,0.718093
img/umr/10/umr-1036.png,1024,1426,0.718093
img/umr/10/umr-1037.png,1024,1426,0.718093
img/umr/10/umr-1038.png,1024,1426,0.718093
img/umr/10/umr-1039.png,1024,1426,0.718093
img/umr/10/umr-1040.png,1024,1426,0.718093
img/umr/10/umr-1041.png,1024,1426,0.718093
img/umr/10/umr-1042.png,1024,1426,0.718093
img/umr/10/umr-1043.png,1024,1426,0.718093
img/umr/10/umr-1044.png,1024,1426,0.718093
img/umr/10/umr-1045.png,1024,1426,0.718093
img/umr/10/umr-1046.png,1024,1426,0.718093
img/umr/10/umr-1047.png,1024,1426,0.718093
img/umr/10/umr-1048.png,1024,1426,0.718093
img/umr/10/umr-1049.png,1024,1426,0.718093
img/umr/10/umr-1050.png,1024,1426,0.718093
img/umr/10/umr-1051.png,1024,1426,0.718093
img/umr/10/umr-1052.png,1024,1426,0.718093
img/umr/10/umr-1053.png,1024,1426,0.718093
img/umr/10/umr-1054.png,1024,1426,0.718093
img/umr/10/umr-1055.png,1024,1426,0.718093
img/umr/10/umr-1056.png,1024,1426,0.718093
img/umr/10/umr-1057.png,1024,1426,0.718093
img/umr/10/umr-1058.png,1024,1426,0.718093
img/umr/10/umr-1059.png,1024,1426,0.718093
img/umr/10/umr-1060.png,1024,1426,0.718093
img/umr/10/umr-1061.png,1024,1426,0.718093
img/umr/10/umr-1062.png,1024,1426,0.718093
img/umr/10/umr-1063.png,1024,1426,0.718093
img/umr/10/umr-1064.png,1024,1426,0.718093
img/umr/10/umr-1065.png,1024,1426,0.718093
img/umr/10/umr-1066.png,1024,1426,0.718093
img/umr/10/umr-1067.png,1024,1426,0.718093
img/umr/10/umr-1068.png,1024,1426,0.718093
img/umr/10/umr-1069.png,1024,1426,0.718093
img/umr/10/umr-1070.png,1024,1426,0.718093
img/umr/10/umr-1071.png,1024,1426,0.718093
img/umr/10/umr-1072.png,1024,1426,0.718093
img/umr/10/umr-1073.png,1024,1426,0.718093
img/umr/10/umr-1074.png,1024,1426,0.718093
img/umr/10/umr-1075.png,1024,1426,0.718093
img/umr/10/umr-1076.png,1024,1426,0.718093
img/umr/10/umr-1077.png,1024,1426,0.718093
img/umr/10/umr-1078.png,1024,1426,0.718093
img/umr/10/umr-1079.png,1024,1426,0.718093
img/umr/10/umr-1080.png,1024,1426,0.718093
img/umr/10/umr-1081.png,1024,1426,0.718093
img/umr/10/umr-1082.png,1024,1426,0.718093
img/umr/10/umr-1083.png,1024,1426,0.718093
img/umr/10/umr-1084.png,1024,1426,0.718093
img/umr/10/umr-1085.png,1024,1426,0.718093
img/umr/10/umr-1086.png,1024,1426,0.718093
img/umr/10/umr-1087.png,1024,1426,0.718093
img/umr/10/umr-1088.png,1024,1426,0.718093
img/umr/10/umr-1089.png,1024,1426,0.718093
img/umr/10/umr-1090.png,1024,1426,0.718093
img/umr/10/umr-1091.png,1024,1426,0.718093
img/umr/10/umr-1092.png,1024,1426,0.718093
img/umr/10/umr-1093.png,1024,1426,0.718093
img/umr/10/umr-1094.png,1024,1426,0.718093
img/umr/10/umr-1095.png,1024,1426,0.718093
img/umr/10/umr-1096.png,1024,1426,0.718093
img/umr/10/umr-1097.png,1024,1426,0.718093
img/umr/10/umr-1098.png,1024,1426,0.718093
img/umr/10/umr-1099.png,1024,1426,0.718093
img/umr/11/umr-1100.png,1024,1426,0.718093
img/umr/11/umr-1101.png,1024,1426,0.718093
img/umr/11/umr-1102.png,1024,1426,0.718093
img/umr/11/umr-1103.png,1024,1426,0.718093
img/umr/11/umr-1104.png,1024,1426,0.718093
img/umr/11/umr-1105.png,1024,1426,0.718093
img/umr/11/umr-1106.png,1024,1426,0.718093
img/umr/11/umr-1107.png,1024,1426,0.718093
img/umr/11/umr-1108.png,1024,1426,0.718093
img/umr/11/umr-1109.png,1024,1426,0.718093
img/umr/11/umr-1110.png,1024,1426,0.718093
img/umr/11/umr-1111.png,1024,1426,0.718093
img/umr/11/umr-1112.png,1024,1426,0.718093
img/umr/11/umr-1113.png,1024,1426,0.718093
img/umr/11/umr-1114.png,1024,1426,0.718093
img/umr/11/umr-1115.png,1024,1426,0.718093
img/umr/11/umr-1116.png,1024,1426,0.718093
img/umr/11/umr-1117.png,1024,1426,0.718093
img/umr/11/umr-1118.png,1024,1426,0.718093
img/umr/11/umr-1119.png,1024,1426,0.718093
img/umr/11/umr-1120.png,1024,1426,0.718093
img/umr/11/umr-1121.png,1024,1426,0.718093
img/umr/11/umr-1122.png,1024,1426,0.718093
img/umr/11/umr-1123.png,1024,1426,0.718093
img/umr/11/umr-1124.png,1024,1426,0.718093
img/umr/11/umr-1125.png,1024,1426,0.718093
img/umr/11/umr-1126.png,1024,1426,0.718093
img/umr/11/umr-1127.png,1024,1426,0.718093
img/umr/11/umr-1128.png,1024,1426,0.718093
img/umr/11/umr-1129.png,1024,1426,0.718093
img/umr/11/umr-1130.png,1024,1426,0.718093
img/umr/11/umr-1131.png,1024,1426,0.718093
img/umr/11/umr-1132.png,1024,1426,0.718093
img/umr/11/umr-1133.png,1024,1426,0.718093
img/umr/11/umr-1134.png,1024,1426,0.718093
img/umr/11/umr-1135.png,1024,1426,0.718093
img/umr/11/umr-1136.png,1024,1426,0.718093
img/umr/11/umr-1137.png,1024,1426,0.718093
img/umr/11/umr-1138.png,1024,1426,0.718093
img/umr/11/umr-1139.png,1024,1426,0.718093
img/umr/11/umr-1140.png,1024,1426,0.718093
img/umr/11/umr-1141.png,1024,1426,0.718093
img/umr/11/umr-1142.png,1024,1426,0.718093
img/umr/11/umr-1143.png,1024,1426,0.718093
img/umr/11/umr-1144.png,1024,1426,0.718093
img/umr/11/umr-1145.png,1024,1426,0.718093
img/umr/11/umr-1146.png,1024,1426,0.718093
img/umr/11/umr-1147.png,1024,1426,0.718093
img/umr/11/umr-1148.png,1024,1426,0.718093
img/umr/11/umr-1149.png,1024,1426,0.718093
img/umr/11/umr-1150.png,1024,1426,0.718093
img/umr/11/umr-1151.png,1024,1426,0.718093
img/umr/11/umr-1152.png,1024,1426,0.718093
img/umr/11/umr-1153.png,1024,1426,0.718093
img/umr/11/umr-1154.png,1024,1426,0.718093
img/umr/11/umr-1155.png,1024,1426,0.718093
img/umr/11/umr-1156.png,1024,1426,0.718093
img/umr/11/umr-1157.png,1024,1426,0.718093
img/umr/11/umr-1158.png,1024,1426,0.718093
img/umr/11/umr-1159.png,1024,1426,0.718093
img/umr/11/umr-1160.png,1024,1426,0.718093
img/umr/11/umr-1161.png,1024,1426,0.718093
img/umr/11/umr-1162.png,1024,1426,0.718093
img/umr/11/umr-1163.png,1024,1426,0.718093
img/umr/11/umr-1164.png,1024,1426,0.718093
img/umr/11/umr-1165.png,1024,1426,0.718093
img/umr/11/umr-1166.png,1024,1426,0.718093
img/umr/11/umr-1167.png,1024,1426,0.718093
img/umr/11/umr-1168.png,1024,1426,0.718093
img/umr/11/umr-1169.png,1024,1426,0.718093
img/umr/11/umr-1170.png,1024,1426,0.718093
img/umr/11/umr-1171.png,1024,1426,0.718093
img/umr/11/umr-1172.png,1024,1426,0.718093
img/umr/11/umr-1173.png,1024,1426,0.718093
img/umr/11/umr-1174.png,1024,1426,0.718093
img/umr/11/umr-1175.png,1024,1426,0.718093
img/umr/11/umr-1176.png,1024,1426,0.718093
img/umr/11/umr-1177.png,1024,1426,0.718093
img/umr/11/umr-1178.png,1024,1426,0.718093
img/umr/11/umr-1179.png,1024,1426,0.718093
img/umr/11/umr-1180.png,1024,1426,0.718093
img/umr/11/umr-1181.png,1024,1426,0.718093
img/umr/11/umr-1182.png,1024,1426,0.718093
img/umr/11/umr-1183.png,1024,1426,0.718093
img/umr/11/umr-1184.png,1024,1426,0.718093
img/umr/11/umr-1185.png,1024,1426,0.718093
img/umr/11/umr-1186.png,1024,1426,0.718093
img/umr/11/umr-1187.png,1024,1426,0.718093
img/umr/11/umr-1188.png,1024,1426,0.718093
img/umr/11/umr-1189.png,1024,1426,0.718093
img/umr/11/umr-1190.png,1024,1426,0.718093
img/umr/11/umr-1191.png,1024,1426,0.718093
img/umr/11/umr-1192.png,1024,1426,0.718093
img/umr/11/umr-1193.png,1024,1426,0.718093
img/umr/11/umr-1194.png,1024,1426,0.718093
img/umr/11/umr-1195.png,1024,1426,0.718093
img/umr/11/umr-1196.png,1024,1426,0.718093
img/umr/11/umr-1197.png,1024,1426,0.718093
img/umr/11/umr-1198.png,1024,1426,0.718093
img/umr/11/umr-1199.png,1024,1426,0.718093
img/umr/12/umr-1200.png,1024,1426,0.718093
img/umr/12/umr-1201.png,1024,1426,0.718093
img/umr/12/umr-1202.png,1024,1426,0.718093
img/umr/12/umr-1203.png,1024,1426,0.718093
img/umr/12/umr-1204.png,1024,1426,0.718093
img/umr/12/umr-1205.png,1024,1426,0.718093
img/umr/12/umr-1206.png,1024,1426,0.718093
img/umr/12/umr-1207.png,1024,1426,0.718093
img/umr/12/umr-1208.png,1024,1426,0.718093
img/umr/12/umr-1209.png,1024,1426,0.718093
img/umr/12/umr-1210.png,1024,1426,0.718093
img/umr/12/umr-1211.png,1024,1426,0.718093
img/umr/12/umr-1212.png,1024,1426,0.718093
img/umr/1/umr-0100.png,1024,1426,0.718093
img/umr/1/umr-0101.png,1024,1426,0.718093
img/umr/1/umr-0102.png,1024,1426,0.718093
img/umr/1/umr-0103.png,1024,1426,0.718093
img/umr/1/umr-0104.png,1024,1426,0.718093
img/umr/1/umr-0105.png,1024,1426,0.718093
img/umr/1/umr-0106.png,1024,1426,0.718093
img/umr/1/umr-0107.png,1024,1426,0.718093
img/umr/1/umr-0108.png,1024,1426,0.718093
img/umr/1/umr-0109.png,1024,1426,0.718093
img/umr/1/umr-0110.png,1024,1426,0.718093
img/umr/1/umr-0111.png,1024,1426,0.718093
img/umr/1/umr-0112.png,1024,1426,0.718093
img/umr/1/umr-0113.png,1024,1426,0.718093
img/umr/1/umr-0114.png,1024,1426,0.718093
img/umr/1/umr-0115.png,1024,1426,0.718093
img/umr/1/umr-0116.png,1024,1426,0.718093
img/umr/1/umr-0117.png,1024,1426,0.718093
img/umr/1/umr-0118.png,1024,1426,0.718093
img/umr/1/umr-0119.png,1024,1426,0.718093
img/umr/1/umr-0120.png,1024,1426,0.718093
img/umr/1/umr-0121.png,1024,1426,0.718093
img/umr/1/umr-0122.png,1024,1426,0.718093
img/umr/1/umr-0123.png,1024,1426,0.718093
img/umr/1/umr-0124.png,1024,1426,0.718093
img/umr/1/umr-0125.png,1024,1426,0.718093
img/umr/1/umr-0126.png,1024,1426,0.718093
img/umr/1/umr-0127.png,1024,1426,0.718093
img/umr/1/umr-0128.png,1024,1426,0.718093
img/umr/1/umr-0129.png,1024,1426,0.718093
img/umr/1/umr-0130.png,1024,1426,0.718093
img/umr/1/umr-0131.png,1024,1426,0.718093
img/umr/1/umr-0132.png,1024,1426,0.718093
img/umr/1/umr-0133.png,1024,1426,0.718093
img/umr/1/umr-0134.png,1024,1426,0.718093
img/umr/1/umr-0135.png,1024,1426,0.718093
img/umr/1/umr-0136.png,1024,1426,0.718093
img/umr/1/umr-0137.png,1024,1426,0.718093
img/umr/1/umr-0138.png,1024,1426,0.718093
img/umr/1/umr-0139.png,1024,1426,0.718093
img/umr/1/umr-0140.png,1024,1426,0.718093
img/umr/1/umr-0141.png,1024,1426,0.718093
img/umr/1/umr-0142.png,1024,1426,0.718093
img/umr/1/umr-0143.png,1024,1426,0.718093
img/umr/1/umr-0144.png,1024,1426,0.718093
img/umr/1/umr-0145.png,1024,1426,0.718093
img/umr/1/umr-0146.png,1024,1426,0.718093
img/umr/1/umr-0147.png,1024,1426,0.718093
img/umr/1/umr-0148.png,1024,1426,0.718093
img/umr/1/umr-0149.png,1024,1426,0.718093
img/umr/1/umr-0150.png,1024,1426,0.718093
img/umr/1/umr-0151.png,1024,1426,0.718093
img/umr/1/umr-0152.png,1024,1426,0.718093
img/umr/1/umr-0153.png,1024,1426,0.718093
img/umr/1/umr-0154.png,1024,1426,0.718093
img/umr/1/umr-0155.png,1024,1426,0.718093
img/umr/1/umr-0156.png,1024,1426,0.718093
img/umr/1/umr-0157.png,1024,1426,0.718093
img/umr/1/umr-0158.png,1024,1426,0.718093
img/umr/1/umr-0159.png,1024,1426,0.718093
img/umr/1/umr-0160.png,1024,1426,0.718093
img/umr/1/umr-0161.png,1024,1426,0.718093
img/umr/1/umr-0162.png,1024,1426,0.718093
img/umr/1/umr-0163.png,1024,1426,0.718093
img/umr/1/umr-0164.png,1024,1426,0.718093
img/umr/1/umr-0165.png,1024,1426,0.718093
img/umr/1/umr-0166.png,1024,1426,0.718093
img/umr/1/umr-0167.png,1024,1426,0.718093
img/umr/1/umr-0168.png,1024,1426,0.718093
img/umr/1/umr-0169.png,1024,1426,0.718093
img/umr/1/umr-0170.png,1024,1426,0.718093
img/umr/1/umr-0171.png,1024,1426,0.718093
img/umr/1/umr-0172.png,1024,1426,0.718093
img/umr/1/umr-0173.png,1024,1426,0.718093
img/umr/1/umr-0174.png,1024,1426,0.718093
img/umr/1/umr-0175.png,1024,1426,0.718093
img/umr/1/umr-0176.png,1024,1426,0.718093
img/umr/1/umr-0177.png,1024,1426,0.718093
img/umr/1/umr-0178.png,1024,1426,0.718093
img/umr/1/umr-0179.png,1024,1426,0.718093
img/umr/1/umr-0180.png,1024,1426,0.718093
img/umr/1/umr-0181.png,1024,1426,0.718093
img/umr/1/umr-0182.png,1024,1426,0.718093
img/umr/1/umr-0183.png,1024,1426,0.718093
img/umr/1/umr-0184.png,1024,1426,0.718093
img/umr/1/umr-0185.png,1024,1426,0.718093
img/umr/1/umr-0186.png,1024,1426,0.718093
img/umr/1/umr-0187.png,1024,1426,0.718093
img/umr/1/umr-0188.png,1024,1426,0.718093
img/umr/1/umr-0189.png,1024,1426,0.718093
img/umr/1/umr-0190.png,1024,1426,0.718093
img/umr/1/umr-0191.png,1024,1426,0.718093
img/umr/1/umr-0192.png,1024,1426,0.718093
img/umr/1/umr-0193.png,1024,1426,0.718093
img/umr/1/umr-0194.png,1024,1426,0.718093
img/umr/1/umr-0195.png,1024,1426,0.718093
img/umr/1/umr-0196.png,1024,1426,0.718093
img/umr/1/umr-0197.png,1024,1426,0.718093
img/umr/1/umr-0198.png,1024,1426,0.718093
img/umr/1/umr-0199.png,1024,1426,0.718093
img/umr/2/umr-0200.png,1024,1426,0.718093
img/umr/2/umr-0201.png,1024,1426,0.718093
img/umr/2/umr-0202.png,1024,1426,0.718093
img/umr/2/umr-0203.png,1024,1426,0.718093
img/umr/2/umr-0204.png,1024,1426,0.718093
img/umr/2/umr-0205.png,1024,1426,0.718093
img/umr/2/umr-0206.png,1024,1426,0.718093
img/umr/2/umr-0207.png,1024,1426,0.718093
img/umr/2/umr-0208.png,1024,1426,0.718093
img/umr/2/umr-0209.png,1024,1426,0.718093
img/umr/2/umr-0210.png,1024,1426,0.718093
img/umr/2/umr-0211.png,1024,1426,0.718093
img/umr/2/umr-0212.png,1024,1426,0.718093
img/umr/2/umr-0213.png,1024,1426,0.718093
img/umr/2/umr-0214.png,1024,1426,0.718093
img/umr/2/umr-0215.png,1024,1426,0.718093
img/umr/2/umr-0216.png,1024,1426,0.718093
img/umr/2/umr-0217.png,1024,1426,0.718093
img/umr/2/umr-0218.png,1024,1426,0.718093
img/umr/2/umr-0219.png,1024,1426,0.718093
img/umr/2/umr-0220.png,1024,1426,0.718093
img/umr/2/umr-0221.png,1024,1426,0.718093
img/umr/2/umr-0222.png,1024,1426,0.718093
img/umr/2/umr-0223.png,1024,1426,0.718093
img/umr/2/umr-0224.png,1024,1426,0.718093
img/umr/2/umr-0225.png,1024,1426,0.718093
img/umr/2/umr-0226.png,1024,1426,0.718093
img/umr/2/umr-0227.png,1024,1426,0.718093
img/umr/2/umr-0228.png,1024,1426,0.718093
img/umr/2/umr-0229.png,1024,1426,0.718093
img/umr/2/umr-0230.png,1024,1426,0.718093
img/umr/2/umr-0231.png,1024,1426,0.718093
img/umr/2/umr-0232.png,1024,1426,0.718093
img/umr/2/umr-0233.png,1024,1426,0.718093
img/umr/2/umr-0234.png,1024,1426,0.718093
img/umr/2/umr-0235.png,1024,1426,0.718093
img/umr/2/umr-0236.png,1024,1426,0.718093
img/umr/2/umr-0237.png,1024,1426,0.718093
img/umr/2/umr-0238.png,1024,1426,0.718093
img/umr/2/umr-0239.png,1024,1426,0.718093
img/umr/2/umr-0240.png,1024,1426,0.718093
img/umr/2/umr-0241.png,1024,1426,0.718093
img/umr/2/umr-0242.png,1024,1426,0.718093
img/umr/2/umr-0243.png,1024,1426,0.718093
img/umr/2/umr-0244.png,1024,1426,0.718093
img/umr/2/umr-0245.png,1024,1426,0.718093
img/umr/2/umr-0246.png,1024,1426,0.718093
img/umr/2/umr-0247.png,1024,1426,0.718093
img/umr/2/umr-0248.png,1024,1426,0.718093
img/umr/2/umr-0249.png,1024,1426,0.718093
img/umr/2/umr-0250.png,1024,1426,0.718093
img/umr/2/umr-0251.png,1024,1426,0.718093
img/umr/2/umr-0252.png,1024,1426,0.718093
img/umr/2/umr-0253.png,1024,1426,0.718093
img/umr/2/umr-0254.png,1024,1426,0.718093
img/umr/2/umr-0255.png,1024,1426,0.718093
img/umr/2/umr-0256.png,1024,1426,0.718093
img/umr/2/umr-0257.png,1024,1426,0.718093
img/umr/2/umr-0258.png,1024,1426,0.718093
img/umr/2/umr-0259.png,1024,1426,0.718093
img/umr/2/umr-0260.png,1024,1426,0.718093
img/umr/2/umr-0261.png,1024,1426,0.718093
img/umr/2/umr-0262.png,1024,1426,0.718093
img/umr/2/umr-0263.png,1024,1426,0.718093
img/umr/2/umr-0264.png,1024,1426,0.718093
img/umr/2/umr-0265.png,1024,1426,0.718093
img/umr/2/umr-0266.png,1024,1426,0.718093
img/umr/2/umr-0267.png,1024,1426,0.718093
img/umr/2/umr-0268.png,1024,1426,0.718093
img/umr/2/umr-0269.png,1024,1426,0.718093
img/umr/2/umr-0270.png,1024,1426,0.718093
img/umr/2/umr-0271.png,1024,1426,0.718093
img/umr/2/umr-0272.png,1024,1426,0.718093
img/umr/2/umr-0273.png,1024,1426,0.718093
img/umr/2/umr-0274.png,1024,1426,0.718093
img/umr/2/umr-0275.png,1024,1426,0.718093
img/umr/2/umr-0276.png,1024,1426,0.718093
img/umr/2/umr-0277.png,1024,1426,0.718093
img/umr/2/umr-0278.png,1024,1426,0.718093
img/umr/2/umr-0279.png,1024,1426,0.718093
img/umr/2/umr-0280.png,1024,1426,0.718093
img/umr/2/umr-0281.png,1024,1426,0.718093
img/umr/2/umr-0282.png,1024,1426,0.718093
img/umr/2/umr-0283.png,1024,1426,0.718093
img/umr/2/umr-0284.png,1024,1426,0.718093
img/umr/2/umr-0285.png,1024,1426,0.718093
img/umr/2/umr-0286.png,1024,1426,0.718093
img/umr/2/umr-0287.png,1024,1426,0.718093
img/umr/2/umr-0288.png,1024,1426,0.718093
img/umr/2/umr-0289.png,1024,1426,0.718093
img/umr/2/umr-0290.png,1024,1426,0.718093
img/umr/2/umr-0291.png,1024,1426,0.718093
img/umr/2/umr-0292.png,1024,1426,0.718093
img/umr/2/umr-0293.png,1024,1426,0.718093
img/umr/2/umr-0294.png,1024,1426,0.718093
img/umr/2/umr-0295.png,1024,1426,0.718093
img/umr/2/umr-0296.png,1024,1426,0.718093
img/umr/2/umr-0297.png,1024,1426,0.718093
img/umr/2/umr-0298.png,1024,1426,0.718093
img/umr/2/umr-0299.png,1024,1426,0.718093
img/umr/3/umr-0300.png,1024,1426,0.718093
img/umr/3/umr-0301.png,1024,1426,0.718093
img/umr/3/umr-0302.png,1024,1426,0.718093
img/umr/3/umr-0303.png,1024,1426,0.718093
img/umr/3/umr-0304.png,1024,1426,0.718093
img/umr/3/umr-0305.png,1024,1426,0.718093
img/umr/3/umr-0306.png,1024,1426,0.718093
img/umr/3/umr-0307.png,1024,1426,0.718093
img/umr/3/umr-0308.png,1024,1426,0.718093
img/umr/3/umr-0309.png,1024,1426,0.718093
img/umr/3/umr-0310.png,1024,1426,0.718093
img/umr/3/umr-0311.png,1024,1426,0.718093
img/umr/3/umr-0312.png,1024,1426,0.718093
img/umr/3/umr-0313.png,1024,1426,0.718093
img/umr/3/umr-0314.png,1024,1426,0.718093
img/umr/3/umr-0315.png,1024,1426,0.718093
img/umr/3/umr-0316.png,1024,1426,0.718093
img/umr/3/umr-0317.png,1024,1426,0.718093
img/umr/3/umr-0318.png,1024,1426,0.718093
img/umr/3/umr-0319.png,1024,1426,0.718093
img/umr/3/umr-0320.png,1024,1426,0.718093
img/umr/3/umr-0321.png,1024,1426,0.718093
img/umr/3/umr-0322.png,1024,1426,0.718093
img/umr/3/umr-0323.png,1024,1426,0.718093
img/umr/3/umr-0324.png,1024,1426,0.718093
img/umr/3/umr-0325.png,1024,1426,0.718093
img/umr/3/umr-0326.png,1024,1426,0.718093
img/umr/3/umr-0327.png,1024,1426,0.718093
img/umr/3/umr-0328.png,1024,1426,0.718093
img/umr/3/umr-0329.png,1024,1426,0.718093
img/umr/3/umr-0330.png,1024,1426,0.718093
img/umr/3/umr-0331.png,1024,1426,0.718093
img/umr/3/umr-0332.png,1024,1426,0.718093
img/umr/3/umr-0333.png,1024,1426,0.718093
img/umr/3/umr-0334.png,1024,1426,0.718093
img/umr/3/umr-0335.png,1024,1426,0.718093
img/umr/3/umr-0336.png,1024,1426,0.718093
img/umr/3/umr-0337.png,1024,1426,0.718093
img/umr/3/umr-0338.png,1024,1426,0.718093
img/umr/3/umr-0339.png,1024,1426,0.718093
img/umr/3/umr-0340.png,1024,1426,0.718093
img/umr/3/umr-0341.png,1024,1426,0.718093
img/umr/3/umr-0342.png,1024,1426,0.718093
img/umr/3/umr-0343.png,1024,1426,0.718093
img/umr/3/umr-0344.png,1024,1426,0.718093
img/umr/3/umr-0345.png,1024,1426,0.718093
img/umr/3/umr-0346.png,1024,1426,0.718093
img/umr/3/umr-0347.png,1024,1426,0.718093
img/umr/3/umr-0348.png,1024,1426,0.718093
img/umr/3/umr-0349.png,1024,1426,0.718093
img/umr/3/umr-0350.png,1024,1426,0.718093
img/umr/3/umr-0351.png,1024,1426,0.718093
img/umr/3/umr-0352.png,1024,1426,0.718093
img/umr/3/umr-0353.png,1024,1426,0.718093
img/umr/3/umr-0354.png,1024,1426,0.718093
img/umr/3/umr-0355.png,1024,1426,0.718093
img/umr/3/umr-0356.png,1024,1426,0.718093
img/umr/3/umr-0357.png,1024,1426,0.718093
img/umr/3/umr-0358.png,1024,1426,0.718093
img/umr/3/umr-0359.png,1024,1426,0.718093
img/umr/3/umr-0360.png,1024,1426,0.718093
img/umr/3/umr-0361.png,1024,1426,0.718093
img/umr/3/umr-0362.png,1024,1426,0.718093
img/umr/3/umr-0363.png,1024,1426,0.718093
img/umr/3/umr-0364.png,1024,1426,0.718093
img/umr/3/umr-0365.png,1024,1426,0.718093
img/umr/3/umr-0366.png,1024,1426,0.718093
img/umr/3/umr-0367.png,1024,1426,0.718093
img/umr/3/umr-0368.png,1024,1426,0.718093
img/umr/3/umr-0369.png,1024,1426,0.718093
img/umr/3/umr-0370.png,1024,1426,0.718093
img/umr/3/umr-0371.png,1024,1426,0.718093
img/umr/3/umr-0372.png,1024,1426,0.718093
img/umr/3/umr-0373.png,1024,1426,0.718093
img/umr/3/umr-0374.png,1024,1426,0.718093
img/umr/3/umr-0375.png,1024,1426,0.718093
img/umr/3/umr-0376.png,1024,1426,0.718093
img/umr/3/umr-0377.png,1024,1426,0.718093
img/umr/3/umr-0378.png,1024,1426,0.718093
img/umr/3/umr-0379.png,1024,1426,0.718093
img/umr/3/umr-0380.png,1024,1426,0.718093
img/umr/3/umr-0381.png,1024,1426,0.718093
img/umr/3/umr-0382.png,1024,1426,0.718093
img/umr/3/umr-0383.png,1024,1426,0.718093
img/umr/3/umr-0384.png,1024,1426,0.718093
img/umr/3/umr-0385.png,1024,1426,0.718093
img/umr/3/umr-0386.png,1024,1426,0.718093
img/umr/3/umr-0387.png,1024,1426,0.718093
img/umr/3/umr-0388.png,1024,1426,0.718093
img/umr/3/umr-0389.png,1024,1426,0.718093
img/umr/3/umr-0390.png,1024,1426,0.718093
img/umr/3/umr-0391.png,1024,1426,0.718093
img/umr/3/umr-0392.png,1024,1426,0.718093
img/umr/3/umr-0393.png,1024,1426,0.718093
img/umr/3/umr-0394.png,1024,1426,0.718093
img/umr/3/umr-0395.png,1024,1426,0.718093
img/umr/3/umr-0396.png,1024,1426,0.718093
img/umr/3/umr-0397.png,1024,1426,0.718093
img/umr/3/umr-0398.png,1024,1426,0.718093
img/umr/3/umr-0399.png,1024,1426,0.718093
img/umr/4/umr-0400.png,1024,1426,0.718093
img/umr/4/umr-0401.png,1024,1426,0.718093
img/umr/4/umr-0402.png,1024,1426,0.718093
img/umr/4/umr-0403.png,1024,1426,0.718093
img/umr/4/umr-0404.png,1024,1426,0.718093
img/umr/4/umr-0405.png,1024,1426,0.718093
img/umr/4/umr-0406.png,1024,1426,0.718093
img/umr/4/umr-0407.png,1024,1426,0.718093
img/umr/4/umr-0408.png,1024,1426,0.718093
img/umr/4/umr-0409.png,1024,1426,0.718093
img/umr/4/umr-0410.png,1024,1426,0.718093
img/umr/4/umr-0411.png,1024,1426,0.718093
img/umr/4/umr-0412.png,1024,1426,0.718093
img/umr/4/umr-0413.png,1024,1426,0.718093
img/umr/4/umr-0414.png,1024,1426,0.718093
img/umr/4/umr-0415.png,1024,1426,0.718093
img/umr/4/umr-0416.png,1024,1426,0.718093
img/umr/4/umr-0417.png,1024,1426,0.718093
img/umr/4/umr-0418.png,1024,1426,0.718093
img/umr/4/umr-0419.png,1024,1426,0.718093
img/umr/4/umr-0420.png,1024,1426,0.718093
img/umr/4/umr-0421.png,1024,1426,0.718093
img/umr/4/umr-0422.png,1024,1426,0.718093
img/umr/4/umr-0423.png,1024,1426,0.718093
img/umr/4/umr-0424.png,1024,1426,0.718093
img/umr/4/umr-0425.png,1024,1426,0.718093
img/umr/4/umr-0426.png,1024,1426,0.718093
img/umr/4/umr-0427.png,1024,1426,0.718093
img/umr/4/umr-0428.png,1024,1426,0.718093
img/umr/4/umr-0429.png,1024,1426,0.718093
img/umr/4/umr-0430.png,1024,1426,0.718093
img/umr/4/umr-0431.png,1024,1426,0.718093
img/umr/4/umr-0432.png,1024,1426,0.718093
img/umr/4/umr-0433.png,1024,1426,0.718093
img/umr/4/umr-0434.png,1024,1426,0.718093
img/umr/4/umr-0435.png,1024,1426,0.718093
img/umr/4/umr-0436.png,1024,1426,0.718093
img/umr/4/umr-0437.png,1024,1426,0.718093
img/umr/4/umr-0438.png,1024,1426,0.718093
img/umr/4/umr-0439.png,1024,1426,0.718093
img/umr/4/umr-0440.png,1024,1426,0.718093
img/umr/4/umr-0441.png,1024,1426,0.718093
img/umr/4/umr-0442.png,1024,1426,0.718093
img/umr/4/umr-0443.png,1024,1426,0.718093
img/umr/4/umr-0444.png,1024,1426,0.718093
img/umr/4/umr-0445.png,1024,1426,0.718093
img/umr/4/umr-0446.png,1024,1426,0.718093
img/umr/4/umr-0447.png,1024,1426,0.718093
img/umr/4/umr-0448.png,1024,1426,0.718093
img/umr/4/umr-0449.png,1024,1426,0.718093
img/umr/4/umr-0450.png,1024,1426,0.718093
img/umr/4/umr-0451.png,1024,1426,0.718093
img/umr/4/umr-0452.png,1024,1426,0.718093
img/umr/4/umr-0453.png,1024,1426,0.718093
img/umr/4/umr-0454.png,1024,1426,0.718093
img/umr/4/umr-0455.png,1024,1426,0.718093
img/umr/4/umr-0456.png,1024,1426,0.718093
img/umr/4/umr-0457.png,1024,1426,0.718093
img/umr/4/umr-0458.png,1024,1426,0.718093
img/umr/4/umr-0459.png,1024,1426,0.718093
img/umr/4/umr-0460.png,1024,1426,0.718093
img/umr/4/umr-0461.png,1024,1426,0.718093
img/umr/4/umr-0462.png,1024,1426,0.718093
img/umr/4/umr-0463.png,1024,1426,0.718093
img/umr/4/umr-0464.png,1024,1426,0.718093
img/umr/4/umr-0465.png,1024,1426,0.718093
img/umr/4/umr-0466.png,1024,1426,0.718093
img/umr/4/umr-0467.png,1024,1426,0.718093
img/umr/4/umr-0468.png,1024,1426,0.718093
img/umr/4/umr-0469.png,1024,1426,0.718093
img/umr/4/umr-0470.png,1024,1426,0.718093
img/umr/4/umr-0471.png,1024,1426,0.718093
img/umr/4/umr-0472.png,1024,1426,0.718093
img/umr/4/umr-0473.png,1024,1426,0.718093
img/umr/4/umr-0474.png,1024,1426,0.718093
img/umr/4/umr-0475.png,1024,1426,0.718093
img/umr/4/umr-0476.png,1024,1426,0.718093
img/umr/4/umr-0477.png,1024,1426,0.718093
img/umr/4/umr-0478.png,1024,1426,0.718093
img/umr/4/umr-0479.png,1024,1426,0.718093
img/umr/4/umr-0480.png,1024,1426,0.718093
img/umr/4/umr-0481.png,1024,1426,0.718093
img/umr/4/umr-0482.png,1024,1426,0.718093
img/umr/4/umr-0483.png,1024,1426,0.718093
img/umr/4/umr-0484.png,1024,1426,0.718093
img/umr/4/umr-0485.png,1024,1426,0.718093
img/umr/4/umr-0486.png,1024,1426,0.718093
img/umr/4/umr-0487.png,1024,1426,0.718093
img/umr/4/umr-0488.png,1024,1426,0.718093
img/umr/4/umr-0489.png,1024,1426,0.718093
img/umr/4/umr-0490.png,1024,1426,0.718093
img/umr/4/umr-0491.png,1024,1426,0.718093
img/umr/4/umr-0492.png,1024,1426,0.718093
img/umr/4/umr-0493.png,1024,1426,0.718093
img/umr/4/umr-0494.png,1024,1426,0.718093
img/umr/4/umr-0495.png,1024,1426,0.718093
img/umr/4/umr-0496.png,1024,1426,0.718093
img/umr/4/umr-0497.png,1024,1426,0.718093
img/umr/4/umr-0498.png,1024,1426,0.718093
img/umr/4/umr-0499.png,1024,1426,0.718093
img/umr/5/umr-0500.png,1024,1426,0.718093
img/umr/5/umr-0501.png,1024,1426,0.718093
img/umr/5/umr-0502.png,1024,1426,0.718093
img/umr/5/umr-0503.png,1024,1426,0.718093
img/umr/5/umr-0504.png,1024,1426,0.718093
img/umr/5/umr-0505.png,1024,1426,0.718093
img/umr/5/umr-0506.png,1024,1426,0.718093
img/umr/5/umr-0507.png,1024,1426,0.718093
img/umr/5/umr-0508.png,1024,1426,0.718093
img/umr/5/umr-0509.png,1024,1426,0.718093
img/umr/5/umr-0510.png,1024,1426,0.718093
img/umr/5/umr-0511.png,1024,1426,0.718093
img/umr/5/umr-0512.png,1024,1426,0.718093
img/umr/5/umr-0513.png,1024,1426,0.718093
img/umr/5/umr-0514.png,1024,1426,0.718093
img/umr/5/umr-0515.png,1024,1426,0.718093
img/umr/5/umr-0516.png,1024,1426,0.718093
img/umr/5/umr-0517.png,1024,1426,0.718093
img/umr/5/umr-0518.png,1024,1426,0.718093
img/umr/5/umr-0519.png,1024,1426,0.718093
img/umr/5/umr-0520.png,1024,1426,0.718093
img/umr/5/umr-0521.png,1024,1426,0.718093
img/umr/5/umr-0522.png,1024,1426,0.718093
img/umr/5/umr-0523.png,1024,1426,0.718093
img/umr/5/umr-0524.png,1024,1426,0.718093
img/umr/5/umr-0525.png,1024,1426,0.718093
img/umr/5/umr-0526.png,1024,1426,0.718093
img/umr/5/umr-0527.png,1024,1426,0.718093
img/umr/5/umr-0528.png,1024,1426,0.718093
img/umr/5/umr-0529.png,1024,1426,0.718093
img/umr/5/umr-0530.png,1024,1426,0.718093
img/umr/5/umr-0531.png,1024,1426,0.718093
img/umr/5/umr-0532.png,1024,1426,0.718093
img/umr/5/umr-0533.png,1024,1426,0.718093
img/umr/5/umr-0534.png,1024,1426,0.718093
img/umr/5/umr-0535.png,1024,1426,0.718093
img/umr/5/umr-0536.png,1024,1426,0.718093
img/umr/5/umr-0537.png,1024,1426,0.718093
img/umr/5/umr-0538.png,1024,1426,0.718093
img/umr/5/umr-0539.png,1024,1426,0.718093
img/umr/5/umr-0540.png,1024,1426,0.718093
img/umr/5/umr-0541.png,1024,1426,0.718093
img/umr/5/umr-0542.png,1024,1426,0.718093
img/umr/5/umr-0543.png,1024,1426,0.718093
img/umr/5/umr-0544.png,1024,1426,0.718093
img/umr/5/umr-0545.png,1024,1426,0.718093
img/umr/5/umr-0546.png,1024,1426,0.718093
img/umr/5/umr-0547.png,1024,1426,0.718093
img/umr/5/umr-0548.png,1024,1426,0.718093
img/umr/5/umr-0549.png,1024,1426,0.718093
img/umr/5/umr-0550.png,1024,1426,0.718093
img/umr/5/umr-0551.png,1024,1426,0.718093
img/umr/5/umr-0552.png,1024,1426,0.718093
img/umr/5/umr-0553.png,1024,1426,0.718093
img/umr/5/umr-0554.png,1024,1426,0.718093
img/umr/5/umr-0555.png,1024,1426,0.718093
img/umr/5/umr-0556.png,1024,1426,0.718093
img/umr/5/umr-0557.png,1024,1426,0.718093
img/umr/5/umr-0558.png,1024,1426,0.718093
img/umr/5/umr-0559.png,1024,1426,0.718093
img/umr/5/umr-0560.png,1024,1426,0.718093
img/umr/5/umr-0561.png,1024,1426,0.718093
img/umr/5/umr-0562.png,1024,1426,0.718093
img/umr/5/umr-0563.png,1024,1426,0.718093
img/umr/5/umr-0564.png,1024,1426,0.718093
img/umr/5/umr-0565.png,1024,1426,0.718093
img/umr/5/umr-0566.png,1024,1426,0.718093
img/umr/5/umr-0567.png,1024,1426,0.718093
img/umr/5/umr-0568.png,1024,1426,0.718093
img/umr/5/umr-0569.png,1024,1426,0.718093
img/umr/5/umr-0570.png,1024,1426,0.718093
img/umr/5/umr-0571.png,1024,1426,0.718093
img/umr/5/umr-0572.png,1024,1426,0.718093
img/umr/5/umr-0573.png,1024,1426,0.718093
img/umr/5/umr-0574.png,1024,1426,0.718093
img/umr/5/umr-0575.png,1024,1426,0.718093
img/umr/5/umr-0576.png,1024,1426,0.718093
img/umr/5/umr-0577.png,1024,1426,0.718093
img/umr/5/umr-0578.png,1024,1426,0.718093
img/umr/5/umr-0579.png,1024,1426,0.718093
img/umr/5/umr-0580.png,1024,1426,0.718093
img/umr/5/umr-0581.png,1024,1426,0.718093
img/umr/5/umr-0582.png,1024,1426,0.718093
img/umr/5/umr-0583.png,1024,1426,0.718093
img/umr/5/umr-0584.png,1024,1426,0.718093
img/umr/5/umr-0585.png,1024,1426,0.718093
img/umr/5/umr-0586.png,1024,1426,0.718093
img/umr/5/umr-0587.png,1024,1426,0.718093
img/umr/5/umr-0588.png,1024,1426,0.718093
img/umr/5/umr-0589.png,1024,1426,0.718093
img/umr/5/umr-0590.png,1024,1426,0.718093
img/umr/5/umr-0591.png,1024,1426,0.718093
img/umr/5/umr-0592.png,1024,1426,0.718093
img/umr/5/umr-0593.png,1024,1426,0.718093
img/umr/5/umr-0594.png,1024,1426,0.718093
img/umr/5/umr-0595.png,1024,1426,0.718093
img/umr/5/umr-0596.png,1024,1426,0.718093
img/umr/5/umr-0597.png,1024,1426,0.718093
img/umr/5/umr-0598.png,1024,1426,0.718093
img/umr/5/umr-0599.png,1024,1426,0.718093
img/umr/6/umr-0600.png,1024,1426,0.718093
img/umr/6/umr-0601.png,1024,1426,0.718093
img/umr/6/umr-0602.png,1024,1426,0.718093
img/umr/6/umr-0603.png,1024,1426,0.718093
img/umr/6/umr-0604.png,1024,1426,0.718093
img/umr/6/umr-0605.png,1024,1426,0.718093
img/umr/6/umr-0606.png,1024,1426,0.718093
img/umr/6/umr-0607.png,1024,1426,0.718093
img/umr/6/umr-0608.png,1024,1426,0.718093
img/umr/6/umr-0609.png,1024,1426,0.718093
img/umr/6/umr-0610.png,1024,1426,0.718093
img/umr/6/umr-0611.png,1024,1426,0.718093
img/umr/6/umr-0612.png,1024,1426,0.718093
img/umr/6/umr-0613.png,1024,1426,0.718093
img/umr/6/umr-0614.png,1024,1426,0.718093
img/umr/6/umr-0615.png,1024,1426,0.718093
img/umr/6/umr-0616.png,1024,1426,0.718093
img/umr/6/umr-0617.png,1024,1426,0.718093
img/umr/6/umr-0618.png,1024,1426,0.718093
img/umr/6/umr-0619.png,1024,1426,0.718093
img/umr/6/umr-0620.png,1024,1426,0.718093
img/umr/6/umr-0621.png,1024,1426,0.718093
img/umr/6/umr-0622.png,1024,1426,0.718093
img/umr/6/umr-0623.png,1024,1426,0.718093
img/umr/6/umr-0624.png,1024,1426,0.718093
img/umr/6/umr-0625.png,1024,1426,0.718093
img/umr/6/umr-0626.png,1024,1426,0.718093
img/umr/6/umr-0627.png,1024,1426,0.718093
img/umr/6/umr-0628.png,1024,1426,0.718093
img/umr/6/umr-0629.png,1024,1426,0.718093
img/umr/6/umr-0630.png,1024,1426,0.718093
img/umr/6/umr-0631.png,1024,1426,0.718093
img/umr/6/umr-0632.png,1024,1426,0.718093
img/umr/6/umr-0633.png,1024,1426,0.718093
img/umr/6/umr-0634.png,1024,1426,0.718093
img/umr/6/umr-0635.png,1024,1426,0.718093
img/umr/6/umr-0636.png,1024,1426,0.718093
img/umr/6/umr-0637.png,1024,1426,0.718093
img/umr/6/umr-0638.png,1024,1426,0.718093
img/umr/6/umr-0639.png,1024,1426,0.718093
img/umr/6/umr-0640.png,1024,1426,0.718093
img/umr/6/umr-0641.png,1024,1426,0.718093
img/umr/6/umr-0642.png,1024,1426,0.718093
img/umr/6/umr-0643.png,1024,1426,0.718093
img/umr/6/umr-0644.png,1024,1426,0.718093
img/umr/6/umr-0645.png,1024,1426,0.718093
img/umr/6/umr-0646.png,1024,1426,0.718093
img/umr/6/umr-0647.png,1024,1426,0.718093
img/umr/6/umr-0648.png,1024,1426,0.718093
img/umr/6/umr-0649.png,1024,1426,0.718093
img/umr/6/umr-0650.png,1024,1426,0.718093
img/umr/6/umr-0651.png,1024,1426,0.718093
img/umr/6/umr-0652.png,1024,1426,0.718093
img/umr/6/umr-0653.png,1024,1426,0.718093
img/umr/6/umr-0654.png,1024,1426,0.718093
img/umr/6/umr-0655.png,1024,1426,0.718093
img/umr/6/umr-0656.png,1024,1426,0.718093
img/umr/6/umr-0657.png,1024,1426,0.718093
img/umr/6/umr-0658.png,1024,1426,0.718093
img/umr/6/umr-0659.png,1024,1426,0.718093
img/umr/6/umr-0660.png,1024,1426,0.718093
img/umr/6/umr-0661.png,1024,1426,0.718093
img/umr/6/umr-0662.png,1024,1426,0.718093
img/umr/6/umr-0663.png,1024,1426,0.718093
img/umr/6/umr-0664.png,1024,1426,0.718093
img/umr/6/umr-0665.png,1024,1426,0.718093
img/umr/6/umr-0666.png,1024,1426,0.718093
img/umr/6/umr-0667.png,1024,1426,0.718093
img/umr/6/umr-0668.png,1024,1426,0.718093
img/umr/6/umr-0669.png,1024,1426,0.718093
img/umr/6/umr-0670.png,1024,1426,0.718093
img/umr/6/umr-0671.png,1024,1426,0.718093
img/umr/6/umr-0672.png,1024,1426,0.718093
img/umr/6/umr-0673.png,1024,1426,0.718093
img/umr/6/umr-0674.png,1024,1426,0.718093
img/umr/6/umr-0675.png,1024,1426,0.718093
img/umr/6/umr-0676.png,1024,1426,0.718093
img/umr/6/umr-0677.png,1024,1426,0.718093
img/umr/6/umr-0678.png,1024,1426,0.718093
img/umr/6/umr-0679.png,1024,1426,0.718093
img/umr/6/umr-0680.png,1024,1426,0.718093
img/umr/6/umr-0681.png,1024,1426,0.718093
img/umr/6/umr-0682.png,1024,1426,0.718093
img/umr/6/umr-0683.png,1024,1426,0.718093
img/umr/6/umr-0684.png,1024,1426,0.718093
img/umr/6/umr-0685.png,1024,1426,0.718093
img/umr/6/umr-0686.png,1024,1426,0.718093
img/umr/6/umr-0687.png,1024,1426,0.718093
img/umr/6/umr-0688.png,1024,1426,0.718093
img/umr/6/umr-0689.png,1024,1426,0.718093
img/umr/6/umr-0690.png,1024,1426,0.718093
img/umr/6/umr-0691.png,1024,1426,0.718093
img/umr/6/umr-0692.png,1024,1426,0.718093
img/umr/6/umr-0693.png,1024,1426,0.718093
img/umr/6/umr-0694.png,1024,1426,0.718093
img/umr/6/umr-0695.png,1024,1426,0.718093
img/umr/6/umr-0696.png,1024,1426,0.718093
img/umr/6/umr-0697.png,1024,1426,0.718093
img/umr/6/umr-0698.png,1024,1426,0.718093
img/umr/6/umr-0699.png,1024,1426,0.718093
img/umr/7/umr-0700.png,1024,1426,0.718093
img/umr/7/umr-0701.png,1024,1426,0.718093
img/umr/7/umr-0702.png,1024,1426,0.718093
img/umr/7/umr-0703.png,1024,1426,0.718093
img/umr/7/umr-0704.png,1024,1426,0.718093
img/umr/7/umr-0705.png,1024,1426,0.718093
img/umr/7/umr-0706.png,1024,1426,0.718093
img/umr/7/umr-0707.png,1024,1426,0.718093
img/umr/7/umr-0708.png,1024,1426,0.718093
img/umr/7/umr-0709.png,1024,1426,0.718093
img/umr/7/umr-0710.png,1024,1426,0.718093
img/umr/7/umr-0711.png,1024,1426,0.718093
img/umr/7/umr-0712.png,1024,1426,0.718093
img/umr/7/umr-0713.png,1024,1426,0.718093
img/umr/7/umr-0714.png,1024,1426,0.718093
img/umr/7/umr-0715.png,1024,1426,0.718093
img/umr/7/umr-0716.png,1024,1426,0.718093
img/umr/7/umr-0717.png,1024,1426,0.718093
img/umr/7/umr-0718.png,1024,1426,0.718093
img/umr/7/umr-0719.png,1024,1426,0.718093
img/umr/7/umr-0720.png,1024,1426,0.718093
img/umr/7/umr-0721.png,1024,1426,0.718093
img/umr/7/umr-0722.png,1024,1426,0.718093
img/umr/7/umr-0723.png,1024,1426,0.718093
img/umr/7/umr-0724.png,1024,1426,0.718093
img/umr/7/umr-0725.png,1024,1426,0.718093
img/umr/7/umr-0726.png,1024,1426,0.718093
img/umr/7/umr-0727.png,1024,1426,0.718093
img/umr/7/umr-0728.png,1024,1426,0.718093
img/umr/7/umr-0729.png,1024,1426,0.718093
img/umr/7/umr-0730.png,1024,1426,0.718093
img/umr/7/umr-0731.png,1024,1426,0.718093
img/umr/7/umr-0732.png,1024,1426,0.718093
img/umr/7/umr-0733.png,1024,1426,0.718093
img/umr/7/umr-0734.png,1024,1426,0.718093
img/umr/7/umr-0735.png,1024,1426,0.718093
img/umr/7/umr-0736.png,1024,1426,0.718093
img/umr/7/umr-0737.png,1024,1426,0.718093
img/umr/7/umr-0738.png,1024,1426,0.718093
img/umr/7/umr-0739.png,1024,1426,0.718093
img/umr/7/umr-0740.png,1024,1426,0.718093
img/umr/7/umr-0741.png,1024,1426,0.718093
img/umr/7/umr-0742.png,1024,1426,0.718093
img/umr/7/umr-0743.png,1024,1426,0.718093
img/umr/7/umr-0744.png,1024,1426,0.718093
img/umr/7/umr-0745.png,1024,1426,0.718093
img/umr/7/umr-0746.png,1024,1426,0.718093
img/umr/7/umr-0747.png,1024,1426,0.718093
img/umr/7/umr-0748.png,1024,1426,0.718093
img/umr/7/umr-0749.png,1024,1426,0.718093
img/umr/7/umr-0750.png,1024,1426,0.718093
img/umr/7/umr-0751.png,1024,1426,0.718093
img/umr/7/umr-0752.png,1024,1426,0.718093
img/umr/7/umr-0753.png,1024,1426,0.718093
img/umr/7/umr-0754.png,1024,1426,0.718093
img/umr/7/umr-0755.png,1024,1426,0.718093
img/umr/7/umr-0756.png,1024,1426,0.718093
img/umr/7/umr-0757.png,1024,1426,0.718093
img/umr/7/umr-0758.png,1024,1426,0.718093
img/umr/7/umr-0759.png,1024,1426,0.718093
img/umr/7/umr-0760.png,1024,1426,0.718093
img/umr/7/umr-0761.png,1024,1426,0.718093
img/umr/7/umr-0762.png,1024,1426,0.718093
img/umr/7/umr-0763.png,1024,1426,0.718093
img/umr/7/umr-0764.png,1024,1426,0.718093
img/umr/7/umr-0765.png,1024,1426,0.718093
img/umr/7/umr-0766.png,1024,1426,0.718093
img/umr/7/umr-0767.png,1024,1426,0.718093
img/umr/7/umr-0768.png,1024,1426,0.718093
img/umr/7/umr-0769.png,1024,1426,0.718093
img/umr/7/umr-0770.png,1024,1426,0.718093
img/umr/7/umr-0771.png,1024,1426,0.718093
img/umr/7/umr-0772.png,1024,1426,0.718093
img/umr/7/umr-0773.png,1024,1426,0.718093
img/umr/7/umr-0774.png,1024,1426,0.718093
img/umr/7/umr-0775.png,1024,1426,0.718093
img/umr/7/umr-0776.png,1024,1426,0.718093
img/umr/7/umr-0777.png,1024,1426,0.718093
img/umr/7/umr-0778.png,1024,1426,0.718093
img/umr/7/umr-0779.png,1024,1426,0.718093
img/umr/7/umr-0780.png,1024,1426,0.718093
img/umr/7/umr-0781.png,1024,1426,0.718093
img/umr/7/umr-0782.png,1024,1426,0.718093
img/umr/7/umr-0783.png,1024,1426,0.718093
img/umr/7/umr-0784.png,1024,1426,0.718093
img/umr/7/umr-0785.png,1024,1426,0.718093
img/umr/7/umr-0786.png,1024,1426,0.718093
img/umr/7/umr-0787.png,1024,1426,0.718093
img/umr/7/umr-0788.png,1024,1426,0.718093
img/umr/7/umr-0789.png,1024,1426,0.718093
img/umr/7/umr-0790.png,1024,1426,0.718093
img/umr/7/umr-0791.png,1024,1426,0.718093
img/umr/7/umr-0792.png,1024,1426,0.718093
img/umr/7/umr-0793.png,1024,1426,0.718093
img/umr/7/umr-0794.png,1024,1426,0.718093
img/umr/7/umr-0795.png,1024,1426,0.718093
img/umr/7/umr-0796.png,1024,1426,0.718093
img/umr/7/umr-0797.png,1024,1426,0.718093
img/umr/7/umr-0798.png,1024,1426,0.718093
img/umr/7/umr-0799.png,1024,1426,0.718093
img/umr/8/umr-0800.png,1024,1426,0.718093
img/umr/8/umr-0801.png,1024,1426,0.718093
img/umr/8/umr-0802.png,1024,1426,0.718093
img/umr/8/umr-0803.png,1024,1426,0.718093
img/umr/8/umr-0804.png,1024,1426,0.718093
img/umr/8/umr-0805.png,1024,1426,0.718093
img/umr/8/umr-0806.png,1024,1426,0.718093
img/umr/8/umr-0807.png,1024,1426,0.718093
img/umr/8/umr-0808.png,1024,1426,0.718093
img/umr/8/umr-0809.png,1024,1426,0.718093
img/umr/8/umr-0810.png,1024,1426,0.718093
img/umr/8/umr-0811.png,1024,1426,0.718093
img/umr/8/umr-0812.png,1024,1426,0.718093
img/umr/8/umr-0813.png,1024,1426,0.718093
img/umr/8/umr-0814.png,1024,1426,0.718093
img/umr/8/umr-0815.png,1024,1426,0.718093
img/umr/8/umr-0816.png,1024,1426,0.718093
img/umr/8/umr-0817.png,1024,1426,0.718093
img/umr/8/umr-0818.png,1024,1426,0.718093
img/umr/8/umr-0819.png,1024,1426,0.718093
img/umr/8/umr-0820.png,1024,1426,0.718093
img/umr/8/umr-0821.png,1024,1426,0.718093
img/umr/8/umr-0822.png,1024,1426,0.718093
img/umr/8/umr-0823.png,1024,1426,0.718093
img/umr/8/umr-0824.png,1024,1426,0.718093
img/umr/8/umr-0825.png,1024,1426,0.718093
img/umr/8/umr-0826.png,1024,1426,0.718093
img/umr/8/umr-0827.png,1024,1426,0.718093
img/umr/8/umr-0828.png,1024,1426,0.718093
img/umr/8/umr-0829.png,1024,1426,0.718093
img/umr/8/umr-0830.png,1024,1426,0.718093
img/umr/8/umr-0831.png,1024,1426,0.718093
img/umr/8/umr-0832.png,1024,1426,0.718093
img/umr/8/umr-0833.png,1024,1426,0.718093
img/umr/8/umr-0834.png,1024,1426,0.718093
img/umr/8/umr-0835.png,1024,1426,0.718093
img/umr/8/umr-0836.png,1024,1426,0.718093
img/umr/8/umr-0837.png,1024,1426,0.718093
img/umr/8/umr-0838.png,1024,1426,0.718093
img/umr/8/umr-0839.png,1024,1426,0.718093
img/umr/8/umr-0840.png,1024,1426,0.718093
img/umr/8/umr-0841.png,1024,1426,0.718093
img/umr/8/umr-0842.png,1024,1426,0.718093
img/umr/8/umr-0843.png,1024,1426,0.718093
img/umr/8/umr-0844.png,1024,1426,0.718093
img/umr/8/umr-0845.png,1024,1426,0.718093
img/umr/8/umr-0846.png,1024,1426,0.718093
img/umr/8/umr-0847.png,1024,1426,0.718093
img/umr/8/umr-0848.png,1024,1426,0.718093
img/umr/8/umr-0849.png,1024,1426,0.718093
img/umr/8/umr-0850.png,1024,1426,0.718093
img/umr/8/umr-0851.png,1024,1426,0.718093
img/umr/8/umr-0852.png,1024,1426,0.718093
img/umr/8/umr-0853.png,1024,1426,0.718093
img/umr/8/umr-0854.png,1024,1426,0.718093
img/umr/8/umr-0855.png,1024,1426,0.718093
img/umr/8/umr-0856.png,1024,1426,0.718093
img/umr/8/umr-0857.png,1024,1426,0.718093
img/umr/8/umr-0858.png,1024,1426,0.718093
img/umr/8/umr-0859.png,1024,1426,0.718093
img/umr/8/umr-0860.png,1024,1426,0.718093
img/umr/8/umr-0861.png,1024,1426,0.718093
img/umr/8/umr-0862.png,1024,1426,0.718093
img/umr/8/umr-0863.png,1024,1426,0.718093
img/umr/8/umr-0864.png,1024,1426,0.718093
img/umr/8/umr-0865.png,1024,1426,0.718093
img/umr/8/umr-0866.png,1024,1426,0.718093
img/umr/8/umr-0867.png,1024,1426,0.718093
img/umr/8/umr-0868.png,1024,1426,0.718093
img/umr/8/umr-0869.png,1024,1426,0.718093
img/umr/8/umr-0870.png,1024,1426,0.718093
img/umr/8/umr-0871.png,1024,1426,0.718093
img/umr/8/umr-0872.png,1024,1426,0.718093
img/umr/8/umr-0873.png,1024,1426,0.718093
img/umr/8/umr-0874.png,1024,1426,0.718093
img/umr/8/umr-0875.png,1024,1426,0.718093
img/umr/8/umr-0876.png,1024,1426,0.718093
img/umr/8/umr-0877.png,1024,1426,0.718093
img/umr/8/umr-0878.png,1024,1426,0.718093
img/umr/8/umr-0879.png,1024,1426,0.718093
img/umr/8/umr-0880.png,1024,1426,0.718093
img/umr/8/umr-0881.png,1024,1426,0.718093
img/umr/8/umr-0882.png,1024,1426,0.718093
img/umr/8/umr-0883.png,1024,1426,0.718093
img/umr/8/umr-0884.png,1024,1426,0.718093
img/umr/8/umr-0885.png,1024,1426,0.718093
img/umr/8/umr-0886.png,1024,1426,0.718093
img/umr/8/umr-0887.png,1024,1426,0.718093
img/umr/8/umr-0888.png,1024,1426,0.718093
img/umr/8/umr-0889.png,1024,1426,0.718093
img/umr/8/umr-0890.png,1024,1426,0.718093
img/umr/8/umr-0891.png,1024,1426,0.718093
img/umr/8/umr-0892.png,1024,1426,0.718093
img/umr/8/umr-0893.png,1024,1426,0.718093
img/umr/8/umr-0894.png,1024,1426,0.718093
img/umr/8/umr-0895.png,1024,1426,0.718093
img/umr/8/umr-0896.png,1024,1426,0.718093
img/umr/8/umr-0897.png,1024,1426,0.718093
img/umr/8/umr-0898.png,1024,1426,0.718093
img/umr/8/umr-0899.png,1024,1426,0.718093
img/umr/9/umr-0900.png,1024,1426,0.718093
img/umr/9/umr-0901.png,1024,1426,0.718093
img/umr/9/umr-0902.png,1024,1426,0.718093
img/umr/9/umr-0903.png,1024,1426,0.718093
img/umr/9/umr-0904.png,1024,1426,0.718093
img/umr/9/umr-0905.png,1024,1426,0.718093
img/umr/9/umr-0906.png,1024,1426,0.718093
img/umr/9/umr-0907.png,1024,1426,0.718093
img/umr/9/umr-0908.png,1024,1426,0.718093
img/umr/9/umr-0909.png,1024,1426,0.718093
img/umr/9/umr-0910.png,1024,1426,0.718093
img/umr/9/umr-0911.png,1024,1426,0.718093
img/umr/9/umr-0912.png,1024,1426,0.718093
img/umr/9/umr-0913.png,1024,1426,0.718093
img/umr/9/umr-0914.png,1024,1426,0.718093
img/umr/9/umr-0915.png,1024,1426,0.718093
img/umr/9/umr-0916.png,1024,1426,0.718093
img/umr/9/umr-0917.png,1024,1426,0.718093
img/umr/9/umr-0918.png,1024,1426,0.718093
img/umr/9/umr-0919.png,1024,1426,0.718093
img/umr/9/umr-0920.png,1024,1426,0.718093
img/umr/9/umr-0921.png,1024,1426,0.718093
img/umr/9/umr-0922.png,1024,1426,0.718093
img/umr/9/umr-0923.png,1024,1426,0.718093
img/umr/9/umr-0924.png,1024,1426,0.718093
img/umr/9/umr-0925.png,1024,1426,0.718093
img/umr/9/umr-0926.png,1024,1426,0.718093
img/umr/9/umr-0927.png,1024,1426,0.718093
img/umr/9/umr-0928.png,1024,1426,0.718093
img/umr/9/umr-0929.png,1024,1426,0.718093
img/umr/9/umr-0930.png,1024,1426,0.718093
img/umr/9/umr-0931.png,1024,1426,0.718093
img/umr/9/umr-0932.png,1024,1426,0.718093
img/umr/9/umr-0933.png,1024,1426,0.718093
img/umr/9/umr-0934.png,1024,1426,0.718093
img/umr/9/umr-0935.png,1024,1426,0.718093
img/umr/9/umr-0936.png,1024,1426,0.718093
img/umr/9/umr-0937.png,1024,1426,0.718093
img/umr/9/umr-0938.png,1024,1426,0.718093
img/umr/9/umr-0939.png,1024,1426,0.718093
img/umr/9/umr-0940.png,1024,1426,0.718093
img/umr/9/umr-0941.png,1024,1426,0.718093
img/umr/9/umr-0942.png,1024,1426,0.718093
img/umr/9/umr-0943.png,1024,1426,0.718093
img/umr/9/umr-0944.png,1024,1426,0.718093
img/umr/9/umr-0945.png,1024,1426,0.718093
img/umr/9/umr-0946.png,1024,1426,0.718093
img/umr/9/umr-0947.png,1024,1426,0.718093
img/umr/9/umr-0948.png,1024,1426,0.718093
img/umr/9/umr-0949.png,1024,1426,0.718093
img/umr/9/umr-0950.png,1024,1426,0.718093
img/umr/9/umr-0951.png,1024,1426,0.718093
img/umr/9/umr-0952.png,1024,1426,0.718093
img/umr/9/umr-0953.png,1024,1426,0.718093
img/umr/9/umr-0954.png,1024,1426,0.718093
img/umr/9/umr-0955.png,1024,1426,0.718093
img/umr/9/umr-0956.png,1024,1426,0.718093
img/umr/9/umr-0957.png,1024,1426,0.718093
img/umr/9/umr-0958.png,1024,1426,0.718093
img/umr/9/umr-0959.png,1024,1426,0.718093
img/umr/9/umr-0960.png,1024,1426,0.718093
img/umr/9/umr-0961.png,1024,1426,0.718093
img/umr/9/umr-0962.png,1024,1426,0.718093
img/umr/9/umr-0963.png,1024,1426,0.718093
img/umr/9/umr-0964.png,1024,1426,0.718093
img/umr/9/umr-0965.png,1024,1426,0.718093
img/umr/9/umr-0966.png,1024,1426,0.718093
img/umr/9/umr-0967.png,1024,1426,0.718093
img/umr/9/umr-0968.png,1024,1426,0.718093
img/umr/9/umr-0969.png,1024,1426,0.718093
img/umr/9/umr-0970.png,1024,1426,0.718093
img/umr/9/umr-0971.png,1024,1426,0.718093
img/umr/9/umr-0972.png,1024,1426,0.718093
img/umr/9/umr-0973.png,1024,1426,0.718093
img/umr/9/umr-0974.png,1024,1426,0.718093
img/umr/9/umr-0975.png,1024,1426,0.718093
img/umr/9/umr-0976.png,1024,1426,0.718093
img/umr/9/umr-0977.png,1024,1426,0.718093
img/umr/9/umr-0978.png,1024,1426,0.718093
img/umr/9/umr-0979.png,1024,1426,0.718093
img/umr/9/umr-0980.png,1024,1426,0.718093
img/umr/9/umr-0981.png,1024,1426,0.718093
img/umr/9/umr-0982.png,1024,1426,0.718093
img/umr/9/umr-0983.png,1024,1426,0.718093
img/umr/9/umr-0984.png,1024,1426,0.718093
img/umr/9/umr-0985.png,1024,1426,0.718093
img/umr/9/umr-0986.png,1024,1426,0.718093
img/umr/9/umr-0987.png,1024,1426,0.718093
img/umr/9/umr-0988.png,1024,1426,0.718093
img/umr/9/umr-0989.png,1024,1426,0.718093
img/umr/9/umr-0990.png,1024,1426,0.718093
img/umr/9/umr-0991.png,1024,1426,0.718093
img/umr/9/umr-0992.png,1024,1426,0.718093
img/umr/9/umr-0993.png,1024,1426,0.718093
img/umr/9/umr-0994.png,1024,1426,0.718093
img/umr/9/umr-0995.png,1024,1426,0.718093
img/umr/9/umr-0996.png,1024,1426,0.718093
img/umr/9/umr-0997.png,1024,1426,0.718093
img/umr/9/umr-0998.png,1024,1426,0.718093
img/umr/9/umr-0999.png,1024,1426,0.718093
