img/uqw/0/uqw-0001.png,1013,1439,0.703961
img/uqw/0/uqw-0002.png,951,1418,0.670663
img/uqw/0/uqw-0003.png,775,1232,0.629058
img/uqw/0/uqw-0004.png,720,1110,0.648649
img/uqw/0/uqw-0005.png,945,1234,0.765802
img/uqw/0/uqw-0006.png,972,1356,0.716814
img/uqw/0/uqw-0007.png,912,1286,0.709176
img/uqw/0/uqw-0008.png,943,1353,0.69697
img/uqw/0/uqw-0009.png,912,1343,0.679077
img/uqw/0/uqw-0010.png,949,1359,0.698308
img/uqw/0/uqw-0011.png,957,1345,0.711524
img/uqw/0/uqw-0012.png,1000,1362,0.734214
img/uqw/0/uqw-0013.png,952,1316,0.723404
img/uqw/0/uqw-0014.png,980,1366,0.717423
img/uqw/0/uqw-0015.png,922,1343,0.686523
img/uqw/0/uqw-0016.png,972,1357,0.716286
img/uqw/0/uqw-0017.png,913,1312,0.695884
img/uqw/0/uqw-0018.png,968,1387,0.697909
img/uqw/0/uqw-0019.png,923,1340,0.688806
img/uqw/0/uqw-0020.png,919,1309,0.702063
img/uqw/0/uqw-0021.png,935,1339,0.698282
img/uqw/0/uqw-0022.png,958,1358,0.705449
img/uqw/0/uqw-0023.png,938,1337,0.701571
img/uqw/0/uqw-0024.png,985,1364,0.722141
img/uqw/0/uqw-0025.png,949,1337,0.709798
img/uqw/0/uqw-0026.png,1014,1352,0.75
img/uqw/0/uqw-0027.png,927,1326,0.699095
img/uqw/0/uqw-0028.png,966,1346,0.717682
img/uqw/0/uqw-0029.png,966,1321,0.731264
img/uqw/0/uqw-0030.png,948,1346,0.704309
img/uqw/0/uqw-0031.png,919,1335,0.68839
img/uqw/0/uqw-0032.png,944,1353,0.697709
img/uqw/0/uqw-0033.png,947,1325,0.714717
img/uqw/0/uqw-0034.png,919,1312,0.700457
img/uqw/0/uqw-0035.png,919,1324,0.694109
img/uqw/0/uqw-0036.png,954,1359,0.701987
img/uqw/0/uqw-0037.png,934,1328,0.703313
img/uqw/0/uqw-0038.png,972,1347,0.721604
img/uqw/0/uqw-0039.png,922,1309,0.704354
img/uqw/0/uqw-0040.png,958,1358,0.705449
img/uqw/0/uqw-0041.png,930,1324,0.702417
img/uqw/0/uqw-0042.png,922,1313,0.702209
img/uqw/0/uqw-0043.png,972,1329,0.731377
img/uqw/0/uqw-0044.png,937,1319,0.710387
img/uqw/0/uqw-0045.png,953,1324,0.719789
img/uqw/0/uqw-0046.png,945,1320,0.715909
img/uqw/0/uqw-0047.png,916,1325,0.691321
img/uqw/0/uqw-0048.png,941,1345,0.699628
img/uqw/0/uqw-0049.png,921,1310,0.703053
img/uqw/0/uqw-0050.png,946,1319,0.71721
img/uqw/0/uqw-0051.png,920,1329,0.69225
img/uqw/0/uqw-0052.png,967,1371,0.705325
img/uqw/0/uqw-0053.png,913,1332,0.685435
img/uqw/0/uqw-0054.png,973,1360,0.715441
img/uqw/0/uqw-0055.png,949,1319,0.719484
img/uqw/0/uqw-0056.png,1003,1373,0.730517
img/uqw/0/uqw-0057.png,924,1318,0.701062
img/uqw/0/uqw-0058.png,929,1320,0.703788
img/uqw/0/uqw-0059.png,975,1346,0.724368
img/uqw/0/uqw-0060.png,924,805,1.14783
img/uqw/0/uqw-0061.png,932,1312,0.710366
img/uqw/0/uqw-0062.png,949,1388,0.683718
img/uqw/0/uqw-0063.png,919,1318,0.697269
img/uqw/0/uqw-0064.png,921,1366,0.674231
img/uqw/0/uqw-0065.png,912,1324,0.688822
img/uqw/0/uqw-0066.png,917,1323,0.693122
img/uqw/0/uqw-0067.png,953,1319,0.722517
img/uqw/0/uqw-0068.png,959,1370,0.7
img/uqw/0/uqw-0069.png,930,820,1.13415
img/uqw/0/uqw-0070.png,927,1380,0.671739
img/uqw/0/uqw-0071.png,942,1330,0.708271
img/uqw/0/uqw-0072.png,927,1331,0.696469
img/uqw/0/uqw-0073.png,946,1321,0.716124
img/uqw/0/uqw-0074.png,938,1385,0.677256
img/uqw/0/uqw-0075.png,943,1322,0.713313
img/uqw/0/uqw-0076.png,947,1374,0.689229
img/uqw/0/uqw-0077.png,918,1302,0.705069
img/uqw/0/uqw-0078.png,932,1243,0.749799
img/uqw/0/uqw-0079.png,943,1332,0.707958
img/uqw/0/uqw-0080.png,966,1379,0.700508
img/uqw/0/uqw-0081.png,922,1327,0.6948
img/uqw/0/uqw-0082.png,922,1357,0.67944
img/uqw/0/uqw-0083.png,934,1312,0.71189
img/uqw/0/uqw-0084.png,922,1314,0.701674
img/uqw/0/uqw-0085.png,916,1312,0.698171
img/uqw/0/uqw-0086.png,931,1372,0.678571
img/uqw/0/uqw-0087.png,921,1327,0.694047
img/uqw/0/uqw-0088.png,917,1318,0.695751
img/uqw/0/uqw-0089.png,940,1200,0.783333
img/uqw/0/uqw-0090.png,951,1377,0.690632
img/uqw/0/uqw-0091.png,920,1322,0.695915
img/uqw/0/uqw-0092.png,923,1343,0.687267
img/uqw/0/uqw-0093.png,924,1331,0.694215
img/uqw/0/uqw-0094.png,923,1261,0.731959
img/uqw/0/uqw-0095.png,920,1327,0.693293
img/uqw/0/uqw-0096.png,938,1332,0.704204
img/uqw/0/uqw-0097.png,936,1325,0.706415
img/uqw/0/uqw-0098.png,927,1392,0.665948
img/uqw/0/uqw-0099.png,918,1340,0.685075
img/uqw/10/uqw-1000.png,904,1400,0.645714
img/uqw/10/uqw-1001.png,904,1383,0.653651
img/uqw/10/uqw-1002.png,896,1401,0.639543
img/uqw/10/uqw-1003.png,903,1343,0.672375
img/uqw/10/uqw-1004.png,923,1338,0.689836
img/uqw/10/uqw-1005.png,924,1365,0.676923
img/uqw/10/uqw-1006.png,879,1386,0.634199
img/uqw/10/uqw-1007.png,914,1370,0.667153
img/uqw/10/uqw-1008.png,970,1403,0.691376
img/uqw/10/uqw-1009.png,912,1358,0.671576
img/uqw/10/uqw-1010.png,897,1403,0.639344
img/uqw/10/uqw-1011.png,909,1356,0.670354
img/uqw/10/uqw-1012.png,885,1405,0.629893
img/uqw/10/uqw-1013.png,889,1392,0.638649
img/uqw/10/uqw-1014.png,920,1399,0.657613
img/uqw/10/uqw-1015.png,909,1348,0.674332
img/uqw/10/uqw-1016.png,910,1406,0.647226
img/uqw/10/uqw-1017.png,917,1319,0.695224
img/uqw/10/uqw-1018.png,895,1409,0.635202
img/uqw/10/uqw-1019.png,899,1325,0.678491
img/uqw/10/uqw-1020.png,902,1392,0.647989
img/uqw/10/uqw-1021.png,947,1373,0.689731
img/uqw/10/uqw-1022.png,879,1395,0.630108
img/uqw/10/uqw-1023.png,893,1372,0.650875
img/uqw/10/uqw-1024.png,903,1393,0.648241
img/uqw/10/uqw-1025.png,891,1380,0.645652
img/uqw/10/uqw-1026.png,906,1399,0.647605
img/uqw/10/uqw-1027.png,879,1342,0.654993
img/uqw/10/uqw-1028.png,891,1407,0.633262
img/uqw/10/uqw-1029.png,890,1324,0.672205
img/uqw/10/uqw-1030.png,915,1402,0.652639
img/uqw/10/uqw-1031.png,914,1254,0.728868
img/uqw/10/uqw-1032.png,904,1407,0.642502
img/uqw/10/uqw-1033.png,967,1323,0.730915
img/uqw/10/uqw-1034.png,919,1413,0.650389
img/uqw/10/uqw-1035.png,882,1322,0.667171
img/uqw/10/uqw-1036.png,900,1393,0.646088
img/uqw/10/uqw-1037.png,915,1326,0.690045
img/uqw/10/uqw-1038.png,878,1398,0.62804
img/uqw/10/uqw-1039.png,906,1353,0.669623
img/uqw/10/uqw-1040.png,924,1395,0.662366
img/uqw/10/uqw-1041.png,905,1384,0.653902
img/uqw/10/uqw-1042.png,911,1396,0.652579
img/uqw/10/uqw-1043.png,907,1396,0.649713
img/uqw/10/uqw-1044.png,926,1405,0.659075
img/uqw/10/uqw-1045.png,904,1369,0.660336
img/uqw/10/uqw-1046.png,897,1385,0.647653
img/uqw/10/uqw-1047.png,889,1374,0.647016
img/uqw/10/uqw-1048.png,874,1410,0.619858
img/uqw/10/uqw-1049.png,890,1394,0.638451
img/uqw/10/uqw-1050.png,908,1408,0.644886
img/uqw/10/uqw-1051.png,925,1345,0.687732
img/uqw/10/uqw-1052.png,888,1379,0.643945
img/uqw/10/uqw-1053.png,942,1323,0.712018
img/uqw/10/uqw-1054.png,965,1412,0.683428
img/uqw/10/uqw-1055.png,930,1326,0.701357
img/uqw/10/uqw-1056.png,898,1325,0.677736
img/uqw/10/uqw-1057.png,933,1322,0.705749
img/uqw/10/uqw-1058.png,971,1414,0.686704
img/uqw/10/uqw-1059.png,899,1365,0.658608
img/uqw/10/uqw-1060.png,904,1401,0.645253
img/uqw/10/uqw-1061.png,904,1312,0.689024
img/uqw/10/uqw-1062.png,902,1397,0.645669
img/uqw/10/uqw-1063.png,917,1368,0.670322
img/uqw/10/uqw-1064.png,915,1394,0.656385
img/uqw/10/uqw-1065.png,894,1333,0.670668
img/uqw/10/uqw-1066.png,899,1398,0.643062
img/uqw/10/uqw-1067.png,892,1385,0.644043
img/uqw/10/uqw-1068.png,906,1393,0.650395
img/uqw/10/uqw-1069.png,908,1369,0.663258
img/uqw/10/uqw-1070.png,935,1398,0.668813
img/uqw/10/uqw-1071.png,919,1377,0.667393
img/uqw/10/uqw-1072.png,887,1395,0.635842
img/uqw/10/uqw-1073.png,940,1384,0.679191
img/uqw/10/uqw-1074.png,905,1398,0.647353
img/uqw/10/uqw-1075.png,884,1321,0.66919
img/uqw/10/uqw-1076.png,887,1403,0.632217
img/uqw/10/uqw-1077.png,883,1318,0.669954
img/uqw/10/uqw-1078.png,907,1401,0.647395
img/uqw/10/uqw-1079.png,879,1319,0.666414
img/uqw/10/uqw-1080.png,898,1326,0.677225
img/uqw/10/uqw-1081.png,901,1408,0.639915
img/uqw/10/uqw-1082.png,909,1384,0.656792
img/uqw/10/uqw-1083.png,914,1314,0.695586
img/uqw/10/uqw-1084.png,902,1392,0.647989
img/uqw/10/uqw-1085.png,882,1319,0.668688
img/uqw/10/uqw-1086.png,952,1377,0.691358
img/uqw/10/uqw-1087.png,881,1320,0.667424
img/uqw/10/uqw-1088.png,890,1388,0.64121
img/uqw/10/uqw-1089.png,882,1321,0.667676
img/uqw/10/uqw-1090.png,971,1385,0.701083
img/uqw/10/uqw-1091.png,908,1338,0.678625
img/uqw/10/uqw-1092.png,882,1316,0.670213
img/uqw/10/uqw-1093.png,883,1329,0.664409
img/uqw/10/uqw-1094.png,923,1397,0.660702
img/uqw/10/uqw-1095.png,898,1320,0.680303
img/uqw/10/uqw-1096.png,909,1395,0.651613
img/uqw/10/uqw-1097.png,881,1334,0.66042
img/uqw/10/uqw-1098.png,889,1393,0.638191
img/uqw/10/uqw-1099.png,880,1332,0.660661
img/uqw/11/uqw-1100.png,880,1347,0.653304
img/uqw/11/uqw-1101.png,885,1318,0.671472
img/uqw/11/uqw-1102.png,897,1396,0.64255
img/uqw/11/uqw-1103.png,952,1425,0.66807
img/uqw/11/uqw-1104.png,913,1330,0.686466
img/uqw/11/uqw-1105.png,882,1318,0.669196
img/uqw/11/uqw-1106.png,923,1399,0.659757
img/uqw/11/uqw-1107.png,904,1320,0.684848
img/uqw/11/uqw-1108.png,882,1399,0.63045
img/uqw/11/uqw-1109.png,899,1383,0.650036
img/uqw/11/uqw-1110.png,925,1391,0.664989
img/uqw/11/uqw-1111.png,912,1325,0.688302
img/uqw/11/uqw-1112.png,906,1420,0.638028
img/uqw/11/uqw-1113.png,923,1347,0.685226
img/uqw/11/uqw-1114.png,906,1404,0.645299
img/uqw/11/uqw-1115.png,900,1324,0.679758
img/uqw/11/uqw-1116.png,899,1396,0.643983
img/uqw/11/uqw-1117.png,879,1321,0.665405
img/uqw/11/uqw-1118.png,883,1407,0.627576
img/uqw/11/uqw-1119.png,896,1319,0.679303
img/uqw/11/uqw-1120.png,885,1382,0.640376
img/uqw/11/uqw-1121.png,882,1364,0.646628
img/uqw/11/uqw-1122.png,908,1402,0.647646
img/uqw/11/uqw-1123.png,903,1323,0.68254
img/uqw/11/uqw-1124.png,913,1398,0.653076
img/uqw/11/uqw-1125.png,936,1383,0.67679
img/uqw/11/uqw-1126.png,895,1393,0.642498
img/uqw/11/uqw-1127.png,885,1320,0.670455
img/uqw/11/uqw-1128.png,901,1400,0.643571
img/uqw/11/uqw-1129.png,906,1319,0.686884
img/uqw/11/uqw-1130.png,944,1398,0.67525
img/uqw/11/uqw-1131.png,882,1345,0.655762
img/uqw/11/uqw-1132.png,897,1389,0.645788
img/uqw/11/uqw-1133.png,886,1320,0.671212
img/uqw/11/uqw-1134.png,895,1393,0.642498
img/uqw/11/uqw-1135.png,907,1396,0.649713
img/uqw/11/uqw-1136.png,881,1319,0.66793
img/uqw/11/uqw-1137.png,930,1319,0.70508
img/uqw/11/uqw-1138.png,892,1398,0.638054
img/uqw/11/uqw-1139.png,896,1315,0.681369
img/uqw/11/uqw-1140.png,967,1402,0.689729
img/uqw/11/uqw-1141.png,886,1319,0.671721
img/uqw/11/uqw-1142.png,886,1413,0.627035
img/uqw/11/uqw-1143.png,904,1384,0.653179
img/uqw/11/uqw-1144.png,900,1394,0.645624
img/uqw/11/uqw-1145.png,878,1319,0.665656
img/uqw/11/uqw-1146.png,878,1321,0.664648
img/uqw/11/uqw-1147.png,912,1320,0.690909
img/uqw/11/uqw-1148.png,908,1397,0.649964
img/uqw/11/uqw-1149.png,922,1320,0.698485
img/uqw/11/uqw-1150.png,883,1335,0.661423
img/uqw/11/uqw-1151.png,902,1370,0.658394
img/uqw/11/uqw-1152.png,900,1404,0.641026
img/uqw/11/uqw-1153.png,938,1346,0.69688
img/uqw/11/uqw-1154.png,929,1320,0.703788
img/uqw/11/uqw-1155.png,910,1425,0.638596
img/uqw/11/uqw-1156.png,900,1401,0.642398
img/uqw/11/uqw-1157.png,895,1321,0.677517
img/uqw/11/uqw-1158.png,924,1394,0.662841
img/uqw/11/uqw-1159.png,919,1342,0.684799
img/uqw/11/uqw-1160.png,924,1405,0.657651
img/uqw/11/uqw-1161.png,930,1329,0.699774
img/uqw/11/uqw-1162.png,963,1398,0.688841
img/uqw/11/uqw-1163.png,917,1383,0.663051
img/uqw/11/uqw-1164.png,888,1318,0.673748
img/uqw/11/uqw-1165.png,896,1327,0.675207
img/uqw/11/uqw-1166.png,910,1398,0.65093
img/uqw/11/uqw-1167.png,886,1319,0.671721
img/uqw/11/uqw-1168.png,878,1322,0.664145
img/uqw/11/uqw-1169.png,940,1321,0.711582
img/uqw/11/uqw-1170.png,905,1397,0.647817
img/uqw/11/uqw-1171.png,918,1321,0.694928
img/uqw/11/uqw-1172.png,911,1386,0.657287
img/uqw/11/uqw-1173.png,941,1373,0.685361
img/uqw/11/uqw-1174.png,917,1396,0.656877
img/uqw/11/uqw-1175.png,913,1322,0.69062
img/uqw/11/uqw-1176.png,956,1401,0.68237
img/uqw/11/uqw-1177.png,897,1329,0.674944
img/uqw/11/uqw-1178.png,887,1404,0.631766
img/uqw/11/uqw-1179.png,894,1333,0.670668
img/uqw/11/uqw-1180.png,915,1415,0.646643
img/uqw/11/uqw-1181.png,879,1320,0.665909
img/uqw/11/uqw-1182.png,880,1393,0.63173
img/uqw/11/uqw-1183.png,892,1366,0.653001
img/uqw/11/uqw-1184.png,904,1397,0.647101
img/uqw/11/uqw-1185.png,903,1367,0.660571
img/uqw/11/uqw-1186.png,906,1394,0.649928
img/uqw/11/uqw-1187.png,885,1330,0.665414
img/uqw/11/uqw-1188.png,927,1404,0.660256
img/uqw/11/uqw-1189.png,877,1343,0.653016
img/uqw/11/uqw-1190.png,891,1409,0.632363
img/uqw/11/uqw-1191.png,882,1324,0.666163
img/uqw/11/uqw-1192.png,907,1389,0.652988
img/uqw/11/uqw-1193.png,918,1325,0.69283
img/uqw/11/uqw-1194.png,880,1405,0.626335
img/uqw/11/uqw-1195.png,894,1322,0.676248
img/uqw/11/uqw-1196.png,909,1405,0.646975
img/uqw/11/uqw-1197.png,885,1322,0.66944
img/uqw/11/uqw-1198.png,889,1399,0.635454
img/uqw/11/uqw-1199.png,908,1382,0.657019
img/uqw/12/uqw-1200.png,880,1319,0.667172
img/uqw/12/uqw-1201.png,880,1329,0.662152
img/uqw/12/uqw-1202.png,957,1378,0.694485
img/uqw/12/uqw-1203.png,891,1322,0.673979
img/uqw/12/uqw-1204.png,880,1320,0.666667
img/uqw/12/uqw-1205.png,898,1321,0.679788
img/uqw/12/uqw-1206.png,913,1402,0.651213
img/uqw/12/uqw-1207.png,909,1322,0.687595
img/uqw/12/uqw-1208.png,913,1391,0.656362
img/uqw/12/uqw-1209.png,908,1391,0.652768
img/uqw/12/uqw-1210.png,896,1402,0.639087
img/uqw/12/uqw-1211.png,895,1389,0.644348
img/uqw/12/uqw-1212.png,897,1400,0.640714
img/uqw/12/uqw-1213.png,950,1384,0.686416
img/uqw/12/uqw-1214.png,886,1320,0.671212
img/uqw/12/uqw-1215.png,901,1431,0.62963
img/uqw/12/uqw-1216.png,898,1432,0.627095
img/uqw/12/uqw-1217.png,891,1380,0.645652
img/uqw/12/uqw-1218.png,904,1394,0.648494
img/uqw/12/uqw-1219.png,899,1381,0.650978
img/uqw/12/uqw-1220.png,909,1408,0.645597
img/uqw/12/uqw-1221.png,913,1363,0.669846
img/uqw/12/uqw-1222.png,912,1398,0.652361
img/uqw/12/uqw-1223.png,911,1389,0.655868
img/uqw/12/uqw-1224.png,907,1334,0.67991
img/uqw/12/uqw-1225.png,905,1399,0.646891
img/uqw/12/uqw-1226.png,879,1324,0.663897
img/uqw/12/uqw-1227.png,883,1321,0.668433
img/uqw/12/uqw-1228.png,899,1431,0.628232
img/uqw/12/uqw-1229.png,889,1392,0.638649
img/uqw/12/uqw-1230.png,888,1342,0.661699
img/uqw/12/uqw-1231.png,883,1322,0.667927
img/uqw/12/uqw-1232.png,910,1358,0.670103
img/uqw/12/uqw-1233.png,897,1330,0.674436
img/uqw/12/uqw-1234.png,879,1320,0.665909
img/uqw/12/uqw-1235.png,900,1397,0.644238
img/uqw/12/uqw-1236.png,889,1391,0.639109
img/uqw/12/uqw-1237.png,918,1429,0.642407
img/uqw/12/uqw-1238.png,922,1381,0.667632
img/uqw/12/uqw-1239.png,917,1329,0.689992
img/uqw/12/uqw-1240.png,902,1407,0.64108
img/uqw/12/uqw-1241.png,920,1399,0.657613
img/uqw/12/uqw-1242.png,909,1321,0.688115
img/uqw/12/uqw-1243.png,891,1392,0.640086
img/uqw/12/uqw-1244.png,902,1397,0.645669
img/uqw/12/uqw-1245.png,898,1322,0.679274
img/uqw/12/uqw-1246.png,881,1403,0.62794
img/uqw/12/uqw-1247.png,899,1390,0.646763
img/uqw/12/uqw-1248.png,874,1326,0.659125
img/uqw/12/uqw-1249.png,875,1389,0.62995
img/uqw/12/uqw-1250.png,880,1329,0.662152
img/uqw/12/uqw-1251.png,892,1336,0.667665
img/uqw/12/uqw-1252.png,906,1344,0.674107
img/uqw/12/uqw-1253.png,894,1382,0.646889
img/uqw/12/uqw-1254.png,893,1319,0.677028
img/uqw/12/uqw-1255.png,900,1394,0.645624
img/uqw/12/uqw-1256.png,889,1321,0.672975
img/uqw/12/uqw-1257.png,914,1384,0.660405
img/uqw/12/uqw-1258.png,889,1395,0.637276
img/uqw/12/uqw-1259.png,894,1425,0.627368
img/uqw/12/uqw-1260.png,905,1396,0.648281
img/uqw/12/uqw-1261.png,922,1397,0.659986
img/uqw/12/uqw-1262.png,902,1322,0.6823
img/uqw/12/uqw-1263.png,893,1424,0.627107
img/uqw/12/uqw-1264.png,888,1321,0.672218
img/uqw/12/uqw-1265.png,892,1383,0.644975
img/uqw/12/uqw-1266.png,892,1326,0.6727
img/uqw/12/uqw-1267.png,903,1426,0.63324
img/uqw/12/uqw-1268.png,888,1402,0.633381
img/uqw/12/uqw-1269.png,890,1216,0.731908
img/uqw/12/uqw-1270.png,887,1327,0.668425
img/uqw/12/uqw-1271.png,914,1406,0.650071
img/uqw/12/uqw-1272.png,881,1321,0.666919
img/uqw/12/uqw-1273.png,899,1352,0.664941
img/uqw/12/uqw-1274.png,875,1318,0.663885
img/uqw/12/uqw-1275.png,914,1387,0.658976
img/uqw/12/uqw-1276.png,879,1340,0.65597
img/uqw/12/uqw-1277.png,914,1431,0.638714
img/uqw/12/uqw-1278.png,925,1318,0.701821
img/uqw/12/uqw-1279.png,896,1396,0.641834
img/uqw/12/uqw-1280.png,877,1322,0.663389
img/uqw/12/uqw-1281.png,890,1426,0.624123
img/uqw/12/uqw-1282.png,907,1404,0.646011
img/uqw/12/uqw-1283.png,906,1431,0.633124
img/uqw/12/uqw-1284.png,880,1322,0.665658
img/uqw/12/uqw-1285.png,909,1365,0.665934
img/uqw/12/uqw-1286.png,899,1333,0.674419
img/uqw/12/uqw-1287.png,898,1386,0.647908
img/uqw/12/uqw-1288.png,931,1399,0.665475
img/uqw/12/uqw-1289.png,899,1317,0.682612
img/uqw/12/uqw-1290.png,927,1404,0.660256
img/uqw/12/uqw-1291.png,914,1390,0.657554
img/uqw/12/uqw-1292.png,913,1321,0.691143
img/uqw/12/uqw-1293.png,891,1359,0.655629
img/uqw/12/uqw-1294.png,895,1326,0.674962
img/uqw/12/uqw-1295.png,904,1392,0.649425
img/uqw/12/uqw-1296.png,929,1338,0.69432
img/uqw/12/uqw-1297.png,963,1322,0.728442
img/uqw/12/uqw-1298.png,878,1317,0.666667
img/uqw/12/uqw-1299.png,901,1430,0.63007
img/uqw/13/uqw-1300.png,894,1347,0.663697
img/uqw/13/uqw-1301.png,891,1385,0.643321
img/uqw/13/uqw-1302.png,879,1317,0.667426
img/uqw/13/uqw-1303.png,903,1390,0.64964
img/uqw/13/uqw-1304.png,903,1320,0.684091
img/uqw/13/uqw-1305.png,919,1408,0.652699
img/uqw/13/uqw-1306.png,909,1337,0.67988
img/uqw/13/uqw-1307.png,901,1397,0.644953
img/uqw/13/uqw-1308.png,881,1321,0.666919
img/uqw/13/uqw-1309.png,919,1399,0.656898
img/uqw/13/uqw-1310.png,878,1320,0.665152
img/uqw/13/uqw-1311.png,890,1330,0.669173
img/uqw/13/uqw-1312.png,913,1324,0.689577
img/uqw/13/uqw-1313.png,888,1431,0.620545
img/uqw/13/uqw-1314.png,907,1322,0.686082
img/uqw/13/uqw-1315.png,933,1431,0.651992
img/uqw/13/uqw-1316.png,893,1322,0.675492
img/uqw/13/uqw-1317.png,912,1412,0.645892
img/uqw/13/uqw-1318.png,943,1380,0.683333
img/uqw/13/uqw-1319.png,943,1331,0.70849
img/uqw/13/uqw-1320.png,878,1323,0.663643
img/uqw/13/uqw-1321.png,916,1431,0.640112
img/uqw/13/uqw-1322.png,907,1356,0.668879
img/uqw/13/uqw-1323.png,897,1394,0.643472
img/uqw/13/uqw-1324.png,904,1320,0.684848
img/uqw/13/uqw-1325.png,933,1425,0.654737
img/uqw/13/uqw-1326.png,878,1320,0.665152
img/uqw/13/uqw-1327.png,894,1324,0.675227
img/uqw/13/uqw-1328.png,894,1431,0.624738
img/uqw/13/uqw-1329.png,936,1424,0.657303
img/uqw/13/uqw-1330.png,912,1417,0.643613
img/uqw/13/uqw-1331.png,916,1428,0.641457
img/uqw/13/uqw-1332.png,914,1403,0.651461
img/uqw/13/uqw-1333.png,925,1386,0.667388
img/uqw/13/uqw-1334.png,882,1320,0.668182
img/uqw/13/uqw-1335.png,901,1387,0.649603
img/uqw/13/uqw-1336.png,881,1342,0.656483
img/uqw/13/uqw-1337.png,899,1392,0.645833
img/uqw/13/uqw-1338.png,911,1405,0.648399
img/uqw/13/uqw-1339.png,908,1336,0.679641
img/uqw/13/uqw-1340.png,899,1347,0.667409
img/uqw/13/uqw-1341.png,949,1387,0.684211
img/uqw/13/uqw-1342.png,888,1323,0.671202
img/uqw/13/uqw-1343.png,902,1374,0.656477
img/uqw/13/uqw-1344.png,909,1323,0.687075
img/uqw/13/uqw-1345.png,945,1364,0.692815
img/uqw/13/uqw-1346.png,887,1371,0.646973
img/uqw/13/uqw-1347.png,915,1368,0.66886
img/uqw/13/uqw-1348.png,925,1398,0.66166
img/uqw/13/uqw-1349.png,899,1383,0.650036
img/uqw/13/uqw-1350.png,892,1397,0.638511
img/uqw/13/uqw-1351.png,898,1369,0.655953
img/uqw/13/uqw-1352.png,911,1390,0.655396
img/uqw/13/uqw-1353.png,880,1319,0.667172
img/uqw/13/uqw-1354.png,882,1421,0.62069
img/uqw/13/uqw-1355.png,881,1323,0.665911
img/uqw/13/uqw-1356.png,940,1400,0.671429
img/uqw/13/uqw-1357.png,938,1321,0.710068
img/uqw/13/uqw-1358.png,897,1328,0.675452
img/uqw/13/uqw-1359.png,905,1398,0.647353
img/uqw/13/uqw-1360.png,901,1405,0.641281
img/uqw/13/uqw-1361.png,880,1319,0.667172
img/uqw/13/uqw-1362.png,917,1383,0.663051
img/uqw/13/uqw-1363.png,933,1375,0.678545
img/uqw/13/uqw-1364.png,916,1393,0.657574
img/uqw/13/uqw-1365.png,896,1369,0.654492
img/uqw/13/uqw-1366.png,902,1406,0.641536
img/uqw/13/uqw-1367.png,922,1369,0.673484
img/uqw/13/uqw-1368.png,888,1324,0.670695
img/uqw/13/uqw-1369.png,909,1324,0.686556
img/uqw/13/uqw-1370.png,892,1397,0.638511
img/uqw/13/uqw-1371.png,883,1351,0.65359
img/uqw/13/uqw-1372.png,909,1402,0.648359
img/uqw/13/uqw-1373.png,908,1388,0.654179
img/uqw/13/uqw-1374.png,878,1324,0.663142
img/uqw/13/uqw-1375.png,886,1378,0.642961
img/uqw/13/uqw-1376.png,895,1407,0.636105
img/uqw/13/uqw-1377.png,881,1326,0.664404
img/uqw/13/uqw-1378.png,888,1323,0.671202
img/uqw/13/uqw-1379.png,879,1322,0.664902
img/uqw/13/uqw-1380.png,890,1401,0.635261
img/uqw/13/uqw-1381.png,886,1317,0.672741
img/uqw/13/uqw-1382.png,885,1338,0.661435
img/uqw/13/uqw-1383.png,904,1401,0.645253
img/uqw/13/uqw-1384.png,966,1388,0.695965
img/uqw/13/uqw-1385.png,906,1347,0.672606
img/uqw/13/uqw-1386.png,956,1411,0.677534
img/uqw/13/uqw-1387.png,948,1324,0.716012
img/uqw/13/uqw-1388.png,922,1405,0.656228
img/uqw/13/uqw-1389.png,896,1312,0.682927
img/uqw/13/uqw-1390.png,940,1323,0.710506
img/uqw/13/uqw-1391.png,916,1324,0.691843
img/uqw/13/uqw-1392.png,879,1323,0.664399
img/uqw/13/uqw-1393.png,913,1389,0.657307
img/uqw/13/uqw-1394.png,914,1396,0.654728
img/uqw/13/uqw-1395.png,913,1326,0.688537
img/uqw/13/uqw-1396.png,890,1411,0.630758
img/uqw/13/uqw-1397.png,903,1427,0.632796
img/uqw/13/uqw-1398.png,928,1411,0.65769
img/uqw/13/uqw-1399.png,907,1427,0.635599
img/uqw/14/uqw-1400.png,926,1400,0.661429
img/uqw/14/uqw-1401.png,924,1378,0.670537
img/uqw/14/uqw-1402.png,907,1395,0.650179
img/uqw/14/uqw-1403.png,893,1385,0.644765
img/uqw/14/uqw-1404.png,894,1406,0.635846
img/uqw/14/uqw-1405.png,903,1376,0.65625
img/uqw/14/uqw-1406.png,883,1324,0.666918
img/uqw/14/uqw-1407.png,891,1430,0.623077
img/uqw/14/uqw-1408.png,876,1323,0.662132
img/uqw/14/uqw-1409.png,897,1337,0.670905
img/uqw/14/uqw-1410.png,903,1418,0.636812
img/uqw/14/uqw-1411.png,886,1324,0.669184
img/uqw/14/uqw-1412.png,911,1328,0.685994
img/uqw/14/uqw-1413.png,892,1377,0.647785
img/uqw/14/uqw-1414.png,923,1421,0.649543
img/uqw/14/uqw-1415.png,906,1368,0.662281
img/uqw/14/uqw-1416.png,883,1360,0.649265
img/uqw/14/uqw-1417.png,952,1362,0.698972
img/uqw/14/uqw-1418.png,970,1395,0.695341
img/uqw/14/uqw-1419.png,915,1396,0.655444
img/uqw/14/uqw-1420.png,898,1422,0.631505
img/uqw/14/uqw-1421.png,914,1371,0.666667
img/uqw/14/uqw-1422.png,899,1408,0.638494
img/uqw/14/uqw-1423.png,928,1367,0.678859
img/uqw/14/uqw-1424.png,900,1391,0.647017
img/uqw/14/uqw-1425.png,880,1375,0.64
img/uqw/14/uqw-1426.png,913,1321,0.691143
img/uqw/14/uqw-1427.png,922,1363,0.676449
img/uqw/14/uqw-1428.png,890,1401,0.635261
img/uqw/14/uqw-1429.png,891,1422,0.626582
img/uqw/14/uqw-1430.png,899,1407,0.638948
img/uqw/14/uqw-1431.png,883,1422,0.620956
img/uqw/14/uqw-1432.png,918,1322,0.694402
img/uqw/14/uqw-1433.png,969,1423,0.680956
img/uqw/14/uqw-1434.png,916,1409,0.650106
img/uqw/14/uqw-1435.png,904,1422,0.635724
img/uqw/14/uqw-1436.png,882,1414,0.623762
img/uqw/14/uqw-1437.png,877,1325,0.661887
img/uqw/14/uqw-1438.png,901,1396,0.645415
img/uqw/14/uqw-1439.png,910,1368,0.665205
img/uqw/14/uqw-1440.png,890,1372,0.648688
img/uqw/14/uqw-1441.png,897,1322,0.678517
img/uqw/14/uqw-1442.png,892,1406,0.634424
img/uqw/14/uqw-1443.png,945,1415,0.667845
img/uqw/14/uqw-1444.png,898,1389,0.646508
img/uqw/14/uqw-1445.png,888,1325,0.670189
img/uqw/14/uqw-1446.png,934,1391,0.671459
img/uqw/14/uqw-1447.png,901,1422,0.633615
img/uqw/14/uqw-1448.png,948,1421,0.667136
img/uqw/14/uqw-1449.png,903,1375,0.656727
img/uqw/14/uqw-1450.png,897,1410,0.63617
img/uqw/14/uqw-1451.png,904,1422,0.635724
img/uqw/14/uqw-1452.png,902,1396,0.646132
img/uqw/14/uqw-1453.png,910,1362,0.668135
img/uqw/14/uqw-1454.png,881,1405,0.627046
img/uqw/14/uqw-1455.png,901,1320,0.682576
img/uqw/14/uqw-1456.png,882,1399,0.63045
img/uqw/14/uqw-1457.png,884,1318,0.670713
img/uqw/14/uqw-1458.png,924,1384,0.66763
img/uqw/14/uqw-1459.png,905,1365,0.663004
img/uqw/14/uqw-1460.png,887,1402,0.632668
img/uqw/14/uqw-1461.png,878,1317,0.666667
img/uqw/14/uqw-1462.png,923,1391,0.663551
img/uqw/14/uqw-1463.png,911,1422,0.640647
img/uqw/14/uqw-1464.png,892,1311,0.680397
img/uqw/14/uqw-1465.png,916,1382,0.662808
img/uqw/14/uqw-1466.png,886,1403,0.631504
img/uqw/14/uqw-1467.png,908,1365,0.665201
img/uqw/14/uqw-1468.png,901,1391,0.647735
img/uqw/14/uqw-1469.png,913,1374,0.664483
img/uqw/14/uqw-1470.png,886,1398,0.633763
img/uqw/14/uqw-1471.png,931,1368,0.680556
img/uqw/14/uqw-1472.png,885,1317,0.671982
img/uqw/14/uqw-1473.png,891,1422,0.626582
img/uqw/14/uqw-1474.png,888,1395,0.636559
img/uqw/14/uqw-1475.png,916,1422,0.644163
img/uqw/14/uqw-1476.png,890,1388,0.64121
img/uqw/14/uqw-1477.png,895,1422,0.629395
img/uqw/14/uqw-1478.png,907,1394,0.650646
img/uqw/14/uqw-1479.png,890,1422,0.625879
img/uqw/14/uqw-1480.png,898,1400,0.641429
img/uqw/14/uqw-1481.png,890,1372,0.648688
img/uqw/14/uqw-1482.png,905,1412,0.640935
img/uqw/14/uqw-1483.png,897,1359,0.660044
img/uqw/14/uqw-1484.png,922,1406,0.655761
img/uqw/14/uqw-1485.png,884,1383,0.63919
img/uqw/14/uqw-1486.png,929,1403,0.662153
img/uqw/14/uqw-1487.png,893,1321,0.676003
img/uqw/14/uqw-1488.png,907,1397,0.649248
img/uqw/14/uqw-1489.png,918,1377,0.666667
img/uqw/14/uqw-1490.png,908,1324,0.685801
img/uqw/14/uqw-1491.png,900,1385,0.649819
img/uqw/14/uqw-1492.png,910,1411,0.644933
img/uqw/14/uqw-1493.png,907,1403,0.646472
img/uqw/14/uqw-1494.png,880,1325,0.664151
img/uqw/14/uqw-1495.png,878,1324,0.663142
img/uqw/14/uqw-1496.png,928,1401,0.662384
img/uqw/14/uqw-1497.png,896,1385,0.646931
img/uqw/14/uqw-1498.png,906,1389,0.652268
img/uqw/14/uqw-1499.png,922,1344,0.686012
img/uqw/15/uqw-1500.png,882,1345,0.655762
img/uqw/15/uqw-1501.png,898,1370,0.655474
img/uqw/15/uqw-1502.png,896,1387,0.645999
img/uqw/15/uqw-1503.png,889,1382,0.643271
img/uqw/15/uqw-1504.png,878,1396,0.62894
img/uqw/15/uqw-1505.png,897,1388,0.646254
img/uqw/15/uqw-1506.png,895,1318,0.679059
img/uqw/15/uqw-1507.png,900,1406,0.640114
img/uqw/15/uqw-1508.png,931,1392,0.668822
img/uqw/15/uqw-1509.png,897,1319,0.680061
img/uqw/15/uqw-1510.png,903,1404,0.643162
img/uqw/15/uqw-1511.png,915,1389,0.658747
img/uqw/15/uqw-1512.png,917,1400,0.655
img/uqw/15/uqw-1513.png,926,1382,0.670043
img/uqw/15/uqw-1514.png,902,1417,0.636556
img/uqw/15/uqw-1515.png,919,1394,0.659254
img/uqw/15/uqw-1516.png,884,1412,0.626062
img/uqw/15/uqw-1517.png,887,1338,0.66293
img/uqw/15/uqw-1518.png,894,1388,0.644092
img/uqw/15/uqw-1519.png,880,1338,0.657698
img/uqw/15/uqw-1520.png,945,407,2.32187
img/uqw/15/uqw-1521.png,897,1388,0.646254
img/uqw/15/uqw-1522.png,874,1380,0.633333
img/uqw/15/uqw-1523.png,893,1381,0.646633
img/uqw/15/uqw-1524.png,898,1398,0.642346
img/uqw/15/uqw-1525.png,884,1384,0.638728
img/uqw/15/uqw-1526.png,898,1332,0.674174
img/uqw/15/uqw-1527.png,894,1321,0.67676
img/uqw/15/uqw-1528.png,915,1388,0.659222
img/uqw/15/uqw-1529.png,885,1320,0.670455
img/uqw/15/uqw-1530.png,897,1354,0.662482
img/uqw/15/uqw-1531.png,894,1322,0.676248
img/uqw/15/uqw-1532.png,902,1362,0.662261
img/uqw/15/uqw-1533.png,954,1329,0.717833
img/uqw/15/uqw-1534.png,880,1322,0.665658
img/uqw/15/uqw-1535.png,926,1317,0.703113
img/uqw/15/uqw-1536.png,877,1314,0.667428
img/uqw/15/uqw-1537.png,911,1322,0.689107
img/uqw/15/uqw-1538.png,889,1410,0.630496
img/uqw/15/uqw-1539.png,902,1385,0.651264
img/uqw/15/uqw-1540.png,881,1314,0.670472
img/uqw/15/uqw-1541.png,884,1324,0.667674
img/uqw/15/uqw-1542.png,901,1325,0.68
img/uqw/15/uqw-1543.png,908,1322,0.686838
img/uqw/15/uqw-1544.png,880,1310,0.671756
img/uqw/15/uqw-1545.png,895,1336,0.66991
img/uqw/15/uqw-1546.png,949,1398,0.678827
img/uqw/15/uqw-1547.png,889,1387,0.640952
img/uqw/15/uqw-1548.png,884,1316,0.671733
img/uqw/15/uqw-1549.png,883,1375,0.642182
img/uqw/15/uqw-1550.png,910,1334,0.682159
img/uqw/15/uqw-1551.png,893,1314,0.679604
img/uqw/15/uqw-1552.png,911,1321,0.689629
img/uqw/15/uqw-1553.png,906,1395,0.649462
img/uqw/15/uqw-1554.png,905,1313,0.689261
img/uqw/15/uqw-1555.png,900,1368,0.657895
img/uqw/15/uqw-1556.png,890,1392,0.639368
img/uqw/15/uqw-1557.png,926,1384,0.669075
img/uqw/15/uqw-1558.png,883,1322,0.667927
img/uqw/15/uqw-1559.png,895,1320,0.67803
img/uqw/15/uqw-1560.png,888,1320,0.672727
img/uqw/15/uqw-1561.png,898,1394,0.644189
img/uqw/15/uqw-1562.png,910,1403,0.64861
img/uqw/15/uqw-1563.png,884,1318,0.670713
img/uqw/15/uqw-1564.png,929,1317,0.705391
img/uqw/15/uqw-1565.png,947,1373,0.689731
img/uqw/15/uqw-1566.png,943,1333,0.707427
img/uqw/15/uqw-1567.png,889,1382,0.643271
img/uqw/15/uqw-1568.png,881,1317,0.668945
img/uqw/15/uqw-1569.png,919,1315,0.698859
img/uqw/15/uqw-1570.png,888,1317,0.67426
img/uqw/15/uqw-1571.png,896,1348,0.664688
img/uqw/15/uqw-1572.png,886,1318,0.672231
img/uqw/15/uqw-1573.png,882,1315,0.670722
img/uqw/15/uqw-1574.png,880,1332,0.660661
img/uqw/15/uqw-1575.png,938,1324,0.708459
img/uqw/15/uqw-1576.png,879,1323,0.664399
img/uqw/15/uqw-1577.png,894,1326,0.674208
img/uqw/15/uqw-1578.png,920,1324,0.694864
img/uqw/15/uqw-1579.png,884,1319,0.670205
img/uqw/15/uqw-1580.png,906,1320,0.686364
img/uqw/15/uqw-1581.png,896,1380,0.649275
img/uqw/15/uqw-1582.png,913,1318,0.692716
img/uqw/15/uqw-1583.png,898,1396,0.643266
img/uqw/15/uqw-1584.png,879,1317,0.667426
img/uqw/15/uqw-1585.png,895,1387,0.645278
img/uqw/15/uqw-1586.png,895,1316,0.680091
img/uqw/15/uqw-1587.png,914,1344,0.68006
img/uqw/15/uqw-1588.png,896,1404,0.638177
img/uqw/15/uqw-1589.png,890,1342,0.663189
img/uqw/15/uqw-1590.png,924,1312,0.704268
img/uqw/15/uqw-1591.png,918,1318,0.69651
img/uqw/15/uqw-1592.png,905,1313,0.689261
img/uqw/15/uqw-1593.png,899,1316,0.683131
img/uqw/15/uqw-1594.png,882,1343,0.656739
img/uqw/15/uqw-1595.png,882,1316,0.670213
img/uqw/15/uqw-1596.png,885,1395,0.634409
img/uqw/15/uqw-1597.png,896,1339,0.669156
img/uqw/15/uqw-1598.png,936,1316,0.711246
img/uqw/15/uqw-1599.png,921,1331,0.691961
img/uqw/16/uqw-1600.png,922,892,1.03363
img/uqw/16/uqw-1601.png,908,1321,0.687358
img/uqw/16/uqw-1602.png,945,1335,0.707865
img/uqw/16/uqw-1603.png,916,1320,0.693939
img/uqw/16/uqw-1604.png,917,1309,0.700535
img/uqw/16/uqw-1605.png,935,1321,0.707797
img/uqw/16/uqw-1606.png,928,1312,0.707317
img/uqw/16/uqw-1607.png,944,1361,0.693608
img/uqw/16/uqw-1608.png,918,1318,0.69651
img/uqw/16/uqw-1609.png,933,1314,0.710046
img/uqw/16/uqw-1610.png,891,1312,0.679116
img/uqw/16/uqw-1611.png,899,1389,0.647228
img/uqw/16/uqw-1612.png,883,1316,0.670973
img/uqw/16/uqw-1613.png,896,1322,0.677761
img/uqw/16/uqw-1614.png,895,1315,0.680608
img/uqw/16/uqw-1615.png,904,1374,0.657933
img/uqw/16/uqw-1616.png,899,1316,0.683131
img/uqw/16/uqw-1617.png,883,1314,0.671994
img/uqw/16/uqw-1618.png,900,1315,0.684411
img/uqw/16/uqw-1619.png,899,1349,0.66642
img/uqw/16/uqw-1620.png,889,1319,0.673995
img/uqw/16/uqw-1621.png,898,1326,0.677225
img/uqw/16/uqw-1622.png,895,1385,0.646209
img/uqw/16/uqw-1623.png,897,1360,0.659559
img/uqw/16/uqw-1624.png,979,1404,0.697293
img/uqw/16/uqw-1625.png,886,1319,0.671721
img/uqw/16/uqw-1626.png,879,1408,0.62429
img/uqw/16/uqw-1627.png,879,1319,0.666414
img/uqw/16/uqw-1628.png,898,1314,0.683409
img/uqw/16/uqw-1629.png,877,1318,0.665402
img/uqw/16/uqw-1630.png,879,1321,0.665405
img/uqw/16/uqw-1631.png,897,1400,0.640714
img/uqw/16/uqw-1632.png,931,1322,0.704236
img/uqw/16/uqw-1633.png,946,1319,0.71721
img/uqw/16/uqw-1634.png,886,1317,0.672741
img/uqw/16/uqw-1635.png,902,1319,0.683851
img/uqw/16/uqw-1636.png,880,1311,0.671243
img/uqw/16/uqw-1637.png,941,1424,0.660815
img/uqw/16/uqw-1638.png,888,1323,0.671202
img/uqw/16/uqw-1639.png,886,1346,0.658247
img/uqw/16/uqw-1640.png,911,1375,0.662545
img/uqw/16/uqw-1641.png,892,1350,0.660741
img/uqw/16/uqw-1642.png,893,1353,0.660015
img/uqw/16/uqw-1643.png,881,1373,0.641661
img/uqw/16/uqw-1644.png,908,1350,0.672593
img/uqw/16/uqw-1645.png,926,1384,0.669075
img/uqw/16/uqw-1646.png,918,1350,0.68
img/uqw/16/uqw-1647.png,926,1320,0.701515
img/uqw/16/uqw-1648.png,911,1342,0.678838
img/uqw/16/uqw-1649.png,876,1322,0.662632
img/uqw/16/uqw-1650.png,888,1339,0.663181
img/uqw/16/uqw-1651.png,895,1314,0.681126
img/uqw/16/uqw-1652.png,917,1406,0.652205
img/uqw/16/uqw-1653.png,880,1320,0.666667
img/uqw/16/uqw-1654.png,925,1384,0.668353
img/uqw/16/uqw-1655.png,889,1320,0.673485
img/uqw/16/uqw-1656.png,895,1320,0.67803
img/uqw/16/uqw-1657.png,916,1319,0.694466
img/uqw/16/uqw-1658.png,898,1317,0.681853
img/uqw/16/uqw-1659.png,886,1321,0.670704
img/uqw/16/uqw-1660.png,889,1316,0.675532
img/uqw/16/uqw-1661.png,888,1363,0.651504
img/uqw/16/uqw-1662.png,907,1411,0.642807
img/uqw/16/uqw-1663.png,906,1369,0.661797
img/uqw/16/uqw-1664.png,900,1314,0.684932
img/uqw/16/uqw-1665.png,908,1417,0.64079
img/uqw/16/uqw-1666.png,879,1391,0.631919
img/uqw/16/uqw-1667.png,901,1386,0.650072
img/uqw/16/uqw-1668.png,949,1322,0.717852
img/uqw/16/uqw-1669.png,891,1378,0.646589
img/uqw/16/uqw-1670.png,876,1319,0.664139
img/uqw/16/uqw-1671.png,876,1323,0.662132
img/uqw/16/uqw-1672.png,953,1374,0.693595
img/uqw/16/uqw-1673.png,896,1371,0.653538
img/uqw/16/uqw-1674.png,894,1392,0.642241
img/uqw/16/uqw-1675.png,899,1382,0.650507
img/uqw/16/uqw-1676.png,882,1382,0.638205
img/uqw/16/uqw-1677.png,886,1318,0.672231
img/uqw/16/uqw-1678.png,882,1315,0.670722
img/uqw/16/uqw-1679.png,903,1324,0.682024
img/uqw/16/uqw-1680.png,878,1312,0.669207
img/uqw/16/uqw-1681.png,911,1426,0.63885
img/uqw/16/uqw-1682.png,883,1323,0.667423
img/uqw/16/uqw-1683.png,908,1355,0.670111
img/uqw/16/uqw-1684.png,941,1340,0.702239
img/uqw/16/uqw-1685.png,907,1373,0.660597
img/uqw/16/uqw-1686.png,882,1316,0.670213
img/uqw/16/uqw-1687.png,917,1429,0.641707
img/uqw/16/uqw-1688.png,900,1338,0.672646
img/uqw/16/uqw-1689.png,904,1322,0.683812
img/uqw/16/uqw-1690.png,905,1349,0.670867
img/uqw/16/uqw-1691.png,882,1322,0.667171
img/uqw/16/uqw-1692.png,897,1341,0.668904
img/uqw/16/uqw-1693.png,905,1331,0.67994
img/uqw/16/uqw-1694.png,886,1320,0.671212
img/uqw/16/uqw-1695.png,940,1431,0.656883
img/uqw/16/uqw-1696.png,890,1311,0.678871
img/uqw/16/uqw-1697.png,889,1338,0.664425
img/uqw/16/uqw-1698.png,892,1319,0.67627
img/uqw/16/uqw-1699.png,907,1328,0.682982
img/uqw/17/uqw-1700.png,898,1376,0.652616
img/uqw/17/uqw-1701.png,907,1374,0.660116
img/uqw/17/uqw-1702.png,884,1309,0.675325
img/uqw/17/uqw-1703.png,913,1431,0.638015
img/uqw/17/uqw-1704.png,881,1399,0.629736
img/uqw/17/uqw-1705.png,899,1323,0.679516
img/uqw/17/uqw-1706.png,899,1385,0.649097
img/uqw/17/uqw-1707.png,905,1344,0.673363
img/uqw/17/uqw-1708.png,915,1403,0.652174
img/uqw/17/uqw-1709.png,919,1325,0.693585
img/uqw/17/uqw-1710.png,893,1398,0.63877
img/uqw/17/uqw-1711.png,922,1372,0.672012
img/uqw/17/uqw-1712.png,912,1380,0.66087
img/uqw/17/uqw-1713.png,888,1318,0.673748
img/uqw/17/uqw-1714.png,911,1392,0.654454
img/uqw/17/uqw-1715.png,884,1325,0.66717
img/uqw/17/uqw-1716.png,881,1311,0.672006
img/uqw/17/uqw-1717.png,907,1318,0.688164
img/uqw/17/uqw-1718.png,879,1318,0.66692
img/uqw/17/uqw-1719.png,916,1317,0.69552
img/uqw/17/uqw-1720.png,893,1308,0.682722
img/uqw/17/uqw-1721.png,898,1378,0.651669
img/uqw/17/uqw-1722.png,952,1374,0.692868
img/uqw/17/uqw-1723.png,905,1427,0.634198
img/uqw/17/uqw-1724.png,955,1373,0.695557
img/uqw/17/uqw-1725.png,904,1375,0.657455
img/uqw/17/uqw-1726.png,880,1313,0.670221
img/uqw/17/uqw-1727.png,895,1375,0.650909
img/uqw/17/uqw-1728.png,890,1311,0.678871
img/uqw/17/uqw-1729.png,896,1326,0.675716
img/uqw/17/uqw-1730.png,896,1315,0.681369
img/uqw/17/uqw-1731.png,887,1313,0.675552
img/uqw/17/uqw-1732.png,877,1390,0.630935
img/uqw/17/uqw-1733.png,884,1319,0.670205
img/uqw/17/uqw-1734.png,899,1337,0.672401
img/uqw/17/uqw-1735.png,882,1280,0.689063
img/uqw/17/uqw-1736.png,878,1320,0.665152
img/uqw/17/uqw-1737.png,945,1347,0.701559
img/uqw/17/uqw-1738.png,906,1331,0.680691
img/uqw/17/uqw-1739.png,919,1312,0.700457
img/uqw/17/uqw-1740.png,949,1386,0.684704
img/uqw/17/uqw-1741.png,895,1342,0.666915
img/uqw/17/uqw-1742.png,895,1320,0.67803
img/uqw/17/uqw-1743.png,895,1349,0.663454
img/uqw/17/uqw-1744.png,881,1328,0.663404
img/uqw/17/uqw-1745.png,881,1309,0.673033
img/uqw/17/uqw-1746.png,880,1323,0.665155
img/uqw/17/uqw-1747.png,878,1313,0.668698
img/uqw/17/uqw-1748.png,928,1313,0.706778
img/uqw/17/uqw-1749.png,899,1387,0.648161
img/uqw/17/uqw-1750.png,889,1313,0.677075
img/uqw/17/uqw-1751.png,886,1328,0.667169
img/uqw/17/uqw-1752.png,894,1313,0.680883
img/uqw/17/uqw-1753.png,894,1374,0.650655
img/uqw/17/uqw-1754.png,952,1384,0.687861
img/uqw/17/uqw-1755.png,884,1339,0.660194
img/uqw/17/uqw-1756.png,905,1325,0.683019
img/uqw/17/uqw-1757.png,898,1313,0.68393
img/uqw/17/uqw-1758.png,882,1315,0.670722
img/uqw/17/uqw-1759.png,878,1313,0.668698
img/uqw/17/uqw-1760.png,886,1308,0.67737
img/uqw/17/uqw-1761.png,879,1317,0.667426
img/uqw/17/uqw-1762.png,906,1310,0.691603
img/uqw/17/uqw-1763.png,913,1385,0.659206
img/uqw/17/uqw-1764.png,879,1324,0.663897
img/uqw/17/uqw-1765.png,896,1309,0.684492
img/uqw/17/uqw-1766.png,880,1305,0.67433
img/uqw/17/uqw-1767.png,903,1353,0.667406
img/uqw/17/uqw-1768.png,896,1322,0.677761
img/uqw/17/uqw-1769.png,884,1343,0.658228
img/uqw/17/uqw-1770.png,888,1309,0.67838
img/uqw/17/uqw-1771.png,880,1316,0.668693
img/uqw/17/uqw-1772.png,883,1323,0.667423
img/uqw/17/uqw-1773.png,908,1319,0.6884
img/uqw/17/uqw-1774.png,876,1324,0.661631
img/uqw/17/uqw-1775.png,884,1318,0.670713
img/uqw/17/uqw-1776.png,886,1320,0.671212
img/uqw/17/uqw-1777.png,892,1427,0.625088
img/uqw/17/uqw-1778.png,900,1395,0.645161
img/uqw/17/uqw-1779.png,890,1396,0.637536
img/uqw/17/uqw-1780.png,881,1334,0.66042
img/uqw/17/uqw-1781.png,894,1361,0.65687
img/uqw/17/uqw-1782.png,882,1307,0.674828
img/uqw/17/uqw-1783.png,896,1336,0.670659
img/uqw/17/uqw-1784.png,908,1335,0.68015
img/uqw/17/uqw-1785.png,885,1364,0.648827
img/uqw/17/uqw-1786.png,883,1340,0.658955
img/uqw/17/uqw-1787.png,882,1334,0.661169
img/uqw/17/uqw-1788.png,882,1348,0.654303
img/uqw/17/uqw-1789.png,933,1355,0.688561
img/uqw/17/uqw-1790.png,924,1362,0.678414
img/uqw/17/uqw-1791.png,878,1335,0.657678
img/uqw/17/uqw-1792.png,921,1349,0.682728
img/uqw/17/uqw-1793.png,875,1319,0.663381
img/uqw/17/uqw-1794.png,910,1337,0.680628
img/uqw/17/uqw-1795.png,931,1341,0.694258
img/uqw/17/uqw-1796.png,880,1320,0.666667
img/uqw/17/uqw-1797.png,884,1319,0.670205
img/uqw/17/uqw-1798.png,878,1320,0.665152
img/uqw/17/uqw-1799.png,883,1318,0.669954
img/uqw/18/uqw-1800.png,881,1330,0.662406
img/uqw/18/uqw-1801.png,919,1001,0.918082
img/uqw/18/uqw-1802.png,877,1273,0.688924
img/uqw/18/uqw-1803.png,884,1325,0.66717
img/uqw/18/uqw-1804.png,883,1325,0.666415
img/uqw/18/uqw-1805.png,892,1335,0.668165
img/uqw/18/uqw-1806.png,879,1327,0.662396
img/uqw/18/uqw-1807.png,882,1319,0.668688
img/uqw/18/uqw-1808.png,903,1318,0.685129
img/uqw/18/uqw-1809.png,876,1327,0.660136
img/uqw/18/uqw-1810.png,864,1328,0.650602
img/uqw/18/uqw-1811.png,878,1321,0.664648
img/uqw/18/uqw-1812.png,895,1322,0.677005
img/uqw/18/uqw-1813.png,876,1319,0.664139
img/uqw/18/uqw-1814.png,880,1315,0.669202
img/uqw/18/uqw-1815.png,881,1345,0.655019
img/uqw/18/uqw-1816.png,893,1309,0.6822
img/uqw/18/uqw-1817.png,896,1335,0.671161
img/uqw/18/uqw-1818.png,882,1327,0.664657
img/uqw/18/uqw-1819.png,885,1319,0.670963
img/uqw/18/uqw-1820.png,883,1320,0.668939
img/uqw/18/uqw-1821.png,914,1344,0.68006
img/uqw/18/uqw-1822.png,884,1320,0.669697
img/uqw/18/uqw-1823.png,939,1318,0.712443
img/uqw/18/uqw-1824.png,884,1315,0.672243
img/uqw/18/uqw-1825.png,897,1312,0.683689
img/uqw/18/uqw-1826.png,883,1347,0.655531
img/uqw/18/uqw-1827.png,892,1308,0.681957
img/uqw/18/uqw-1828.png,903,1315,0.686692
img/uqw/18/uqw-1829.png,880,1355,0.649446
img/uqw/18/uqw-1830.png,891,1318,0.676024
img/uqw/18/uqw-1831.png,886,1316,0.673252
img/uqw/18/uqw-1832.png,894,1315,0.679848
img/uqw/18/uqw-1833.png,878,1310,0.670229
img/uqw/18/uqw-1834.png,882,1312,0.672256
img/uqw/18/uqw-1835.png,888,1327,0.669179
img/uqw/18/uqw-1836.png,885,1319,0.670963
img/uqw/18/uqw-1837.png,880,1321,0.666162
img/uqw/18/uqw-1838.png,892,1319,0.67627
img/uqw/18/uqw-1839.png,880,1341,0.656227
img/uqw/18/uqw-1840.png,907,1312,0.691311
img/uqw/18/uqw-1841.png,937,1321,0.709311
img/uqw/18/uqw-1842.png,893,1355,0.659041
img/uqw/18/uqw-1843.png,887,1315,0.674525
img/uqw/18/uqw-1844.png,894,1319,0.677786
img/uqw/18/uqw-1845.png,880,1312,0.670732
img/uqw/18/uqw-1846.png,881,1341,0.656972
img/uqw/18/uqw-1847.png,890,1315,0.676806
img/uqw/18/uqw-1848.png,880,1319,0.667172
img/uqw/18/uqw-1849.png,890,1336,0.666168
img/uqw/18/uqw-1850.png,878,1378,0.637155
img/uqw/18/uqw-1851.png,916,1317,0.69552
img/uqw/18/uqw-1852.png,874,1348,0.648368
img/uqw/18/uqw-1853.png,876,1326,0.660633
img/uqw/18/uqw-1854.png,890,1317,0.675778
img/uqw/18/uqw-1855.png,894,1323,0.675737
img/uqw/18/uqw-1856.png,880,1307,0.673298
img/uqw/18/uqw-1857.png,911,1322,0.689107
img/uqw/18/uqw-1858.png,909,1338,0.679372
img/uqw/18/uqw-1859.png,878,1309,0.670741
img/uqw/18/uqw-1860.png,879,1329,0.6614
img/uqw/18/uqw-1861.png,884,1317,0.671222
img/uqw/18/uqw-1862.png,960,1399,0.686204
img/uqw/18/uqw-1863.png,878,1319,0.665656
img/uqw/18/uqw-1864.png,879,1348,0.652077
img/uqw/18/uqw-1865.png,879,1314,0.66895
img/uqw/18/uqw-1866.png,884,1322,0.668684
img/uqw/18/uqw-1867.png,878,1319,0.665656
img/uqw/18/uqw-1868.png,875,1310,0.667939
img/uqw/18/uqw-1869.png,886,1348,0.65727
img/uqw/18/uqw-1870.png,893,1316,0.678571
img/uqw/18/uqw-1871.png,883,1312,0.673018
img/uqw/18/uqw-1872.png,945,1403,0.673557
img/uqw/18/uqw-1873.png,880,1311,0.671243
img/uqw/18/uqw-1874.png,884,1333,0.663166
img/uqw/18/uqw-1875.png,896,1320,0.678788
img/uqw/18/uqw-1876.png,921,1317,0.699317
img/uqw/18/uqw-1877.png,885,1320,0.670455
img/uqw/18/uqw-1878.png,930,1360,0.683824
img/uqw/18/uqw-1879.png,892,1339,0.666169
img/uqw/18/uqw-1880.png,913,1327,0.688018
img/uqw/18/uqw-1881.png,881,1334,0.66042
img/uqw/18/uqw-1882.png,877,1365,0.642491
img/uqw/18/uqw-1883.png,909,1339,0.678865
img/uqw/18/uqw-1884.png,881,1365,0.645421
img/uqw/18/uqw-1885.png,881,1346,0.654532
img/uqw/18/uqw-1886.png,874,1317,0.663629
img/uqw/18/uqw-1887.png,958,1351,0.709104
img/uqw/18/uqw-1888.png,895,1311,0.682685
img/uqw/18/uqw-1889.png,936,1340,0.698507
img/uqw/18/uqw-1890.png,884,1329,0.665162
img/uqw/18/uqw-1891.png,882,1324,0.666163
img/uqw/18/uqw-1892.png,883,1320,0.668939
img/uqw/18/uqw-1893.png,945,1392,0.678879
img/uqw/18/uqw-1894.png,875,1346,0.650074
img/uqw/18/uqw-1895.png,888,1341,0.662192
img/uqw/18/uqw-1896.png,889,1320,0.673485
img/uqw/18/uqw-1897.png,879,1335,0.658427
img/uqw/18/uqw-1898.png,919,1321,0.695685
img/uqw/18/uqw-1899.png,882,1320,0.668182
img/uqw/19/uqw-1900.png,884,1311,0.674294
img/uqw/19/uqw-1901.png,904,1326,0.68175
img/uqw/19/uqw-1902.png,890,1327,0.670686
img/uqw/19/uqw-1903.png,880,1315,0.669202
img/uqw/19/uqw-1904.png,923,1330,0.693985
img/uqw/19/uqw-1905.png,923,1324,0.69713
img/uqw/19/uqw-1906.png,882,1309,0.673797
img/uqw/19/uqw-1907.png,925,1314,0.703957
img/uqw/19/uqw-1908.png,902,1321,0.682816
img/uqw/19/uqw-1909.png,913,1319,0.692191
img/uqw/19/uqw-1910.png,885,1321,0.669947
img/uqw/19/uqw-1911.png,897,1313,0.683168
img/uqw/19/uqw-1912.png,877,1307,0.671002
img/uqw/19/uqw-1913.png,924,1315,0.702662
img/uqw/19/uqw-1914.png,875,1389,0.62995
img/uqw/19/uqw-1915.png,936,1329,0.704289
img/uqw/19/uqw-1916.png,878,1306,0.672282
img/uqw/19/uqw-1917.png,933,1335,0.698876
img/uqw/19/uqw-1918.png,871,1310,0.664885
img/uqw/19/uqw-1919.png,885,1310,0.675573
img/uqw/19/uqw-1920.png,929,1376,0.675145
img/uqw/19/uqw-1921.png,893,1226,0.728385
img/uqw/19/uqw-1922.png,885,1313,0.674029
img/uqw/19/uqw-1923.png,950,1322,0.718608
img/uqw/19/uqw-1924.png,927,778,1.19152
img/uqw/1/uqw-0100.png,932,1365,0.682784
img/uqw/1/uqw-0101.png,919,1329,0.691497
img/uqw/1/uqw-0102.png,930,1372,0.677843
img/uqw/1/uqw-0103.png,942,1322,0.712557
img/uqw/1/uqw-0104.png,964,1318,0.731411
img/uqw/1/uqw-0105.png,917,1280,0.716406
img/uqw/1/uqw-0106.png,926,1390,0.666187
img/uqw/1/uqw-0107.png,900,1316,0.683891
img/uqw/1/uqw-0108.png,881,1312,0.671494
img/uqw/1/uqw-0109.png,883,1315,0.671483
img/uqw/1/uqw-0110.png,952,1312,0.72561
img/uqw/1/uqw-0111.png,885,1314,0.673516
img/uqw/1/uqw-0112.png,939,1399,0.671194
img/uqw/1/uqw-0113.png,891,1313,0.678599
img/uqw/1/uqw-0114.png,908,1321,0.687358
img/uqw/1/uqw-0115.png,881,1316,0.669453
img/uqw/1/uqw-0116.png,943,1394,0.676471
img/uqw/1/uqw-0117.png,891,1317,0.676538
img/uqw/1/uqw-0118.png,922,1388,0.664265
img/uqw/1/uqw-0119.png,971,1320,0.735606
img/uqw/1/uqw-0120.png,898,1391,0.645579
img/uqw/1/uqw-0121.png,880,1316,0.668693
img/uqw/1/uqw-0122.png,925,1404,0.658832
img/uqw/1/uqw-0123.png,878,1315,0.667681
img/uqw/1/uqw-0124.png,903,1396,0.646848
img/uqw/1/uqw-0125.png,882,1319,0.668688
img/uqw/1/uqw-0126.png,970,1317,0.736522
img/uqw/1/uqw-0127.png,926,1314,0.704718
img/uqw/1/uqw-0128.png,880,1372,0.641399
img/uqw/1/uqw-0129.png,901,1344,0.670387
img/uqw/1/uqw-0130.png,880,1313,0.670221
img/uqw/1/uqw-0131.png,898,1315,0.68289
img/uqw/1/uqw-0132.png,900,1317,0.683371
img/uqw/1/uqw-0133.png,888,1364,0.651026
img/uqw/1/uqw-0134.png,920,1338,0.687593
img/uqw/1/uqw-0135.png,906,1314,0.689498
img/uqw/1/uqw-0136.png,884,1311,0.674294
img/uqw/1/uqw-0137.png,884,1313,0.673267
img/uqw/1/uqw-0138.png,903,1383,0.652928
img/uqw/1/uqw-0139.png,887,1318,0.672989
img/uqw/1/uqw-0140.png,887,1303,0.680737
img/uqw/1/uqw-0141.png,886,1331,0.665665
img/uqw/1/uqw-0142.png,889,1310,0.678626
img/uqw/1/uqw-0143.png,883,1306,0.67611
img/uqw/1/uqw-0144.png,892,1304,0.684049
img/uqw/1/uqw-0145.png,883,1305,0.676628
img/uqw/1/uqw-0146.png,914,1351,0.676536
img/uqw/1/uqw-0147.png,926,1221,0.758395
img/uqw/1/uqw-0148.png,936,1316,0.711246
img/uqw/1/uqw-0149.png,889,1308,0.679664
img/uqw/1/uqw-0150.png,886,1306,0.678407
img/uqw/1/uqw-0151.png,888,1306,0.679939
img/uqw/1/uqw-0152.png,909,1401,0.648822
img/uqw/1/uqw-0153.png,890,1305,0.681992
img/uqw/1/uqw-0154.png,926,1393,0.664752
img/uqw/1/uqw-0155.png,886,1309,0.676853
img/uqw/1/uqw-0156.png,958,1403,0.682823
img/uqw/1/uqw-0157.png,888,1388,0.639769
img/uqw/1/uqw-0158.png,980,1402,0.699001
img/uqw/1/uqw-0159.png,888,1308,0.678899
img/uqw/1/uqw-0160.png,911,1379,0.660624
img/uqw/1/uqw-0161.png,886,1303,0.679969
img/uqw/1/uqw-0162.png,909,1385,0.656318
img/uqw/1/uqw-0163.png,890,1305,0.681992
img/uqw/1/uqw-0164.png,884,1302,0.678955
img/uqw/1/uqw-0165.png,889,1312,0.677591
img/uqw/1/uqw-0166.png,897,1304,0.687883
img/uqw/1/uqw-0167.png,887,1303,0.680737
img/uqw/1/uqw-0168.png,887,1305,0.679693
img/uqw/1/uqw-0169.png,925,1303,0.7099
img/uqw/1/uqw-0170.png,996,1397,0.712956
img/uqw/1/uqw-0171.png,886,1303,0.679969
img/uqw/1/uqw-0172.png,888,1314,0.675799
img/uqw/1/uqw-0173.png,884,1306,0.676876
img/uqw/1/uqw-0174.png,938,1344,0.697917
img/uqw/1/uqw-0175.png,909,1313,0.692308
img/uqw/1/uqw-0176.png,886,1344,0.659226
img/uqw/1/uqw-0177.png,891,1305,0.682759
img/uqw/1/uqw-0178.png,878,1391,0.631201
img/uqw/1/uqw-0179.png,883,1312,0.673018
img/uqw/1/uqw-0180.png,921,1391,0.662114
img/uqw/1/uqw-0181.png,914,1308,0.698777
img/uqw/1/uqw-0182.png,911,1404,0.64886
img/uqw/1/uqw-0183.png,894,1340,0.667164
img/uqw/1/uqw-0184.png,916,1391,0.658519
img/uqw/1/uqw-0185.png,891,1306,0.682236
img/uqw/1/uqw-0186.png,908,1307,0.694721
img/uqw/1/uqw-0187.png,915,1302,0.702765
img/uqw/1/uqw-0188.png,886,1326,0.668175
img/uqw/1/uqw-0189.png,885,1309,0.676089
img/uqw/1/uqw-0190.png,885,1379,0.641769
img/uqw/1/uqw-0191.png,910,1323,0.687831
img/uqw/1/uqw-0192.png,899,1393,0.64537
img/uqw/1/uqw-0193.png,887,1307,0.678653
img/uqw/1/uqw-0194.png,903,1249,0.722978
img/uqw/1/uqw-0195.png,966,1389,0.695464
img/uqw/1/uqw-0196.png,881,1304,0.675613
img/uqw/1/uqw-0197.png,901,1351,0.666913
img/uqw/1/uqw-0198.png,890,1302,0.683564
img/uqw/1/uqw-0199.png,896,1306,0.686064
img/uqw/2/uqw-0200.png,897,1303,0.688411
img/uqw/2/uqw-0201.png,899,1308,0.687309
img/uqw/2/uqw-0202.png,905,1380,0.655797
img/uqw/2/uqw-0203.png,909,1310,0.693893
img/uqw/2/uqw-0204.png,921,1394,0.660689
img/uqw/2/uqw-0205.png,894,1312,0.681402
img/uqw/2/uqw-0206.png,896,1391,0.644141
img/uqw/2/uqw-0207.png,916,1312,0.698171
img/uqw/2/uqw-0208.png,888,1310,0.677863
img/uqw/2/uqw-0209.png,923,1322,0.698185
img/uqw/2/uqw-0210.png,886,1311,0.67582
img/uqw/2/uqw-0211.png,926,1219,0.759639
img/uqw/2/uqw-0212.png,874,1381,0.632875
img/uqw/2/uqw-0213.png,889,1349,0.659007
img/uqw/2/uqw-0215.png,880,1315,0.669202
img/uqw/2/uqw-0216.png,932,1315,0.708745
img/uqw/2/uqw-0217.png,906,1314,0.689498
img/uqw/2/uqw-0218.png,916,1389,0.659467
img/uqw/2/uqw-0219.png,896,1364,0.656891
img/uqw/2/uqw-0220.png,964,1404,0.68661
img/uqw/2/uqw-0221.png,884,1319,0.670205
img/uqw/2/uqw-0222.png,884,1386,0.637807
img/uqw/2/uqw-0223.png,880,1314,0.669711
img/uqw/2/uqw-0224.png,934,1319,0.708112
img/uqw/2/uqw-0225.png,880,1316,0.668693
img/uqw/2/uqw-0226.png,918,1318,0.69651
img/uqw/2/uqw-0227.png,883,1313,0.672506
img/uqw/2/uqw-0228.png,909,1399,0.64975
img/uqw/2/uqw-0229.png,884,1314,0.672755
img/uqw/2/uqw-0230.png,922,1340,0.68806
img/uqw/2/uqw-0231.png,886,1329,0.666667
img/uqw/2/uqw-0232.png,904,1398,0.646638
img/uqw/2/uqw-0233.png,903,1308,0.690367
img/uqw/2/uqw-0234.png,891,1403,0.635068
img/uqw/2/uqw-0235.png,889,1318,0.674507
img/uqw/2/uqw-0236.png,903,1389,0.650108
img/uqw/2/uqw-0237.png,893,1340,0.666418
img/uqw/2/uqw-0238.png,904,1415,0.638869
img/uqw/2/uqw-0239.png,955,1327,0.719668
img/uqw/2/uqw-0240.png,892,1388,0.642651
img/uqw/2/uqw-0241.png,949,1366,0.694729
img/uqw/2/uqw-0242.png,882,1308,0.674312
img/uqw/2/uqw-0243.png,886,1305,0.678927
img/uqw/2/uqw-0244.png,882,1311,0.672769
img/uqw/2/uqw-0245.png,884,1309,0.675325
img/uqw/2/uqw-0246.png,947,1406,0.673542
img/uqw/2/uqw-0247.png,995,1347,0.738679
img/uqw/2/uqw-0248.png,927,1388,0.667867
img/uqw/2/uqw-0249.png,890,1303,0.683039
img/uqw/2/uqw-0250.png,914,1385,0.659928
img/uqw/2/uqw-0251.png,907,1309,0.692895
img/uqw/2/uqw-0252.png,950,1309,0.725745
img/uqw/2/uqw-0253.png,884,1312,0.67378
img/uqw/2/uqw-0254.png,898,1310,0.685496
img/uqw/2/uqw-0255.png,883,1308,0.675076
img/uqw/2/uqw-0257.png,893,1308,0.682722
img/uqw/2/uqw-0258.png,908,1400,0.648571
img/uqw/2/uqw-0259.png,887,1310,0.677099
img/uqw/2/uqw-0260.png,951,1396,0.681232
img/uqw/2/uqw-0262.png,914,1387,0.658976
img/uqw/2/uqw-0263.png,884,1330,0.664662
img/uqw/2/uqw-0264.png,887,1307,0.678653
img/uqw/2/uqw-0265.png,890,1301,0.684089
img/uqw/2/uqw-0266.png,888,1302,0.682028
img/uqw/2/uqw-0267.png,890,1308,0.680428
img/uqw/2/uqw-0268.png,944,1365,0.691575
img/uqw/2/uqw-0269.png,910,1313,0.693069
img/uqw/2/uqw-0270.png,904,1393,0.648959
img/uqw/2/uqw-0271.png,935,1320,0.708333
img/uqw/2/uqw-0272.png,969,1385,0.699639
img/uqw/2/uqw-0273.png,887,1305,0.679693
img/uqw/2/uqw-0274.png,920,1398,0.658083
img/uqw/2/uqw-0275.png,928,1382,0.671491
img/uqw/2/uqw-0276.png,897,1309,0.685256
img/uqw/2/uqw-0277.png,908,1316,0.68997
img/uqw/2/uqw-0278.png,904,1391,0.649892
img/uqw/2/uqw-0279.png,895,1311,0.682685
img/uqw/2/uqw-0280.png,894,1392,0.642241
img/uqw/2/uqw-0281.png,881,1305,0.675096
img/uqw/2/uqw-0282.png,912,1399,0.651894
img/uqw/2/uqw-0283.png,885,1306,0.677642
img/uqw/2/uqw-0284.png,919,1395,0.658781
img/uqw/2/uqw-0285.png,884,1311,0.674294
img/uqw/2/uqw-0286.png,903,1310,0.689313
img/uqw/2/uqw-0287.png,884,1310,0.674809
img/uqw/2/uqw-0288.png,901,1394,0.646341
img/uqw/2/uqw-0289.png,889,1303,0.682272
img/uqw/2/uqw-0290.png,906,1310,0.691603
img/uqw/2/uqw-0291.png,886,1358,0.65243
img/uqw/2/uqw-0292.png,908,1320,0.687879
img/uqw/2/uqw-0293.png,885,1310,0.675573
img/uqw/2/uqw-0294.png,908,1404,0.646724
img/uqw/2/uqw-0295.png,902,1311,0.688024
img/uqw/2/uqw-0296.png,932,1313,0.709825
img/uqw/2/uqw-0297.png,882,1308,0.674312
img/uqw/2/uqw-0298.png,911,1392,0.654454
img/uqw/2/uqw-0299.png,921,1310,0.703053
img/uqw/3/uqw-0300.png,913,1392,0.655891
img/uqw/3/uqw-0301.png,898,1306,0.687596
img/uqw/3/uqw-0302.png,915,1387,0.659697
img/uqw/3/uqw-0303.png,886,1303,0.679969
img/uqw/3/uqw-0304.png,883,1312,0.673018
img/uqw/3/uqw-0305.png,899,1311,0.685736
img/uqw/3/uqw-0306.png,918,1140,0.805263
img/uqw/3/uqw-0307.png,888,1305,0.68046
img/uqw/3/uqw-0308.png,884,1310,0.674809
img/uqw/3/uqw-0309.png,888,1306,0.679939
img/uqw/3/uqw-0310.png,911,1335,0.682397
img/uqw/3/uqw-0311.png,888,1311,0.677346
img/uqw/3/uqw-0312.png,918,1389,0.660907
img/uqw/3/uqw-0313.png,955,1345,0.710037
img/uqw/3/uqw-0314.png,925,1396,0.662607
img/uqw/3/uqw-0315.png,885,1311,0.675057
img/uqw/3/uqw-0316.png,932,1381,0.674873
img/uqw/3/uqw-0317.png,944,1364,0.692082
img/uqw/3/uqw-0318.png,932,1405,0.663345
img/uqw/3/uqw-0319.png,925,1308,0.707187
img/uqw/3/uqw-0320.png,915,1312,0.697409
img/uqw/3/uqw-0321.png,884,1316,0.671733
img/uqw/3/uqw-0322.png,967,1395,0.69319
img/uqw/3/uqw-0323.png,886,1307,0.677888
img/uqw/3/uqw-0324.png,940,1402,0.670471
img/uqw/3/uqw-0325.png,902,1309,0.689076
img/uqw/3/uqw-0326.png,894,1314,0.680365
img/uqw/3/uqw-0327.png,882,1306,0.675345
img/uqw/3/uqw-0328.png,904,1307,0.69166
img/uqw/3/uqw-0329.png,900,1308,0.688073
img/uqw/3/uqw-0330.png,902,1307,0.69013
img/uqw/3/uqw-0331.png,902,1311,0.688024
img/uqw/3/uqw-0332.png,905,1398,0.647353
img/uqw/3/uqw-0333.png,890,1312,0.678354
img/uqw/3/uqw-0334.png,898,1378,0.651669
img/uqw/3/uqw-0335.png,890,1309,0.679908
img/uqw/3/uqw-0336.png,902,1317,0.68489
img/uqw/3/uqw-0337.png,888,1310,0.677863
img/uqw/3/uqw-0338.png,975,1406,0.693457
img/uqw/3/uqw-0339.png,884,1304,0.677914
img/uqw/3/uqw-0340.png,930,1410,0.659574
img/uqw/3/uqw-0341.png,889,1311,0.678108
img/uqw/3/uqw-0342.png,914,1390,0.657554
img/uqw/3/uqw-0343.png,886,1389,0.637869
img/uqw/3/uqw-0344.png,881,1310,0.672519
img/uqw/3/uqw-0345.png,956,1356,0.705015
img/uqw/3/uqw-0346.png,940,1384,0.679191
img/uqw/3/uqw-0347.png,886,1303,0.679969
img/uqw/3/uqw-0348.png,953,1384,0.688584
img/uqw/3/uqw-0349.png,890,1305,0.681992
img/uqw/3/uqw-0350.png,939,1396,0.672636
img/uqw/3/uqw-0351.png,883,1318,0.669954
img/uqw/3/uqw-0352.png,917,1309,0.700535
img/uqw/3/uqw-0353.png,890,1310,0.679389
img/uqw/3/uqw-0354.png,922,1407,0.655295
img/uqw/3/uqw-0355.png,889,1397,0.636364
img/uqw/3/uqw-0356.png,915,1413,0.647558
img/uqw/3/uqw-0357.png,937,1312,0.714177
img/uqw/3/uqw-0358.png,935,1405,0.66548
img/uqw/3/uqw-0359.png,885,1309,0.676089
img/uqw/3/uqw-0360.png,919,1379,0.666425
img/uqw/3/uqw-0361.png,926,1341,0.690529
img/uqw/3/uqw-0362.png,919,1383,0.664497
img/uqw/3/uqw-0363.png,885,1308,0.676606
img/uqw/3/uqw-0364.png,898,1383,0.649313
img/uqw/3/uqw-0365.png,900,1320,0.681818
img/uqw/3/uqw-0366.png,904,1379,0.655547
img/uqw/3/uqw-0367.png,885,1314,0.673516
img/uqw/3/uqw-0368.png,879,1313,0.669459
img/uqw/3/uqw-0369.png,911,1383,0.658713
img/uqw/3/uqw-0370.png,898,1400,0.641429
img/uqw/3/uqw-0371.png,887,1309,0.677617
img/uqw/3/uqw-0372.png,940,1311,0.71701
img/uqw/3/uqw-0373.png,887,1311,0.676583
img/uqw/3/uqw-0374.png,881,1307,0.674063
img/uqw/3/uqw-0375.png,892,1314,0.678843
img/uqw/3/uqw-0376.png,884,1394,0.634146
img/uqw/3/uqw-0377.png,888,1314,0.675799
img/uqw/3/uqw-0378.png,886,1307,0.677888
img/uqw/3/uqw-0379.png,891,1322,0.673979
img/uqw/3/uqw-0380.png,909,1387,0.655371
img/uqw/3/uqw-0381.png,888,1312,0.676829
img/uqw/3/uqw-0382.png,920,1387,0.663302
img/uqw/3/uqw-0383.png,949,1378,0.688679
img/uqw/3/uqw-0384.png,933,1384,0.674133
img/uqw/3/uqw-0385.png,886,1312,0.675305
img/uqw/3/uqw-0386.png,934,1308,0.714067
img/uqw/3/uqw-0387.png,889,1311,0.678108
img/uqw/3/uqw-0388.png,903,1317,0.685649
img/uqw/3/uqw-0389.png,886,1319,0.671721
img/uqw/3/uqw-0390.png,900,1308,0.688073
img/uqw/3/uqw-0391.png,891,1306,0.682236
img/uqw/3/uqw-0392.png,901,1383,0.651482
img/uqw/3/uqw-0393.png,885,1311,0.675057
img/uqw/3/uqw-0394.png,896,1430,0.626573
img/uqw/3/uqw-0395.png,882,1310,0.673282
img/uqw/3/uqw-0396.png,929,1395,0.66595
img/uqw/3/uqw-0397.png,891,1330,0.669925
img/uqw/3/uqw-0398.png,912,1385,0.658484
img/uqw/3/uqw-0399.png,881,1315,0.669962
img/uqw/4/uqw-0400.png,916,1409,0.650106
img/uqw/4/uqw-0401.png,900,1308,0.688073
img/uqw/4/uqw-0402.png,920,1403,0.655738
img/uqw/4/uqw-0403.png,883,1312,0.673018
img/uqw/4/uqw-0404.png,883,1390,0.635252
img/uqw/4/uqw-0405.png,889,1372,0.647959
img/uqw/4/uqw-0406.png,911,1409,0.646558
img/uqw/4/uqw-0407.png,889,1309,0.679144
img/uqw/4/uqw-0408.png,919,1389,0.661627
img/uqw/4/uqw-0409.png,925,1369,0.675676
img/uqw/4/uqw-0410.png,939,1316,0.713526
img/uqw/4/uqw-0411.png,955,1310,0.729008
img/uqw/4/uqw-0412.png,913,1410,0.647518
img/uqw/4/uqw-0413.png,892,1382,0.645441
img/uqw/4/uqw-0414.png,904,1368,0.660819
img/uqw/4/uqw-0415.png,884,1309,0.675325
img/uqw/4/uqw-0416.png,934,1402,0.666191
img/uqw/4/uqw-0417.png,893,1314,0.679604
img/uqw/4/uqw-0418.png,887,1306,0.679173
img/uqw/4/uqw-0419.png,889,1307,0.680184
img/uqw/4/uqw-0420.png,956,1395,0.685305
img/uqw/4/uqw-0421.png,890,1341,0.663684
img/uqw/4/uqw-0422.png,908,1391,0.652768
img/uqw/4/uqw-0423.png,885,1308,0.676606
img/uqw/4/uqw-0424.png,894,1395,0.64086
img/uqw/4/uqw-0425.png,884,1309,0.675325
img/uqw/4/uqw-0426.png,882,1308,0.674312
img/uqw/4/uqw-0427.png,926,1373,0.674436
img/uqw/4/uqw-0428.png,918,1391,0.659957
img/uqw/4/uqw-0429.png,900,1306,0.689127
img/uqw/4/uqw-0430.png,913,1397,0.653543
img/uqw/4/uqw-0431.png,888,1310,0.677863
img/uqw/4/uqw-0432.png,909,1310,0.693893
img/uqw/4/uqw-0433.png,895,1308,0.684251
img/uqw/4/uqw-0434.png,884,1308,0.675841
img/uqw/4/uqw-0435.png,888,1309,0.67838
img/uqw/4/uqw-0436.png,915,1391,0.6578
img/uqw/4/uqw-0437.png,894,1310,0.682443
img/uqw/4/uqw-0438.png,923,1380,0.668841
img/uqw/4/uqw-0439.png,888,1323,0.671202
img/uqw/4/uqw-0440.png,939,1402,0.669757
img/uqw/4/uqw-0441.png,884,1307,0.676358
img/uqw/4/uqw-0442.png,935,1403,0.666429
img/uqw/4/uqw-0443.png,892,1311,0.680397
img/uqw/4/uqw-0444.png,904,1412,0.640227
img/uqw/4/uqw-0445.png,889,1306,0.680704
img/uqw/4/uqw-0446.png,909,1404,0.647436
img/uqw/4/uqw-0447.png,890,1309,0.679908
img/uqw/4/uqw-0448.png,889,1386,0.641414
img/uqw/4/uqw-0449.png,882,1312,0.672256
img/uqw/4/uqw-0450.png,908,1379,0.658448
img/uqw/4/uqw-0451.png,888,1307,0.679419
img/uqw/4/uqw-0452.png,941,1393,0.67552
img/uqw/4/uqw-0453.png,915,1341,0.682327
img/uqw/4/uqw-0454.png,913,1401,0.651677
img/uqw/4/uqw-0455.png,905,1315,0.688213
img/uqw/4/uqw-0456.png,924,1388,0.665706
img/uqw/4/uqw-0457.png,887,1310,0.677099
img/uqw/4/uqw-0458.png,906,1403,0.645759
img/uqw/4/uqw-0459.png,908,1312,0.692073
img/uqw/4/uqw-0460.png,918,1398,0.656652
img/uqw/4/uqw-0461.png,896,1328,0.674699
img/uqw/4/uqw-0462.png,908,1385,0.655596
img/uqw/4/uqw-0463.png,883,1327,0.665411
img/uqw/4/uqw-0464.png,964,1411,0.683203
img/uqw/4/uqw-0465.png,892,1305,0.683525
img/uqw/4/uqw-0466.png,891,1379,0.64612
img/uqw/4/uqw-0467.png,905,1342,0.674367
img/uqw/4/uqw-0468.png,918,1406,0.652916
img/uqw/4/uqw-0469.png,929,1310,0.70916
img/uqw/4/uqw-0470.png,888,1309,0.67838
img/uqw/4/uqw-0471.png,888,1312,0.676829
img/uqw/4/uqw-0472.png,903,1383,0.652928
img/uqw/4/uqw-0473.png,890,1360,0.654412
img/uqw/4/uqw-0474.png,933,1385,0.673646
img/uqw/4/uqw-0475.png,904,1318,0.685888
img/uqw/4/uqw-0476.png,911,1379,0.660624
img/uqw/4/uqw-0477.png,886,1310,0.676336
img/uqw/4/uqw-0478.png,973,1392,0.698994
img/uqw/4/uqw-0479.png,931,1320,0.705303
img/uqw/4/uqw-0480.png,885,1311,0.675057
img/uqw/4/uqw-0481.png,907,1306,0.694487
img/uqw/4/uqw-0482.png,910,1399,0.650465
img/uqw/4/uqw-0483.png,954,1310,0.728244
img/uqw/4/uqw-0484.png,886,1311,0.67582
img/uqw/4/uqw-0485.png,929,1310,0.70916
img/uqw/4/uqw-0486.png,976,1403,0.695652
img/uqw/4/uqw-0487.png,916,1311,0.698703
img/uqw/4/uqw-0488.png,938,1380,0.67971
img/uqw/4/uqw-0489.png,890,1325,0.671698
img/uqw/4/uqw-0490.png,950,1384,0.686416
img/uqw/4/uqw-0491.png,898,1312,0.684451
img/uqw/4/uqw-0492.png,899,1383,0.650036
img/uqw/4/uqw-0493.png,883,1312,0.673018
img/uqw/4/uqw-0494.png,888,1376,0.645349
img/uqw/4/uqw-0495.png,930,1313,0.708302
img/uqw/4/uqw-0496.png,891,1356,0.65708
img/uqw/4/uqw-0497.png,921,1077,0.855153
img/uqw/4/uqw-0498.png,876,1359,0.644592
img/uqw/4/uqw-0499.png,884,1315,0.672243
img/uqw/5/uqw-0500.png,925,1403,0.659301
img/uqw/5/uqw-0501.png,889,1329,0.668924
img/uqw/5/uqw-0502.png,916,1384,0.66185
img/uqw/5/uqw-0503.png,962,1313,0.732673
img/uqw/5/uqw-0504.png,915,1401,0.653105
img/uqw/5/uqw-0505.png,884,1342,0.658718
img/uqw/5/uqw-0506.png,905,1400,0.646429
img/uqw/5/uqw-0507.png,886,1317,0.672741
img/uqw/5/uqw-0508.png,921,1391,0.662114
img/uqw/5/uqw-0509.png,890,1331,0.66867
img/uqw/5/uqw-0510.png,921,1414,0.651344
img/uqw/5/uqw-0511.png,929,1337,0.694839
img/uqw/5/uqw-0512.png,884,1312,0.67378
img/uqw/5/uqw-0513.png,891,1313,0.678599
img/uqw/5/uqw-0514.png,914,1388,0.658501
img/uqw/5/uqw-0515.png,900,1310,0.687023
img/uqw/5/uqw-0516.png,923,1384,0.666908
img/uqw/5/uqw-0517.png,902,1310,0.68855
img/uqw/5/uqw-0518.png,908,1399,0.649035
img/uqw/5/uqw-0519.png,882,1308,0.674312
img/uqw/5/uqw-0520.png,919,1395,0.658781
img/uqw/5/uqw-0521.png,898,1328,0.676205
img/uqw/5/uqw-0522.png,917,1397,0.656407
img/uqw/5/uqw-0523.png,889,1337,0.664921
img/uqw/5/uqw-0524.png,904,1412,0.640227
img/uqw/5/uqw-0525.png,916,1329,0.68924
img/uqw/5/uqw-0526.png,885,1379,0.641769
img/uqw/5/uqw-0527.png,905,1341,0.67487
img/uqw/5/uqw-0528.png,923,1404,0.657407
img/uqw/5/uqw-0529.png,894,1332,0.671171
img/uqw/5/uqw-0530.png,898,1392,0.645115
img/uqw/5/uqw-0531.png,912,1368,0.666667
img/uqw/5/uqw-0532.png,916,1396,0.65616
img/uqw/5/uqw-0533.png,924,1382,0.668596
img/uqw/5/uqw-0534.png,916,1382,0.662808
img/uqw/5/uqw-0535.png,897,1384,0.648121
img/uqw/5/uqw-0536.png,899,1405,0.639858
img/uqw/5/uqw-0537.png,914,1395,0.655197
img/uqw/5/uqw-0538.png,913,1407,0.648898
img/uqw/5/uqw-0539.png,964,1388,0.694524
img/uqw/5/uqw-0540.png,953,1401,0.680228
img/uqw/5/uqw-0541.png,936,1313,0.712871
img/uqw/5/uqw-0542.png,961,1413,0.680113
img/uqw/5/uqw-0543.png,919,1312,0.700457
img/uqw/5/uqw-0544.png,898,1389,0.646508
img/uqw/5/uqw-0545.png,889,1304,0.681748
img/uqw/5/uqw-0546.png,897,1395,0.643011
img/uqw/5/uqw-0547.png,893,1376,0.648983
img/uqw/5/uqw-0548.png,907,1392,0.65158
img/uqw/5/uqw-0549.png,920,1380,0.666667
img/uqw/5/uqw-0550.png,918,1379,0.6657
img/uqw/5/uqw-0551.png,896,1375,0.651636
img/uqw/5/uqw-0552.png,901,1408,0.639915
img/uqw/5/uqw-0553.png,924,1404,0.65812
img/uqw/5/uqw-0554.png,927,1409,0.657913
img/uqw/5/uqw-0555.png,889,1306,0.680704
img/uqw/5/uqw-0556.png,900,1411,0.637845
img/uqw/5/uqw-0557.png,921,1387,0.664023
img/uqw/5/uqw-0558.png,893,1412,0.632436
img/uqw/5/uqw-0559.png,885,1312,0.674543
img/uqw/5/uqw-0560.png,939,1321,0.710825
img/uqw/5/uqw-0561.png,888,1361,0.652461
img/uqw/5/uqw-0562.png,911,1385,0.657762
img/uqw/5/uqw-0563.png,939,1308,0.71789
img/uqw/5/uqw-0564.png,914,1381,0.661839
img/uqw/5/uqw-0565.png,900,1362,0.660793
img/uqw/5/uqw-0566.png,953,1400,0.680714
img/uqw/5/uqw-0567.png,908,1388,0.654179
img/uqw/5/uqw-0568.png,898,1399,0.641887
img/uqw/5/uqw-0569.png,920,1389,0.662347
img/uqw/5/uqw-0570.png,918,1424,0.644663
img/uqw/5/uqw-0571.png,896,1399,0.640457
img/uqw/5/uqw-0572.png,919,1421,0.646728
img/uqw/5/uqw-0573.png,886,1324,0.669184
img/uqw/5/uqw-0574.png,906,1397,0.648533
img/uqw/5/uqw-0575.png,916,1336,0.685629
img/uqw/5/uqw-0576.png,931,1403,0.663578
img/uqw/5/uqw-0577.png,891,1326,0.671946
img/uqw/5/uqw-0578.png,917,1379,0.664975
img/uqw/5/uqw-0579.png,911,1311,0.694889
img/uqw/5/uqw-0580.png,911,1405,0.648399
img/uqw/5/uqw-0581.png,937,1312,0.714177
img/uqw/5/uqw-0582.png,917,1403,0.653599
img/uqw/5/uqw-0583.png,892,1325,0.673208
img/uqw/5/uqw-0584.png,913,1382,0.660637
img/uqw/5/uqw-0585.png,931,823,1.13123
img/uqw/5/uqw-0586.png,964,1382,0.69754
img/uqw/5/uqw-0587.png,906,1332,0.68018
img/uqw/5/uqw-0588.png,890,1318,0.675266
img/uqw/5/uqw-0589.png,885,1314,0.673516
img/uqw/5/uqw-0590.png,912,1370,0.665693
img/uqw/5/uqw-0591.png,894,1323,0.675737
img/uqw/5/uqw-0592.png,907,1402,0.646933
img/uqw/5/uqw-0593.png,885,1314,0.673516
img/uqw/5/uqw-0594.png,899,1404,0.640313
img/uqw/5/uqw-0595.png,888,1329,0.668172
img/uqw/5/uqw-0596.png,905,1400,0.646429
img/uqw/5/uqw-0597.png,885,1312,0.674543
img/uqw/5/uqw-0598.png,922,1397,0.659986
img/uqw/5/uqw-0599.png,886,1311,0.67582
img/uqw/6/uqw-0600.png,928,1403,0.66144
img/uqw/6/uqw-0601.png,887,1335,0.664419
img/uqw/6/uqw-0602.png,947,1393,0.679828
img/uqw/6/uqw-0603.png,892,1308,0.681957
img/uqw/6/uqw-0604.png,967,1385,0.698195
img/uqw/6/uqw-0605.png,887,1330,0.666917
img/uqw/6/uqw-0606.png,912,1387,0.657534
img/uqw/6/uqw-0607.png,920,1310,0.70229
img/uqw/6/uqw-0608.png,880,1305,0.67433
img/uqw/6/uqw-0609.png,909,1305,0.696552
img/uqw/6/uqw-0610.png,888,1404,0.632479
img/uqw/6/uqw-0611.png,896,1389,0.645068
img/uqw/6/uqw-0612.png,886,1396,0.63467
img/uqw/6/uqw-0613.png,876,1387,0.631579
img/uqw/6/uqw-0614.png,920,1390,0.661871
img/uqw/6/uqw-0615.png,890,1307,0.680949
img/uqw/6/uqw-0616.png,935,1384,0.675578
img/uqw/6/uqw-0617.png,889,1312,0.677591
img/uqw/6/uqw-0618.png,905,1389,0.651548
img/uqw/6/uqw-0619.png,894,1376,0.649709
img/uqw/6/uqw-0620.png,949,1397,0.679313
img/uqw/6/uqw-0621.png,914,1339,0.682599
img/uqw/6/uqw-0622.png,896,1402,0.639087
img/uqw/6/uqw-0623.png,908,1370,0.662774
img/uqw/6/uqw-0624.png,957,1404,0.681624
img/uqw/6/uqw-0625.png,883,1330,0.66391
img/uqw/6/uqw-0626.png,941,1403,0.670706
img/uqw/6/uqw-0627.png,886,1304,0.679448
img/uqw/6/uqw-0628.png,896,1399,0.640457
img/uqw/6/uqw-0629.png,921,1385,0.664982
img/uqw/6/uqw-0630.png,917,1408,0.651278
img/uqw/6/uqw-0631.png,921,1315,0.70038
img/uqw/6/uqw-0632.png,937,1396,0.671203
img/uqw/6/uqw-0633.png,888,1319,0.673237
img/uqw/6/uqw-0634.png,916,1399,0.654753
img/uqw/6/uqw-0635.png,896,1312,0.682927
img/uqw/6/uqw-0636.png,914,1398,0.653791
img/uqw/6/uqw-0637.png,883,1337,0.660434
img/uqw/6/uqw-0638.png,881,1384,0.636561
img/uqw/6/uqw-0639.png,891,1314,0.678082
img/uqw/6/uqw-0640.png,900,1402,0.64194
img/uqw/6/uqw-0641.png,888,1320,0.672727
img/uqw/6/uqw-0642.png,942,1391,0.677211
img/uqw/6/uqw-0643.png,888,1314,0.675799
img/uqw/6/uqw-0644.png,972,1388,0.700288
img/uqw/6/uqw-0645.png,886,1338,0.662182
img/uqw/6/uqw-0646.png,910,1410,0.64539
img/uqw/6/uqw-0647.png,890,1339,0.664675
img/uqw/6/uqw-0648.png,919,1391,0.660676
img/uqw/6/uqw-0649.png,882,1317,0.669704
img/uqw/6/uqw-0650.png,914,1400,0.652857
img/uqw/6/uqw-0651.png,886,1315,0.673764
img/uqw/6/uqw-0652.png,914,1405,0.650534
img/uqw/6/uqw-0653.png,889,1351,0.658031
img/uqw/6/uqw-0654.png,937,1382,0.678003
img/uqw/6/uqw-0655.png,890,1351,0.658771
img/uqw/6/uqw-0656.png,902,1407,0.64108
img/uqw/6/uqw-0657.png,905,1394,0.649211
img/uqw/6/uqw-0658.png,893,1402,0.636947
img/uqw/6/uqw-0659.png,887,1314,0.675038
img/uqw/6/uqw-0660.png,900,1402,0.64194
img/uqw/6/uqw-0661.png,891,1337,0.666417
img/uqw/6/uqw-0662.png,901,1411,0.638554
img/uqw/6/uqw-0663.png,894,1347,0.663697
img/uqw/6/uqw-0664.png,931,1403,0.663578
img/uqw/6/uqw-0665.png,889,1343,0.661951
img/uqw/6/uqw-0666.png,932,1399,0.66619
img/uqw/6/uqw-0667.png,890,1342,0.663189
img/uqw/6/uqw-0668.png,901,1403,0.642195
img/uqw/6/uqw-0669.png,889,1349,0.659007
img/uqw/6/uqw-0670.png,883,1319,0.669447
img/uqw/6/uqw-0671.png,881,1334,0.66042
img/uqw/6/uqw-0672.png,882,1336,0.66018
img/uqw/6/uqw-0673.png,890,1345,0.66171
img/uqw/6/uqw-0674.png,893,1406,0.635135
img/uqw/6/uqw-0675.png,886,1312,0.675305
img/uqw/6/uqw-0676.png,955,1388,0.68804
img/uqw/6/uqw-0677.png,887,1331,0.666416
img/uqw/6/uqw-0678.png,886,1331,0.665665
img/uqw/6/uqw-0679.png,887,1390,0.638129
img/uqw/6/uqw-0680.png,920,1379,0.66715
img/uqw/6/uqw-0681.png,883,1341,0.658464
img/uqw/6/uqw-0682.png,897,1417,0.633028
img/uqw/6/uqw-0683.png,903,1307,0.690895
img/uqw/6/uqw-0684.png,889,1406,0.63229
img/uqw/6/uqw-0685.png,882,1360,0.648529
img/uqw/6/uqw-0686.png,890,1377,0.646333
img/uqw/6/uqw-0687.png,887,1321,0.671461
img/uqw/6/uqw-0688.png,974,1398,0.69671
img/uqw/6/uqw-0689.png,887,1340,0.66194
img/uqw/6/uqw-0690.png,886,1342,0.660209
img/uqw/6/uqw-0691.png,910,1365,0.666667
img/uqw/6/uqw-0692.png,882,1410,0.625532
img/uqw/6/uqw-0693.png,879,1349,0.651594
img/uqw/6/uqw-0694.png,924,1415,0.653004
img/uqw/6/uqw-0695.png,887,1336,0.663922
img/uqw/6/uqw-0696.png,960,1406,0.682788
img/uqw/6/uqw-0697.png,888,1381,0.643012
img/uqw/6/uqw-0698.png,900,1403,0.641483
img/uqw/6/uqw-0699.png,906,1331,0.680691
img/uqw/7/uqw-0700.png,942,1388,0.678674
img/uqw/7/uqw-0701.png,878,1314,0.668189
img/uqw/7/uqw-0702.png,903,1387,0.651045
img/uqw/7/uqw-0703.png,898,1316,0.682371
img/uqw/7/uqw-0704.png,909,1402,0.648359
img/uqw/7/uqw-0705.png,882,1339,0.658701
img/uqw/7/uqw-0706.png,911,1405,0.648399
img/uqw/7/uqw-0707.png,880,1330,0.661654
img/uqw/7/uqw-0708.png,887,1402,0.632668
img/uqw/7/uqw-0709.png,881,1339,0.657954
img/uqw/7/uqw-0710.png,911,1393,0.653984
img/uqw/7/uqw-0711.png,898,1317,0.681853
img/uqw/7/uqw-0712.png,935,1409,0.663591
img/uqw/7/uqw-0713.png,910,1397,0.651396
img/uqw/7/uqw-0714.png,973,1401,0.694504
img/uqw/7/uqw-0715.png,891,1388,0.641931
img/uqw/7/uqw-0716.png,905,1396,0.648281
img/uqw/7/uqw-0717.png,887,1377,0.644154
img/uqw/7/uqw-0718.png,932,1397,0.667144
img/uqw/7/uqw-0719.png,889,1370,0.648905
img/uqw/7/uqw-0720.png,924,1401,0.659529
img/uqw/7/uqw-0721.png,913,1331,0.68595
img/uqw/7/uqw-0722.png,924,1401,0.659529
img/uqw/7/uqw-0723.png,901,1356,0.664454
img/uqw/7/uqw-0724.png,899,1401,0.641685
img/uqw/7/uqw-0725.png,912,1312,0.695122
img/uqw/7/uqw-0726.png,934,1404,0.665242
img/uqw/7/uqw-0727.png,884,1342,0.658718
img/uqw/7/uqw-0728.png,932,1392,0.66954
img/uqw/7/uqw-0729.png,886,1336,0.663174
img/uqw/7/uqw-0730.png,907,1392,0.65158
img/uqw/7/uqw-0731.png,881,1315,0.669962
img/uqw/7/uqw-0732.png,911,1410,0.646099
img/uqw/7/uqw-0733.png,877,1344,0.65253
img/uqw/7/uqw-0734.png,900,1396,0.644699
img/uqw/7/uqw-0735.png,882,1327,0.664657
img/uqw/7/uqw-0736.png,914,260,3.51538
img/uqw/7/uqw-0737.png,879,1333,0.659415
img/uqw/7/uqw-0738.png,896,1420,0.630986
img/uqw/7/uqw-0739.png,879,1311,0.670481
img/uqw/7/uqw-0740.png,888,1388,0.639769
img/uqw/7/uqw-0741.png,916,1405,0.651957
img/uqw/7/uqw-0742.png,920,1383,0.665221
img/uqw/7/uqw-0743.png,889,1317,0.675019
img/uqw/7/uqw-0744.png,927,1410,0.657447
img/uqw/7/uqw-0745.png,896,1310,0.683969
img/uqw/7/uqw-0746.png,909,1409,0.645138
img/uqw/7/uqw-0747.png,890,1322,0.673222
img/uqw/7/uqw-0748.png,897,1400,0.640714
img/uqw/7/uqw-0749.png,895,1355,0.660517
img/uqw/7/uqw-0750.png,870,1408,0.617898
img/uqw/7/uqw-0751.png,883,1357,0.6507
img/uqw/7/uqw-0752.png,882,1383,0.637744
img/uqw/7/uqw-0753.png,895,1309,0.683728
img/uqw/7/uqw-0754.png,907,1387,0.653929
img/uqw/7/uqw-0755.png,900,1316,0.683891
img/uqw/7/uqw-0756.png,896,1390,0.644604
img/uqw/7/uqw-0757.png,890,1336,0.666168
img/uqw/7/uqw-0758.png,907,1403,0.646472
img/uqw/7/uqw-0759.png,889,1311,0.678108
img/uqw/7/uqw-0760.png,931,1393,0.668342
img/uqw/7/uqw-0761.png,914,1314,0.695586
img/uqw/7/uqw-0762.png,884,1405,0.629181
img/uqw/7/uqw-0763.png,883,1310,0.674046
img/uqw/7/uqw-0764.png,905,1399,0.646891
img/uqw/7/uqw-0765.png,891,1312,0.679116
img/uqw/7/uqw-0766.png,880,1344,0.654762
img/uqw/7/uqw-0767.png,884,1369,0.645727
img/uqw/7/uqw-0768.png,897,1399,0.641172
img/uqw/7/uqw-0769.png,905,1317,0.687168
img/uqw/7/uqw-0770.png,916,1389,0.659467
img/uqw/7/uqw-0771.png,878,1312,0.669207
img/uqw/7/uqw-0772.png,883,1401,0.630264
img/uqw/7/uqw-0773.png,893,1391,0.641984
img/uqw/7/uqw-0774.png,912,1400,0.651429
img/uqw/7/uqw-0775.png,881,1317,0.668945
img/uqw/7/uqw-0776.png,915,1402,0.652639
img/uqw/7/uqw-0777.png,888,1317,0.67426
img/uqw/7/uqw-0778.png,912,1387,0.657534
img/uqw/7/uqw-0779.png,881,1368,0.644006
img/uqw/7/uqw-0780.png,960,1367,0.702268
img/uqw/7/uqw-0781.png,878,1319,0.665656
img/uqw/7/uqw-0782.png,942,1395,0.675269
img/uqw/7/uqw-0783.png,889,1318,0.674507
img/uqw/7/uqw-0784.png,900,1400,0.642857
img/uqw/7/uqw-0785.png,879,1340,0.65597
img/uqw/7/uqw-0786.png,912,1427,0.639103
img/uqw/7/uqw-0787.png,882,1323,0.666667
img/uqw/7/uqw-0788.png,892,1412,0.631728
img/uqw/7/uqw-0789.png,880,1315,0.669202
img/uqw/7/uqw-0790.png,897,1400,0.640714
img/uqw/7/uqw-0791.png,916,1316,0.696049
img/uqw/7/uqw-0792.png,908,1402,0.647646
img/uqw/7/uqw-0793.png,885,1318,0.671472
img/uqw/7/uqw-0794.png,905,1399,0.646891
img/uqw/7/uqw-0795.png,884,1314,0.672755
img/uqw/7/uqw-0796.png,889,1391,0.639109
img/uqw/7/uqw-0797.png,877,1316,0.666413
img/uqw/7/uqw-0798.png,884,1313,0.673267
img/uqw/7/uqw-0799.png,883,1346,0.656018
img/uqw/8/uqw-0800.png,896,1391,0.644141
img/uqw/8/uqw-0801.png,893,1313,0.680122
img/uqw/8/uqw-0802.png,889,1391,0.639109
img/uqw/8/uqw-0803.png,882,1314,0.671233
img/uqw/8/uqw-0804.png,928,1409,0.658623
img/uqw/8/uqw-0805.png,934,1384,0.674855
img/uqw/8/uqw-0806.png,903,1411,0.639972
img/uqw/8/uqw-0807.png,884,1317,0.671222
img/uqw/8/uqw-0808.png,881,1384,0.636561
img/uqw/8/uqw-0809.png,882,1317,0.669704
img/uqw/8/uqw-0810.png,974,1392,0.699713
img/uqw/8/uqw-0811.png,916,1361,0.673035
img/uqw/8/uqw-0812.png,874,1384,0.631503
img/uqw/8/uqw-0813.png,892,1340,0.665672
img/uqw/8/uqw-0814.png,889,1373,0.647487
img/uqw/8/uqw-0815.png,907,1369,0.662527
img/uqw/8/uqw-0816.png,919,1319,0.69674
img/uqw/8/uqw-0817.png,902,1377,0.655047
img/uqw/8/uqw-0818.png,890,1389,0.640749
img/uqw/8/uqw-0819.png,894,1384,0.645954
img/uqw/8/uqw-0820.png,899,1401,0.641685
img/uqw/8/uqw-0821.png,911,1310,0.69542
img/uqw/8/uqw-0822.png,930,1401,0.663812
img/uqw/8/uqw-0823.png,883,1310,0.674046
img/uqw/8/uqw-0824.png,897,1401,0.640257
img/uqw/8/uqw-0825.png,878,1350,0.65037
img/uqw/8/uqw-0826.png,904,1392,0.649425
img/uqw/8/uqw-0827.png,879,1316,0.667933
img/uqw/8/uqw-0828.png,900,1405,0.640569
img/uqw/8/uqw-0829.png,883,1317,0.670463
img/uqw/8/uqw-0830.png,903,1404,0.643162
img/uqw/8/uqw-0831.png,892,1378,0.647315
img/uqw/8/uqw-0832.png,894,1406,0.635846
img/uqw/8/uqw-0833.png,884,1314,0.672755
img/uqw/8/uqw-0834.png,930,1402,0.663338
img/uqw/8/uqw-0835.png,885,1310,0.675573
img/uqw/8/uqw-0836.png,893,1404,0.63604
img/uqw/8/uqw-0837.png,938,624,1.50321
img/uqw/8/uqw-0838.png,919,1397,0.657838
img/uqw/8/uqw-0839.png,906,1319,0.686884
img/uqw/8/uqw-0840.png,968,1400,0.691429
img/uqw/8/uqw-0841.png,912,1316,0.693009
img/uqw/8/uqw-0842.png,905,1410,0.641844
img/uqw/8/uqw-0843.png,896,1319,0.679303
img/uqw/8/uqw-0844.png,956,1403,0.681397
img/uqw/8/uqw-0845.png,885,1320,0.670455
img/uqw/8/uqw-0846.png,887,1406,0.630868
img/uqw/8/uqw-0847.png,885,1353,0.654102
img/uqw/8/uqw-0848.png,950,1412,0.672805
img/uqw/8/uqw-0849.png,895,1323,0.676493
img/uqw/8/uqw-0850.png,896,1401,0.639543
img/uqw/8/uqw-0851.png,879,1349,0.651594
img/uqw/8/uqw-0852.png,893,1415,0.631095
img/uqw/8/uqw-0853.png,884,1324,0.667674
img/uqw/8/uqw-0854.png,896,1405,0.637722
img/uqw/8/uqw-0855.png,885,1326,0.667421
img/uqw/8/uqw-0856.png,899,1406,0.639403
img/uqw/8/uqw-0857.png,885,1320,0.670455
img/uqw/8/uqw-0858.png,909,1401,0.648822
img/uqw/8/uqw-0859.png,900,1322,0.680787
img/uqw/8/uqw-0860.png,886,1399,0.63331
img/uqw/8/uqw-0861.png,886,1318,0.672231
img/uqw/8/uqw-0862.png,904,1396,0.647564
img/uqw/8/uqw-0863.png,884,1327,0.666164
img/uqw/8/uqw-0864.png,890,1396,0.637536
img/uqw/8/uqw-0865.png,931,1321,0.704769
img/uqw/8/uqw-0866.png,891,1400,0.636429
img/uqw/8/uqw-0867.png,884,1323,0.668178
img/uqw/8/uqw-0868.png,902,1413,0.638358
img/uqw/8/uqw-0869.png,917,1320,0.694697
img/uqw/8/uqw-0870.png,902,1425,0.632982
img/uqw/8/uqw-0871.png,888,1321,0.672218
img/uqw/8/uqw-0872.png,883,1399,0.631165
img/uqw/8/uqw-0873.png,880,1321,0.666162
img/uqw/8/uqw-0874.png,955,1395,0.684588
img/uqw/8/uqw-0875.png,888,1380,0.643478
img/uqw/8/uqw-0876.png,912,1388,0.657061
img/uqw/8/uqw-0877.png,879,1324,0.663897
img/uqw/8/uqw-0878.png,906,1383,0.655098
img/uqw/8/uqw-0879.png,937,1323,0.708239
img/uqw/8/uqw-0880.png,900,1395,0.645161
img/uqw/8/uqw-0881.png,961,1372,0.700437
img/uqw/8/uqw-0882.png,906,1407,0.643923
img/uqw/8/uqw-0883.png,885,1323,0.668934
img/uqw/8/uqw-0884.png,900,1412,0.637394
img/uqw/8/uqw-0885.png,889,1426,0.623422
img/uqw/8/uqw-0886.png,916,1384,0.66185
img/uqw/8/uqw-0887.png,910,1389,0.655148
img/uqw/8/uqw-0888.png,916,1390,0.658993
img/uqw/8/uqw-0889.png,947,1338,0.707773
img/uqw/8/uqw-0890.png,903,1394,0.647776
img/uqw/8/uqw-0891.png,907,1390,0.652518
img/uqw/8/uqw-0892.png,902,1406,0.641536
img/uqw/8/uqw-0893.png,915,1374,0.665939
img/uqw/8/uqw-0894.png,884,1426,0.619916
img/uqw/8/uqw-0895.png,929,1426,0.651473
img/uqw/8/uqw-0896.png,901,1416,0.636299
img/uqw/8/uqw-0897.png,954,1426,0.669004
img/uqw/8/uqw-0898.png,929,1427,0.651016
img/uqw/8/uqw-0899.png,917,1419,0.64623
img/uqw/9/uqw-0900.png,901,1408,0.639915
img/uqw/9/uqw-0901.png,902,1323,0.681784
img/uqw/9/uqw-0902.png,905,1408,0.642756
img/uqw/9/uqw-0903.png,893,1389,0.642909
img/uqw/9/uqw-0904.png,912,1394,0.654232
img/uqw/9/uqw-0905.png,912,1319,0.691433
img/uqw/9/uqw-0906.png,903,1401,0.64454
img/uqw/9/uqw-0907.png,902,1366,0.660322
img/uqw/9/uqw-0908.png,917,1265,0.724901
img/uqw/9/uqw-0909.png,922,1375,0.670545
img/uqw/9/uqw-0910.png,872,1379,0.632342
img/uqw/9/uqw-0911.png,907,1372,0.661079
img/uqw/9/uqw-0912.png,904,1401,0.645253
img/uqw/9/uqw-0913.png,900,1391,0.647017
img/uqw/9/uqw-0914.png,897,1402,0.6398
img/uqw/9/uqw-0915.png,901,1380,0.652899
img/uqw/9/uqw-0916.png,904,1396,0.647564
img/uqw/9/uqw-0917.png,914,1384,0.660405
img/uqw/9/uqw-0918.png,894,1386,0.645022
img/uqw/9/uqw-0919.png,898,1371,0.654996
img/uqw/9/uqw-0920.png,914,1400,0.652857
img/uqw/9/uqw-0921.png,911,1315,0.692776
img/uqw/9/uqw-0922.png,925,1408,0.65696
img/uqw/9/uqw-0923.png,919,1319,0.69674
img/uqw/9/uqw-0924.png,899,1397,0.643522
img/uqw/9/uqw-0925.png,898,1341,0.66965
img/uqw/9/uqw-0926.png,917,1423,0.644413
img/uqw/9/uqw-0927.png,912,1342,0.679583
img/uqw/9/uqw-0928.png,906,1424,0.636236
img/uqw/9/uqw-0929.png,908,1362,0.666667
img/uqw/9/uqw-0930.png,903,1394,0.647776
img/uqw/9/uqw-0931.png,912,1381,0.660391
img/uqw/9/uqw-0932.png,897,1398,0.641631
img/uqw/9/uqw-0933.png,914,1380,0.662319
img/uqw/9/uqw-0934.png,902,1400,0.644286
img/uqw/9/uqw-0935.png,908,1380,0.657971
img/uqw/9/uqw-0936.png,895,1426,0.62763
img/uqw/9/uqw-0937.png,908,1426,0.636746
img/uqw/9/uqw-0938.png,934,1395,0.669534
img/uqw/9/uqw-0939.png,902,1390,0.648921
img/uqw/9/uqw-0940.png,905,1402,0.645506
img/uqw/9/uqw-0941.png,898,1342,0.669151
img/uqw/9/uqw-0942.png,913,1398,0.653076
img/uqw/9/uqw-0943.png,904,1315,0.687452
img/uqw/9/uqw-0944.png,903,1381,0.653874
img/uqw/9/uqw-0945.png,913,1422,0.642053
img/uqw/9/uqw-0946.png,889,1402,0.634094
img/uqw/9/uqw-0947.png,899,1374,0.654294
img/uqw/9/uqw-0948.png,879,1387,0.633742
img/uqw/9/uqw-0949.png,870,1369,0.6355
img/uqw/9/uqw-0950.png,925,1387,0.666907
img/uqw/9/uqw-0951.png,902,1424,0.633427
img/uqw/9/uqw-0952.png,902,1396,0.646132
img/uqw/9/uqw-0953.png,910,1380,0.65942
img/uqw/9/uqw-0954.png,884,1427,0.619481
img/uqw/9/uqw-0955.png,900,1392,0.646552
img/uqw/9/uqw-0956.png,919,1407,0.653163
img/uqw/9/uqw-0957.png,928,1387,0.66907
img/uqw/9/uqw-0958.png,889,1396,0.636819
img/uqw/9/uqw-0959.png,931,334,2.78743
img/uqw/9/uqw-0960.png,903,1394,0.647776
img/uqw/9/uqw-0961.png,897,1426,0.629032
img/uqw/9/uqw-0962.png,929,1401,0.663098
img/uqw/9/uqw-0963.png,904,1316,0.68693
img/uqw/9/uqw-0964.png,928,1394,0.66571
img/uqw/9/uqw-0965.png,898,1359,0.66078
img/uqw/9/uqw-0966.png,949,1403,0.676408
img/uqw/9/uqw-0967.png,921,1426,0.645863
img/uqw/9/uqw-0968.png,906,1393,0.650395
img/uqw/9/uqw-0969.png,910,1374,0.6623
img/uqw/9/uqw-0970.png,900,1394,0.645624
img/uqw/9/uqw-0971.png,909,1429,0.636109
img/uqw/9/uqw-0972.png,897,1405,0.638434
img/uqw/9/uqw-0973.png,906,1388,0.652738
img/uqw/9/uqw-0974.png,899,1388,0.647695
img/uqw/9/uqw-0975.png,910,1423,0.639494
img/uqw/9/uqw-0976.png,891,1399,0.636883
img/uqw/9/uqw-0977.png,904,1391,0.649892
img/uqw/9/uqw-0978.png,895,1395,0.641577
img/uqw/9/uqw-0979.png,878,1314,0.668189
img/uqw/9/uqw-0980.png,911,1383,0.658713
img/uqw/9/uqw-0981.png,915,1351,0.677276
img/uqw/9/uqw-0982.png,906,1377,0.657952
img/uqw/9/uqw-0983.png,896,1315,0.681369
img/uqw/9/uqw-0984.png,897,1406,0.63798
img/uqw/9/uqw-0985.png,897,1341,0.668904
img/uqw/9/uqw-0986.png,929,1404,0.661681
img/uqw/9/uqw-0987.png,906,1386,0.65368
img/uqw/9/uqw-0988.png,911,1410,0.646099
img/uqw/9/uqw-0989.png,900,1391,0.647017
img/uqw/9/uqw-0990.png,908,1411,0.643515
img/uqw/9/uqw-0991.png,906,1397,0.648533
img/uqw/9/uqw-0992.png,947,1378,0.687228
img/uqw/9/uqw-0993.png,900,1329,0.677201
img/uqw/9/uqw-0994.png,897,1394,0.643472
img/uqw/9/uqw-0995.png,916,1432,0.639665
img/uqw/9/uqw-0996.png,902,1412,0.63881
img/uqw/9/uqw-0997.png,947,1399,0.676912
img/uqw/9/uqw-0998.png,903,1409,0.64088
img/uqw/9/uqw-0999.png,900,1350,0.666667
