img/bdw/0/bdw-0000.png,1000,1625,0.615385
img/bdw/0/bdw-0001.png,1000,1467,0.681663
img/bdw/0/bdw-0002.png,1000,579,1.72712
img/bdw/0/bdw-0003.png,1000,1402,0.713267
img/bdw/0/bdw-0004.png,1000,3238,0.308833
img/bdw/0/bdw-0005.png,1000,1412,0.708215
img/bdw/0/bdw-0006.png,1000,256,3.90625
img/bdw/0/bdw-0007.png,1000,1277,0.783085
img/bdw/0/bdw-0008.png,1000,1557,0.642261
img/bdw/0/bdw-0009.png,1000,1545,0.647249
img/bdw/0/bdw-0010.png,1000,1558,0.641849
img/bdw/0/bdw-0011.png,1000,1548,0.645995
img/bdw/0/bdw-0012.png,1000,1560,0.641026
img/bdw/0/bdw-0013.png,1000,1539,0.649773
img/bdw/0/bdw-0014.png,1000,1548,0.645995
img/bdw/0/bdw-0015.png,1000,1558,0.641849
img/bdw/0/bdw-0016.png,1000,1556,0.642674
img/bdw/0/bdw-0017.png,1000,1562,0.640205
img/bdw/0/bdw-0018.png,1000,932,1.07296
img/bdw/0/bdw-0019.png,1000,1241,0.805802
img/bdw/0/bdw-0020.png,1000,1541,0.648929
img/bdw/0/bdw-0021.png,1000,1543,0.648088
img/bdw/0/bdw-0022.png,1000,1545,0.647249
img/bdw/0/bdw-0023.png,1000,1534,0.65189
img/bdw/0/bdw-0024.png,1000,1543,0.648088
img/bdw/0/bdw-0025.png,1000,1530,0.653595
img/bdw/0/bdw-0026.png,1000,1535,0.651466
img/bdw/0/bdw-0027.png,1000,1542,0.648508
img/bdw/0/bdw-0028.png,1000,1531,0.653168
img/bdw/0/bdw-0029.png,1000,1536,0.651042
img/bdw/0/bdw-0030.png,1000,1539,0.649773
img/bdw/0/bdw-0031.png,1000,1531,0.653168
img/bdw/0/bdw-0032.png,1000,1534,0.65189
img/bdw/0/bdw-0033.png,1000,1537,0.650618
img/bdw/0/bdw-0034.png,1000,1540,0.649351
img/bdw/0/bdw-0035.png,1000,1540,0.649351
img/bdw/0/bdw-0036.png,1000,1540,0.649351
img/bdw/0/bdw-0037.png,1000,1580,0.632911
img/bdw/0/bdw-0038.png,1000,1548,0.645995
img/bdw/0/bdw-0039.png,1000,1561,0.640615
img/bdw/0/bdw-0040.png,1000,1548,0.645995
img/bdw/0/bdw-0041.png,1000,1542,0.648508
img/bdw/0/bdw-0042.png,1000,1542,0.648508
img/bdw/0/bdw-0043.png,1000,1541,0.648929
img/bdw/0/bdw-0044.png,1000,1536,0.651042
img/bdw/0/bdw-0045.png,1000,1545,0.647249
img/bdw/0/bdw-0046.png,1000,1546,0.646831
img/bdw/0/bdw-0047.png,1000,1531,0.653168
img/bdw/0/bdw-0048.png,1000,1547,0.646412
img/bdw/0/bdw-0049.png,1000,1572,0.636132
img/bdw/0/bdw-0050.png,1000,1545,0.647249
img/bdw/0/bdw-0051.png,1000,1551,0.644745
img/bdw/0/bdw-0052.png,1000,1533,0.652316
img/bdw/0/bdw-0053.png,1000,1537,0.650618
img/bdw/0/bdw-0054.png,1000,1539,0.649773
img/bdw/0/bdw-0055.png,1000,1546,0.646831
img/bdw/0/bdw-0056.png,1000,1536,0.651042
img/bdw/0/bdw-0057.png,1000,1570,0.636943
img/bdw/0/bdw-0058.png,1000,1539,0.649773
img/bdw/0/bdw-0059.png,1000,1538,0.650195
img/bdw/0/bdw-0060.png,1000,1539,0.649773
img/bdw/0/bdw-0061.png,1000,1532,0.652742
img/bdw/0/bdw-0062.png,1000,1555,0.643087
img/bdw/0/bdw-0063.png,1000,1537,0.650618
img/bdw/0/bdw-0064.png,1000,1540,0.649351
img/bdw/0/bdw-0065.png,1000,619,1.61551
img/bdw/0/bdw-0066.png,1000,1528,0.65445
img/bdw/0/bdw-0067.png,1000,1536,0.651042
img/bdw/0/bdw-0068.png,1000,1543,0.648088
img/bdw/0/bdw-0069.png,1000,1544,0.647668
img/bdw/0/bdw-0070.png,1000,1534,0.65189
img/bdw/0/bdw-0071.png,1000,1540,0.649351
img/bdw/0/bdw-0072.png,1000,1539,0.649773
img/bdw/0/bdw-0073.png,1000,1539,0.649773
img/bdw/0/bdw-0074.png,1000,1540,0.649351
img/bdw/0/bdw-0075.png,1000,1577,0.634115
img/bdw/0/bdw-0076.png,1000,1540,0.649351
img/bdw/0/bdw-0077.png,1000,1540,0.649351
img/bdw/0/bdw-0078.png,1000,1542,0.648508
img/bdw/0/bdw-0079.png,1000,1535,0.651466
img/bdw/0/bdw-0080.png,1000,1535,0.651466
img/bdw/0/bdw-0081.png,1000,1577,0.634115
img/bdw/0/bdw-0082.png,1000,1593,0.627746
img/bdw/0/bdw-0083.png,1000,1531,0.653168
img/bdw/0/bdw-0084.png,1000,1537,0.650618
img/bdw/0/bdw-0085.png,1000,1547,0.646412
img/bdw/0/bdw-0086.png,1000,1542,0.648508
img/bdw/0/bdw-0087.png,1000,1551,0.644745
img/bdw/0/bdw-0088.png,1000,1537,0.650618
img/bdw/0/bdw-0089.png,1000,1544,0.647668
img/bdw/0/bdw-0090.png,1000,1538,0.650195
img/bdw/0/bdw-0091.png,1000,1605,0.623053
img/bdw/0/bdw-0092.png,1000,1544,0.647668
img/bdw/0/bdw-0093.png,1000,1549,0.645578
img/bdw/0/bdw-0094.png,1000,1544,0.647668
img/bdw/0/bdw-0095.png,1000,1547,0.646412
img/bdw/0/bdw-0096.png,1000,1546,0.646831
img/bdw/0/bdw-0097.png,1000,1532,0.652742
img/bdw/0/bdw-0098.png,1000,1538,0.650195
img/bdw/0/bdw-0099.png,1000,1557,0.642261
img/bdw/1/bdw-0100.png,1000,1533,0.652316
img/bdw/1/bdw-0101.png,1000,1542,0.648508
img/bdw/1/bdw-0102.png,1000,1540,0.649351
img/bdw/1/bdw-0103.png,1000,1542,0.648508
img/bdw/1/bdw-0104.png,1000,1542,0.648508
img/bdw/1/bdw-0105.png,1000,1591,0.628536
img/bdw/1/bdw-0106.png,1000,1516,0.659631
img/bdw/1/bdw-0107.png,1000,1536,0.651042
img/bdw/1/bdw-0108.png,1000,1547,0.646412
img/bdw/1/bdw-0109.png,1000,1542,0.648508
img/bdw/1/bdw-0110.png,1000,1541,0.648929
img/bdw/1/bdw-0111.png,1000,1527,0.654879
img/bdw/1/bdw-0112.png,1000,1546,0.646831
img/bdw/1/bdw-0113.png,1000,1550,0.645161
img/bdw/1/bdw-0114.png,1000,1516,0.659631
img/bdw/1/bdw-0115.png,1000,1551,0.644745
img/bdw/1/bdw-0116.png,1000,1538,0.650195
img/bdw/1/bdw-0117.png,1000,1541,0.648929
img/bdw/1/bdw-0118.png,1000,1529,0.654022
img/bdw/1/bdw-0119.png,1000,1544,0.647668
img/bdw/1/bdw-0120.png,1000,1541,0.648929
img/bdw/1/bdw-0121.png,1000,1524,0.656168
img/bdw/1/bdw-0122.png,1000,1542,0.648508
img/bdw/1/bdw-0123.png,1000,1570,0.636943
img/bdw/1/bdw-0124.png,1000,1533,0.652316
img/bdw/1/bdw-0125.png,1000,1541,0.648929
img/bdw/1/bdw-0126.png,1000,1545,0.647249
img/bdw/1/bdw-0127.png,1000,1538,0.650195
img/bdw/1/bdw-0128.png,1000,1539,0.649773
img/bdw/1/bdw-0129.png,1000,1539,0.649773
img/bdw/1/bdw-0130.png,1000,1517,0.659196
img/bdw/1/bdw-0131.png,1000,1544,0.647668
img/bdw/1/bdw-0132.png,1000,1541,0.648929
img/bdw/1/bdw-0133.png,1000,1550,0.645161
img/bdw/1/bdw-0134.png,1000,1535,0.651466
img/bdw/1/bdw-0135.png,1000,1528,0.65445
img/bdw/1/bdw-0136.png,1000,1546,0.646831
img/bdw/1/bdw-0137.png,1000,1608,0.621891
img/bdw/1/bdw-0138.png,1000,1192,0.838926
img/bdw/1/bdw-0139.png,1000,1575,0.634921
img/bdw/1/bdw-0140.png,1000,1550,0.645161
img/bdw/1/bdw-0141.png,1000,1541,0.648929
img/bdw/1/bdw-0142.png,1000,1541,0.648929
img/bdw/1/bdw-0143.png,1000,1534,0.65189
img/bdw/1/bdw-0144.png,1000,1572,0.636132
img/bdw/1/bdw-0145.png,1000,1541,0.648929
img/bdw/1/bdw-0146.png,1000,1553,0.643915
img/bdw/1/bdw-0147.png,1000,1534,0.65189
img/bdw/1/bdw-0148.png,1000,1545,0.647249
img/bdw/1/bdw-0149.png,1000,1545,0.647249
img/bdw/1/bdw-0150.png,1000,1544,0.647668
img/bdw/1/bdw-0151.png,1000,1545,0.647249
img/bdw/1/bdw-0152.png,1000,1541,0.648929
img/bdw/1/bdw-0153.png,1000,1550,0.645161
img/bdw/1/bdw-0154.png,1000,1543,0.648088
img/bdw/1/bdw-0155.png,1000,1551,0.644745
img/bdw/1/bdw-0156.png,1000,1542,0.648508
img/bdw/1/bdw-0157.png,1000,1540,0.649351
img/bdw/1/bdw-0158.png,1000,1539,0.649773
img/bdw/1/bdw-0159.png,1000,1540,0.649351
img/bdw/1/bdw-0160.png,1000,1536,0.651042
img/bdw/1/bdw-0161.png,1000,1539,0.649773
img/bdw/1/bdw-0162.png,1000,221,4.52489
img/bdw/1/bdw-0163.png,1000,1328,0.753012
img/bdw/1/bdw-0164.png,1000,1180,0.847458
img/bdw/1/bdw-0165.png,1000,1535,0.651466
img/bdw/1/bdw-0166.png,1000,1549,0.645578
img/bdw/1/bdw-0167.png,1000,1539,0.649773
img/bdw/1/bdw-0168.png,1000,1541,0.648929
img/bdw/1/bdw-0169.png,1000,1547,0.646412
img/bdw/1/bdw-0170.png,1000,1545,0.647249
img/bdw/1/bdw-0171.png,1000,1563,0.639795
img/bdw/1/bdw-0172.png,1000,1540,0.649351
img/bdw/1/bdw-0173.png,1000,1604,0.623441
img/bdw/1/bdw-0174.png,1000,1545,0.647249
img/bdw/1/bdw-0175.png,1000,1539,0.649773
img/bdw/1/bdw-0176.png,1000,1541,0.648929
img/bdw/1/bdw-0177.png,1000,1533,0.652316
img/bdw/1/bdw-0178.png,1000,1541,0.648929
img/bdw/1/bdw-0179.png,1000,1555,0.643087
img/bdw/1/bdw-0180.png,1000,1546,0.646831
img/bdw/1/bdw-0181.png,1000,1553,0.643915
img/bdw/1/bdw-0182.png,1000,1545,0.647249
img/bdw/1/bdw-0183.png,1000,1548,0.645995
img/bdw/1/bdw-0184.png,1000,1537,0.650618
img/bdw/1/bdw-0185.png,1000,1546,0.646831
img/bdw/1/bdw-0186.png,1000,1552,0.64433
img/bdw/1/bdw-0187.png,1000,1536,0.651042
img/bdw/1/bdw-0188.png,1000,1542,0.648508
img/bdw/1/bdw-0189.png,1000,1541,0.648929
img/bdw/1/bdw-0190.png,1000,1546,0.646831
img/bdw/1/bdw-0191.png,1000,1568,0.637755
img/bdw/1/bdw-0192.png,1000,1546,0.646831
img/bdw/1/bdw-0193.png,1000,1539,0.649773
img/bdw/1/bdw-0194.png,1000,1566,0.63857
img/bdw/1/bdw-0195.png,1000,1534,0.65189
img/bdw/1/bdw-0196.png,1000,1537,0.650618
img/bdw/1/bdw-0197.png,1000,1559,0.641437
img/bdw/1/bdw-0198.png,1000,1534,0.65189
img/bdw/1/bdw-0199.png,1000,1523,0.656599
img/bdw/2/bdw-0200.png,1000,1531,0.653168
img/bdw/2/bdw-0201.png,1000,1537,0.650618
img/bdw/2/bdw-0202.png,1000,1540,0.649351
img/bdw/2/bdw-0203.png,1000,1539,0.649773
img/bdw/2/bdw-0204.png,1000,306,3.26797
img/bdw/2/bdw-0205.png,1000,1188,0.841751
img/bdw/2/bdw-0206.png,1000,1538,0.650195
img/bdw/2/bdw-0207.png,1000,1565,0.638978
img/bdw/2/bdw-0208.png,1000,1543,0.648088
img/bdw/2/bdw-0209.png,1000,1530,0.653595
img/bdw/2/bdw-0210.png,1000,1538,0.650195
img/bdw/2/bdw-0211.png,1000,1542,0.648508
img/bdw/2/bdw-0212.png,1000,1536,0.651042
img/bdw/2/bdw-0213.png,1000,1541,0.648929
img/bdw/2/bdw-0214.png,1000,1536,0.651042
img/bdw/2/bdw-0215.png,1000,1540,0.649351
img/bdw/2/bdw-0216.png,1000,1537,0.650618
img/bdw/2/bdw-0217.png,1000,1541,0.648929
img/bdw/2/bdw-0218.png,1000,1543,0.648088
img/bdw/2/bdw-0219.png,1000,1530,0.653595
img/bdw/2/bdw-0220.png,1000,1544,0.647668
img/bdw/2/bdw-0221.png,1000,1526,0.655308
img/bdw/2/bdw-0222.png,1000,1560,0.641026
img/bdw/2/bdw-0223.png,1000,1528,0.65445
img/bdw/2/bdw-0224.png,1000,1538,0.650195
img/bdw/2/bdw-0225.png,1000,1541,0.648929
img/bdw/2/bdw-0226.png,1000,1540,0.649351
img/bdw/2/bdw-0227.png,1000,1532,0.652742
img/bdw/2/bdw-0228.png,1000,1541,0.648929
img/bdw/2/bdw-0229.png,1000,1524,0.656168
img/bdw/2/bdw-0230.png,1000,1578,0.633714
img/bdw/2/bdw-0231.png,1000,1556,0.642674
img/bdw/2/bdw-0232.png,1000,1548,0.645995
img/bdw/2/bdw-0233.png,1000,1540,0.649351
img/bdw/2/bdw-0234.png,1000,1540,0.649351
img/bdw/2/bdw-0235.png,1000,1537,0.650618
img/bdw/2/bdw-0236.png,1000,1548,0.645995
img/bdw/2/bdw-0237.png,1000,1543,0.648088
img/bdw/2/bdw-0238.png,1000,1541,0.648929
img/bdw/2/bdw-0239.png,1000,1534,0.65189
img/bdw/2/bdw-0240.png,1000,1543,0.648088
img/bdw/2/bdw-0241.png,1000,1534,0.65189
img/bdw/2/bdw-0242.png,1000,1543,0.648088
img/bdw/2/bdw-0243.png,1000,1535,0.651466
img/bdw/2/bdw-0244.png,1000,1544,0.647668
img/bdw/2/bdw-0245.png,1000,1528,0.65445
img/bdw/2/bdw-0246.png,1000,1536,0.651042
img/bdw/2/bdw-0247.png,1000,1541,0.648929
img/bdw/2/bdw-0248.png,1000,1545,0.647249
img/bdw/2/bdw-0249.png,1000,1530,0.653595
img/bdw/2/bdw-0250.png,1000,1540,0.649351
img/bdw/2/bdw-0251.png,1000,1534,0.65189
img/bdw/2/bdw-0252.png,1000,1543,0.648088
img/bdw/2/bdw-0253.png,1000,1527,0.654879
img/bdw/2/bdw-0254.png,1000,1540,0.649351
img/bdw/2/bdw-0255.png,1000,1367,0.731529
img/bdw/2/bdw-0256.png,1000,1220,0.819672
img/bdw/2/bdw-0257.png,1000,1518,0.658762
img/bdw/2/bdw-0258.png,1000,1541,0.648929
img/bdw/2/bdw-0259.png,1000,1534,0.65189
img/bdw/2/bdw-0260.png,1000,1541,0.648929
img/bdw/2/bdw-0261.png,1000,1525,0.655738
img/bdw/2/bdw-0262.png,1000,1547,0.646412
img/bdw/2/bdw-0263.png,1000,1532,0.652742
img/bdw/2/bdw-0264.png,1000,1541,0.648929
img/bdw/2/bdw-0265.png,1000,1539,0.649773
img/bdw/2/bdw-0266.png,1000,1555,0.643087
img/bdw/2/bdw-0267.png,1000,1534,0.65189
img/bdw/2/bdw-0268.png,1000,1539,0.649773
img/bdw/2/bdw-0269.png,1000,1532,0.652742
img/bdw/2/bdw-0270.png,1000,1543,0.648088
img/bdw/2/bdw-0271.png,1000,1532,0.652742
img/bdw/2/bdw-0272.png,1000,1540,0.649351
img/bdw/2/bdw-0273.png,1000,1539,0.649773
img/bdw/2/bdw-0274.png,1000,1540,0.649351
img/bdw/2/bdw-0275.png,1000,1532,0.652742
img/bdw/2/bdw-0276.png,1000,1572,0.636132
img/bdw/2/bdw-0277.png,1000,1534,0.65189
img/bdw/2/bdw-0278.png,1000,1547,0.646412
img/bdw/2/bdw-0279.png,1000,1543,0.648088
img/bdw/2/bdw-0280.png,1000,1541,0.648929
img/bdw/2/bdw-0281.png,1000,1527,0.654879
img/bdw/2/bdw-0282.png,1000,1544,0.647668
img/bdw/2/bdw-0283.png,1000,1529,0.654022
img/bdw/2/bdw-0284.png,1000,1528,0.65445
img/bdw/2/bdw-0285.png,1000,1537,0.650618
img/bdw/2/bdw-0286.png,1000,1547,0.646412
img/bdw/2/bdw-0287.png,1000,1534,0.65189
img/bdw/2/bdw-0288.png,1000,1539,0.649773
img/bdw/2/bdw-0289.png,1000,1543,0.648088
img/bdw/2/bdw-0290.png,1000,1081,0.925069
img/bdw/2/bdw-0291.png,1000,1183,0.845309
img/bdw/2/bdw-0292.png,1000,1540,0.649351
img/bdw/2/bdw-0293.png,1000,1536,0.651042
img/bdw/2/bdw-0294.png,1000,1539,0.649773
img/bdw/2/bdw-0295.png,1000,1545,0.647249
img/bdw/2/bdw-0296.png,1000,1542,0.648508
img/bdw/2/bdw-0297.png,1000,1541,0.648929
img/bdw/2/bdw-0298.png,1000,1544,0.647668
img/bdw/2/bdw-0299.png,1000,1541,0.648929
img/bdw/3/bdw-0300.png,1000,1542,0.648508
img/bdw/3/bdw-0301.png,1000,1533,0.652316
img/bdw/3/bdw-0302.png,1000,1538,0.650195
img/bdw/3/bdw-0303.png,1000,1537,0.650618
img/bdw/3/bdw-0304.png,1000,1538,0.650195
img/bdw/3/bdw-0305.png,1000,1527,0.654879
img/bdw/3/bdw-0306.png,1000,1538,0.650195
img/bdw/3/bdw-0307.png,1000,1540,0.649351
img/bdw/3/bdw-0308.png,1000,1544,0.647668
img/bdw/3/bdw-0309.png,1000,1538,0.650195
img/bdw/3/bdw-0310.png,1000,1544,0.647668
img/bdw/3/bdw-0311.png,1000,1541,0.648929
img/bdw/3/bdw-0312.png,1000,1547,0.646412
img/bdw/3/bdw-0313.png,1000,1542,0.648508
img/bdw/3/bdw-0314.png,1000,1540,0.649351
img/bdw/3/bdw-0315.png,1000,1542,0.648508
img/bdw/3/bdw-0316.png,1000,1545,0.647249
img/bdw/3/bdw-0317.png,1000,1539,0.649773
img/bdw/3/bdw-0318.png,1000,1545,0.647249
img/bdw/3/bdw-0319.png,1000,1536,0.651042
img/bdw/3/bdw-0320.png,1000,1536,0.651042
img/bdw/3/bdw-0321.png,1000,1532,0.652742
img/bdw/3/bdw-0322.png,1000,1534,0.65189
img/bdw/3/bdw-0323.png,1000,1537,0.650618
img/bdw/3/bdw-0324.png,1000,1540,0.649351
img/bdw/3/bdw-0325.png,1000,1535,0.651466
img/bdw/3/bdw-0326.png,1000,1536,0.651042
img/bdw/3/bdw-0327.png,1000,1534,0.65189
img/bdw/3/bdw-0328.png,1000,1540,0.649351
img/bdw/3/bdw-0329.png,1000,1538,0.650195
img/bdw/3/bdw-0330.png,1000,1538,0.650195
img/bdw/3/bdw-0331.png,1000,1540,0.649351
img/bdw/3/bdw-0332.png,1000,1538,0.650195
img/bdw/3/bdw-0333.png,1000,1539,0.649773
img/bdw/3/bdw-0334.png,1000,1538,0.650195
img/bdw/3/bdw-0335.png,1000,1459,0.685401
img/bdw/3/bdw-0336.png,1000,1486,0.672948
img/bdw/3/bdw-0337.png,1000,1189,0.841043
img/bdw/3/bdw-0338.png,1000,1532,0.652742
img/bdw/3/bdw-0339.png,1000,1536,0.651042
img/bdw/3/bdw-0340.png,1000,1536,0.651042
img/bdw/3/bdw-0341.png,1000,1532,0.652742
img/bdw/3/bdw-0342.png,1000,1545,0.647249
img/bdw/3/bdw-0343.png,1000,1533,0.652316
img/bdw/3/bdw-0344.png,1000,1541,0.648929
img/bdw/3/bdw-0345.png,1000,1544,0.647668
img/bdw/3/bdw-0346.png,1000,1546,0.646831
img/bdw/3/bdw-0347.png,1000,1544,0.647668
img/bdw/3/bdw-0348.png,1000,1540,0.649351
img/bdw/3/bdw-0349.png,1000,1540,0.649351
img/bdw/3/bdw-0350.png,1000,1542,0.648508
img/bdw/3/bdw-0351.png,1000,1547,0.646412
img/bdw/3/bdw-0352.png,1000,1539,0.649773
img/bdw/3/bdw-0353.png,1000,1533,0.652316
img/bdw/3/bdw-0354.png,1000,1541,0.648929
img/bdw/3/bdw-0355.png,1000,1535,0.651466
img/bdw/3/bdw-0356.png,1000,1546,0.646831
img/bdw/3/bdw-0357.png,1000,1534,0.65189
img/bdw/3/bdw-0358.png,1000,1537,0.650618
img/bdw/3/bdw-0359.png,1000,1540,0.649351
img/bdw/3/bdw-0360.png,1000,1535,0.651466
img/bdw/3/bdw-0361.png,1000,1545,0.647249
img/bdw/3/bdw-0362.png,1000,1548,0.645995
img/bdw/3/bdw-0363.png,1000,1539,0.649773
img/bdw/3/bdw-0364.png,1000,1551,0.644745
img/bdw/3/bdw-0365.png,1000,1542,0.648508
img/bdw/3/bdw-0366.png,1000,1541,0.648929
img/bdw/3/bdw-0367.png,1000,1536,0.651042
img/bdw/3/bdw-0368.png,1000,1542,0.648508
img/bdw/3/bdw-0369.png,1000,1539,0.649773
img/bdw/3/bdw-0370.png,1000,1537,0.650618
img/bdw/3/bdw-0371.png,1000,1541,0.648929
img/bdw/3/bdw-0372.png,1000,1540,0.649351
img/bdw/3/bdw-0373.png,1000,1537,0.650618
img/bdw/3/bdw-0374.png,1000,1536,0.651042
img/bdw/3/bdw-0375.png,1000,1536,0.651042
img/bdw/3/bdw-0376.png,1000,1539,0.649773
img/bdw/3/bdw-0377.png,1000,1532,0.652742
img/bdw/3/bdw-0378.png,1000,1533,0.652316
img/bdw/3/bdw-0379.png,1000,1563,0.639795
img/bdw/3/bdw-0380.png,1000,359,2.78552
img/bdw/3/bdw-0381.png,1000,1229,0.81367
img/bdw/3/bdw-0382.png,1000,1540,0.649351
img/bdw/3/bdw-0383.png,1000,1537,0.650618
img/bdw/3/bdw-0384.png,1000,1535,0.651466
img/bdw/3/bdw-0385.png,1000,1540,0.649351
img/bdw/3/bdw-0386.png,1000,1537,0.650618
img/bdw/3/bdw-0387.png,1000,1579,0.633312
img/bdw/3/bdw-0388.png,1000,1543,0.648088
img/bdw/3/bdw-0389.png,1000,1545,0.647249
img/bdw/3/bdw-0390.png,1000,1550,0.645161
img/bdw/3/bdw-0391.png,1000,1539,0.649773
img/bdw/3/bdw-0392.png,1000,1543,0.648088
img/bdw/3/bdw-0393.png,1000,1548,0.645995
img/bdw/3/bdw-0394.png,1000,1542,0.648508
img/bdw/3/bdw-0395.png,1000,1561,0.640615
img/bdw/3/bdw-0396.png,1000,1552,0.64433
img/bdw/3/bdw-0397.png,1000,1541,0.648929
img/bdw/3/bdw-0398.png,1000,1540,0.649351
img/bdw/3/bdw-0399.png,1000,1537,0.650618
img/bdw/4/bdw-0400.png,1000,1538,0.650195
img/bdw/4/bdw-0401.png,1000,1531,0.653168
img/bdw/4/bdw-0402.png,1000,1542,0.648508
img/bdw/4/bdw-0403.png,1000,1536,0.651042
img/bdw/4/bdw-0404.png,1000,1541,0.648929
img/bdw/4/bdw-0405.png,1000,1531,0.653168
img/bdw/4/bdw-0406.png,1000,1539,0.649773
img/bdw/4/bdw-0407.png,1000,1541,0.648929
img/bdw/4/bdw-0408.png,1000,1293,0.773395
img/bdw/4/bdw-0409.png,1000,1176,0.85034
img/bdw/4/bdw-0410.png,1000,1539,0.649773
img/bdw/4/bdw-0411.png,1000,1532,0.652742
img/bdw/4/bdw-0412.png,1000,1534,0.65189
img/bdw/4/bdw-0413.png,1000,1535,0.651466
img/bdw/4/bdw-0414.png,1000,1574,0.635324
img/bdw/4/bdw-0415.png,1000,1541,0.648929
img/bdw/4/bdw-0416.png,1000,1542,0.648508
img/bdw/4/bdw-0417.png,1000,1531,0.653168
img/bdw/4/bdw-0418.png,1000,1533,0.652316
img/bdw/4/bdw-0419.png,1000,1541,0.648929
img/bdw/4/bdw-0420.png,1000,1520,0.657895
img/bdw/4/bdw-0421.png,1000,1541,0.648929
img/bdw/4/bdw-0422.png,1000,1539,0.649773
img/bdw/4/bdw-0423.png,1000,1542,0.648508
img/bdw/4/bdw-0424.png,1000,1544,0.647668
img/bdw/4/bdw-0425.png,1000,1540,0.649351
img/bdw/4/bdw-0426.png,1000,1542,0.648508
img/bdw/4/bdw-0427.png,1000,1544,0.647668
img/bdw/4/bdw-0428.png,1000,1540,0.649351
img/bdw/4/bdw-0429.png,1000,1538,0.650195
img/bdw/4/bdw-0430.png,1000,1536,0.651042
img/bdw/4/bdw-0431.png,1000,1545,0.647249
img/bdw/4/bdw-0432.png,1000,1545,0.647249
img/bdw/4/bdw-0433.png,1000,1543,0.648088
img/bdw/4/bdw-0434.png,1000,1541,0.648929
img/bdw/4/bdw-0435.png,1000,1545,0.647249
img/bdw/4/bdw-0436.png,1000,1539,0.649773
img/bdw/4/bdw-0437.png,1000,1544,0.647668
img/bdw/4/bdw-0438.png,1000,1544,0.647668
img/bdw/4/bdw-0439.png,1000,1540,0.649351
img/bdw/4/bdw-0440.png,1000,1542,0.648508
img/bdw/4/bdw-0441.png,1000,1535,0.651466
img/bdw/4/bdw-0442.png,1000,1545,0.647249
img/bdw/4/bdw-0443.png,1000,1545,0.647249
img/bdw/4/bdw-0444.png,1000,1544,0.647668
img/bdw/4/bdw-0445.png,1000,1546,0.646831
img/bdw/4/bdw-0446.png,1000,1549,0.645578
img/bdw/4/bdw-0447.png,1000,1536,0.651042
img/bdw/4/bdw-0448.png,1000,1533,0.652316
img/bdw/4/bdw-0449.png,1000,1536,0.651042
img/bdw/4/bdw-0450.png,1000,1553,0.643915
img/bdw/4/bdw-0451.png,1000,1538,0.650195
img/bdw/4/bdw-0452.png,1000,1544,0.647668
img/bdw/4/bdw-0453.png,1000,1545,0.647249
img/bdw/4/bdw-0454.png,1000,1543,0.648088
img/bdw/4/bdw-0455.png,1000,1541,0.648929
img/bdw/4/bdw-0456.png,1000,1528,0.65445
img/bdw/4/bdw-0457.png,1000,1533,0.652316
img/bdw/4/bdw-0458.png,1000,1540,0.649351
img/bdw/4/bdw-0459.png,1000,1539,0.649773
img/bdw/4/bdw-0460.png,1000,1537,0.650618
img/bdw/4/bdw-0461.png,1000,1534,0.65189
img/bdw/4/bdw-0462.png,1000,1535,0.651466
img/bdw/4/bdw-0463.png,1000,1536,0.651042
img/bdw/4/bdw-0464.png,1000,1547,0.646412
img/bdw/4/bdw-0465.png,1000,276,3.62319
img/bdw/4/bdw-0466.png,1000,1215,0.823045
img/bdw/4/bdw-0467.png,1000,1546,0.646831
img/bdw/4/bdw-0468.png,1000,1513,0.660939
img/bdw/4/bdw-0469.png,1000,1537,0.650618
img/bdw/4/bdw-0470.png,1000,1539,0.649773
img/bdw/4/bdw-0471.png,1000,1528,0.65445
img/bdw/4/bdw-0472.png,1000,1541,0.648929
img/bdw/4/bdw-0473.png,1000,1539,0.649773
img/bdw/4/bdw-0474.png,1000,1536,0.651042
img/bdw/4/bdw-0475.png,1000,1533,0.652316
img/bdw/4/bdw-0476.png,1000,1549,0.645578
img/bdw/4/bdw-0477.png,1000,1536,0.651042
img/bdw/4/bdw-0478.png,1000,1537,0.650618
img/bdw/4/bdw-0479.png,1000,1537,0.650618
img/bdw/4/bdw-0480.png,1000,1542,0.648508
img/bdw/4/bdw-0481.png,1000,1533,0.652316
img/bdw/4/bdw-0482.png,1000,1539,0.649773
img/bdw/4/bdw-0483.png,1000,1529,0.654022
img/bdw/4/bdw-0484.png,1000,1534,0.65189
img/bdw/4/bdw-0485.png,1000,1536,0.651042
img/bdw/4/bdw-0486.png,1000,1537,0.650618
img/bdw/4/bdw-0487.png,1000,1532,0.652742
img/bdw/4/bdw-0488.png,1000,1535,0.651466
img/bdw/4/bdw-0489.png,1000,1534,0.65189
img/bdw/4/bdw-0490.png,1000,1532,0.652742
img/bdw/4/bdw-0491.png,1000,1520,0.657895
img/bdw/4/bdw-0492.png,1000,1537,0.650618
img/bdw/4/bdw-0493.png,1000,1530,0.653595
img/bdw/4/bdw-0494.png,1000,1534,0.65189
img/bdw/4/bdw-0495.png,1000,1521,0.657462
img/bdw/4/bdw-0496.png,1000,1535,0.651466
img/bdw/4/bdw-0497.png,1000,1536,0.651042
img/bdw/4/bdw-0498.png,1000,1537,0.650618
img/bdw/4/bdw-0499.png,1000,1537,0.650618
img/bdw/5/bdw-0500.png,1000,1535,0.651466
img/bdw/5/bdw-0501.png,1000,1534,0.65189
img/bdw/5/bdw-0502.png,1000,1535,0.651466
img/bdw/5/bdw-0503.png,1000,1552,0.64433
img/bdw/5/bdw-0504.png,1000,1536,0.651042
img/bdw/5/bdw-0505.png,1000,1536,0.651042
img/bdw/5/bdw-0506.png,1000,1522,0.65703
img/bdw/5/bdw-0507.png,1000,1531,0.653168
img/bdw/5/bdw-0508.png,1000,1539,0.649773
img/bdw/5/bdw-0509.png,1000,312,3.20513
img/bdw/5/bdw-0510.png,1000,1218,0.821018
img/bdw/5/bdw-0511.png,1000,1526,0.655308
img/bdw/5/bdw-0512.png,1000,1538,0.650195
img/bdw/5/bdw-0513.png,1000,1542,0.648508
img/bdw/5/bdw-0514.png,1000,1545,0.647249
img/bdw/5/bdw-0515.png,1000,1535,0.651466
img/bdw/5/bdw-0516.png,1000,1543,0.648088
img/bdw/5/bdw-0517.png,1000,1544,0.647668
img/bdw/5/bdw-0518.png,1000,1545,0.647249
img/bdw/5/bdw-0519.png,1000,1548,0.645995
img/bdw/5/bdw-0520.png,1000,1545,0.647249
img/bdw/5/bdw-0521.png,1000,1544,0.647668
img/bdw/5/bdw-0522.png,1000,1541,0.648929
img/bdw/5/bdw-0523.png,1000,1541,0.648929
img/bdw/5/bdw-0524.png,1000,1551,0.644745
img/bdw/5/bdw-0525.png,1000,1545,0.647249
img/bdw/5/bdw-0526.png,1000,1542,0.648508
img/bdw/5/bdw-0527.png,1000,1543,0.648088
img/bdw/5/bdw-0528.png,1000,1539,0.649773
img/bdw/5/bdw-0529.png,1000,1541,0.648929
img/bdw/5/bdw-0530.png,1000,1543,0.648088
img/bdw/5/bdw-0531.png,1000,1541,0.648929
img/bdw/5/bdw-0532.png,1000,1542,0.648508
img/bdw/5/bdw-0533.png,1000,1537,0.650618
img/bdw/5/bdw-0534.png,1000,1556,0.642674
img/bdw/5/bdw-0535.png,1000,579,1.72712
img/bdw/5/bdw-0536.png,1000,1224,0.816993
img/bdw/5/bdw-0537.png,1000,1537,0.650618
img/bdw/5/bdw-0538.png,1000,1541,0.648929
img/bdw/5/bdw-0539.png,1000,1543,0.648088
img/bdw/5/bdw-0540.png,1000,1537,0.650618
img/bdw/5/bdw-0541.png,1000,1537,0.650618
img/bdw/5/bdw-0542.png,1000,1541,0.648929
img/bdw/5/bdw-0543.png,1000,1541,0.648929
img/bdw/5/bdw-0544.png,1000,1543,0.648088
img/bdw/5/bdw-0545.png,1000,681,1.46843
img/bdw/5/bdw-0546.png,1000,1220,0.819672
img/bdw/5/bdw-0547.png,1000,1539,0.649773
img/bdw/5/bdw-0548.png,1000,1545,0.647249
img/bdw/5/bdw-0549.png,1000,1542,0.648508
img/bdw/5/bdw-0550.png,1000,1538,0.650195
img/bdw/5/bdw-0551.png,1000,1541,0.648929
img/bdw/5/bdw-0552.png,1000,1546,0.646831
img/bdw/5/bdw-0553.png,1000,1538,0.650195
img/bdw/5/bdw-0554.png,1000,1545,0.647249
img/bdw/5/bdw-0555.png,1000,1538,0.650195
img/bdw/5/bdw-0556.png,1000,1585,0.630915
img/bdw/5/bdw-0557.png,1000,1538,0.650195
img/bdw/5/bdw-0558.png,1000,1529,0.654022
img/bdw/5/bdw-0559.png,1000,1540,0.649351
img/bdw/5/bdw-0560.png,1000,1543,0.648088
img/bdw/5/bdw-0561.png,1000,1537,0.650618
img/bdw/5/bdw-0562.png,1000,1543,0.648088
img/bdw/5/bdw-0563.png,1000,1542,0.648508
img/bdw/5/bdw-0564.png,1000,1544,0.647668
img/bdw/5/bdw-0565.png,1000,1542,0.648508
img/bdw/5/bdw-0566.png,1000,1557,0.642261
img/bdw/5/bdw-0567.png,1000,1542,0.648508
img/bdw/5/bdw-0568.png,1000,1548,0.645995
img/bdw/5/bdw-0569.png,1000,1536,0.651042
img/bdw/5/bdw-0570.png,1000,1535,0.651466
img/bdw/5/bdw-0571.png,1000,1548,0.645995
img/bdw/5/bdw-0572.png,1000,1543,0.648088
img/bdw/5/bdw-0573.png,1000,1219,0.820345
img/bdw/5/bdw-0574.png,1000,1552,0.64433
img/bdw/5/bdw-0575.png,1000,1116,0.896057
img/bdw/5/bdw-0576.png,1000,1232,0.811688
img/bdw/5/bdw-0577.png,1000,1526,0.655308
img/bdw/5/bdw-0578.png,1000,1537,0.650618
img/bdw/5/bdw-0579.png,1000,1529,0.654022
img/bdw/5/bdw-0580.png,1000,1544,0.647668
img/bdw/5/bdw-0581.png,1000,1531,0.653168
img/bdw/5/bdw-0582.png,1000,1541,0.648929
img/bdw/5/bdw-0583.png,1000,1534,0.65189
img/bdw/5/bdw-0584.png,1000,1541,0.648929
img/bdw/5/bdw-0585.png,1000,1535,0.651466
img/bdw/5/bdw-0586.png,1000,1540,0.649351
img/bdw/5/bdw-0587.png,1000,1535,0.651466
img/bdw/5/bdw-0588.png,1000,1541,0.648929
img/bdw/5/bdw-0589.png,1000,1534,0.65189
img/bdw/5/bdw-0590.png,1000,1541,0.648929
img/bdw/5/bdw-0591.png,1000,1529,0.654022
img/bdw/5/bdw-0592.png,1000,1540,0.649351
img/bdw/5/bdw-0593.png,1000,1528,0.65445
img/bdw/5/bdw-0594.png,1000,1549,0.645578
img/bdw/5/bdw-0595.png,1000,1527,0.654879
img/bdw/5/bdw-0596.png,1000,1539,0.649773
img/bdw/5/bdw-0597.png,1000,1545,0.647249
img/bdw/5/bdw-0598.png,1000,1544,0.647668
img/bdw/5/bdw-0599.png,1000,1536,0.651042
img/bdw/6/bdw-0600.png,1000,1557,0.642261
img/bdw/6/bdw-0601.png,1000,1530,0.653595
img/bdw/6/bdw-0602.png,1000,1543,0.648088
img/bdw/6/bdw-0603.png,1000,1539,0.649773
img/bdw/6/bdw-0604.png,1000,1552,0.64433
img/bdw/6/bdw-0605.png,1000,1532,0.652742
img/bdw/6/bdw-0606.png,1000,1544,0.647668
img/bdw/6/bdw-0607.png,1000,1531,0.653168
img/bdw/6/bdw-0608.png,1000,1552,0.64433
img/bdw/6/bdw-0609.png,1000,1536,0.651042
img/bdw/6/bdw-0610.png,1000,1543,0.648088
img/bdw/6/bdw-0611.png,1000,1528,0.65445
img/bdw/6/bdw-0612.png,1000,1544,0.647668
img/bdw/6/bdw-0613.png,1000,1539,0.649773
img/bdw/6/bdw-0614.png,1000,1545,0.647249
img/bdw/6/bdw-0615.png,1000,1549,0.645578
img/bdw/6/bdw-0616.png,1000,1546,0.646831
img/bdw/6/bdw-0617.png,1000,1535,0.651466
img/bdw/6/bdw-0618.png,1000,1538,0.650195
img/bdw/6/bdw-0619.png,1000,1535,0.651466
img/bdw/6/bdw-0620.png,1000,1546,0.646831
img/bdw/6/bdw-0621.png,1000,1533,0.652316
img/bdw/6/bdw-0622.png,1000,1544,0.647668
img/bdw/6/bdw-0623.png,1000,1539,0.649773
img/bdw/6/bdw-0624.png,1000,1543,0.648088
img/bdw/6/bdw-0625.png,1000,1530,0.653595
img/bdw/6/bdw-0626.png,1000,1526,0.655308
img/bdw/6/bdw-0627.png,1000,1534,0.65189
img/bdw/6/bdw-0628.png,1000,1567,0.638162
img/bdw/6/bdw-0629.png,1000,1568,0.637755
img/bdw/6/bdw-0630.png,1000,1538,0.650195
img/bdw/6/bdw-0631.png,1000,1529,0.654022
img/bdw/6/bdw-0632.png,1000,1557,0.642261
img/bdw/6/bdw-0633.png,1000,753,1.32802
img/bdw/6/bdw-0634.png,1000,1251,0.799361
img/bdw/6/bdw-0635.png,1000,1533,0.652316
img/bdw/6/bdw-0636.png,1000,1549,0.645578
img/bdw/6/bdw-0637.png,1000,1532,0.652742
img/bdw/6/bdw-0638.png,1000,1547,0.646412
img/bdw/6/bdw-0639.png,1000,1529,0.654022
img/bdw/6/bdw-0640.png,1000,1542,0.648508
img/bdw/6/bdw-0641.png,1000,1539,0.649773
img/bdw/6/bdw-0642.png,1000,1541,0.648929
img/bdw/6/bdw-0643.png,1000,1537,0.650618
img/bdw/6/bdw-0644.png,1000,1545,0.647249
img/bdw/6/bdw-0645.png,1000,1530,0.653595
img/bdw/6/bdw-0646.png,1000,1548,0.645995
img/bdw/6/bdw-0647.png,1000,1530,0.653595
img/bdw/6/bdw-0648.png,1000,1542,0.648508
img/bdw/6/bdw-0649.png,1000,1532,0.652742
img/bdw/6/bdw-0650.png,1000,1550,0.645161
img/bdw/6/bdw-0651.png,1000,1535,0.651466
img/bdw/6/bdw-0652.png,1000,1539,0.649773
img/bdw/6/bdw-0653.png,1000,1527,0.654879
img/bdw/6/bdw-0654.png,1000,969,1.03199
img/bdw/6/bdw-0655.png,1000,1219,0.820345
img/bdw/6/bdw-0656.png,1000,1543,0.648088
img/bdw/6/bdw-0657.png,1000,1538,0.650195
img/bdw/6/bdw-0658.png,1000,1543,0.648088
img/bdw/6/bdw-0659.png,1000,1543,0.648088
img/bdw/6/bdw-0660.png,1000,1549,0.645578
img/bdw/6/bdw-0661.png,1000,1544,0.647668
img/bdw/6/bdw-0662.png,1000,1549,0.645578
img/bdw/6/bdw-0663.png,1000,1546,0.646831
img/bdw/6/bdw-0664.png,1000,1546,0.646831
img/bdw/6/bdw-0665.png,1000,1537,0.650618
img/bdw/6/bdw-0666.png,1000,1542,0.648508
img/bdw/6/bdw-0667.png,1000,1543,0.648088
img/bdw/6/bdw-0668.png,1000,1549,0.645578
img/bdw/6/bdw-0669.png,1000,1531,0.653168
img/bdw/6/bdw-0670.png,1000,1568,0.637755
img/bdw/6/bdw-0671.png,1000,1540,0.649351
img/bdw/6/bdw-0672.png,1000,1544,0.647668
img/bdw/6/bdw-0673.png,1000,1542,0.648508
img/bdw/6/bdw-0674.png,1000,1542,0.648508
img/bdw/6/bdw-0675.png,1000,1531,0.653168
img/bdw/6/bdw-0676.png,1000,1543,0.648088
img/bdw/6/bdw-0677.png,1000,1537,0.650618
img/bdw/6/bdw-0678.png,1000,1548,0.645995
img/bdw/6/bdw-0679.png,1000,1543,0.648088
img/bdw/6/bdw-0680.png,1000,1546,0.646831
img/bdw/6/bdw-0681.png,1000,1541,0.648929
img/bdw/6/bdw-0682.png,1000,1539,0.649773
img/bdw/6/bdw-0683.png,1000,1545,0.647249
img/bdw/6/bdw-0684.png,1000,1543,0.648088
img/bdw/6/bdw-0685.png,1000,1544,0.647668
img/bdw/6/bdw-0686.png,1000,1541,0.648929
img/bdw/6/bdw-0687.png,1000,1542,0.648508
img/bdw/6/bdw-0688.png,1000,1540,0.649351
img/bdw/6/bdw-0689.png,1000,1541,0.648929
img/bdw/6/bdw-0690.png,1000,1541,0.648929
img/bdw/6/bdw-0691.png,1000,1542,0.648508
img/bdw/6/bdw-0692.png,1000,1549,0.645578
img/bdw/6/bdw-0693.png,1000,1536,0.651042
img/bdw/6/bdw-0694.png,1000,1550,0.645161
img/bdw/6/bdw-0695.png,1000,1546,0.646831
img/bdw/6/bdw-0696.png,1000,1521,0.657462
img/bdw/6/bdw-0697.png,1000,1535,0.651466
img/bdw/6/bdw-0698.png,1000,1542,0.648508
img/bdw/6/bdw-0699.png,1000,381,2.62467
img/bdw/7/bdw-0700.png,1000,1235,0.809717
img/bdw/7/bdw-0701.png,1000,1537,0.650618
img/bdw/7/bdw-0702.png,1000,1544,0.647668
img/bdw/7/bdw-0703.png,1000,1542,0.648508
img/bdw/7/bdw-0704.png,1000,1549,0.645578
img/bdw/7/bdw-0705.png,1000,1539,0.649773
img/bdw/7/bdw-0706.png,1000,1542,0.648508
img/bdw/7/bdw-0707.png,1000,1539,0.649773
img/bdw/7/bdw-0708.png,1000,1543,0.648088
img/bdw/7/bdw-0709.png,1000,1547,0.646412
img/bdw/7/bdw-0710.png,1000,1547,0.646412
img/bdw/7/bdw-0711.png,1000,1543,0.648088
img/bdw/7/bdw-0712.png,1000,1547,0.646412
img/bdw/7/bdw-0713.png,1000,1536,0.651042
img/bdw/7/bdw-0714.png,1000,1541,0.648929
img/bdw/7/bdw-0715.png,1000,1538,0.650195
img/bdw/7/bdw-0716.png,1000,1530,0.653595
img/bdw/7/bdw-0717.png,1000,1542,0.648508
img/bdw/7/bdw-0718.png,1000,1540,0.649351
img/bdw/7/bdw-0719.png,1000,1539,0.649773
img/bdw/7/bdw-0720.png,1000,1543,0.648088
img/bdw/7/bdw-0721.png,1000,1542,0.648508
img/bdw/7/bdw-0722.png,1000,1546,0.646831
img/bdw/7/bdw-0723.png,1000,1546,0.646831
img/bdw/7/bdw-0724.png,1000,1536,0.651042
img/bdw/7/bdw-0725.png,1000,1536,0.651042
img/bdw/7/bdw-0726.png,1000,1542,0.648508
img/bdw/7/bdw-0727.png,1000,1528,0.65445
img/bdw/7/bdw-0728.png,1000,1541,0.648929
img/bdw/7/bdw-0729.png,1000,1536,0.651042
img/bdw/7/bdw-0730.png,1000,1545,0.647249
img/bdw/7/bdw-0731.png,1000,1535,0.651466
img/bdw/7/bdw-0732.png,1000,1567,0.638162
img/bdw/7/bdw-0733.png,1000,1536,0.651042
img/bdw/7/bdw-0734.png,1000,1537,0.650618
img/bdw/7/bdw-0735.png,1000,1535,0.651466
img/bdw/7/bdw-0736.png,1000,1540,0.649351
img/bdw/7/bdw-0737.png,1000,1536,0.651042
img/bdw/7/bdw-0738.png,1000,1531,0.653168
img/bdw/7/bdw-0739.png,1000,1528,0.65445
img/bdw/7/bdw-0740.png,1000,1532,0.652742
img/bdw/7/bdw-0741.png,1000,1534,0.65189
img/bdw/7/bdw-0742.png,1000,1542,0.648508
img/bdw/7/bdw-0743.png,1000,1538,0.650195
img/bdw/7/bdw-0744.png,1000,1538,0.650195
img/bdw/7/bdw-0745.png,1000,760,1.31579
img/bdw/7/bdw-0746.png,1000,1196,0.83612
img/bdw/7/bdw-0747.png,1000,1523,0.656599
img/bdw/7/bdw-0748.png,1000,1531,0.653168
img/bdw/7/bdw-0749.png,1000,1534,0.65189
img/bdw/7/bdw-0750.png,1000,1536,0.651042
img/bdw/7/bdw-0751.png,1000,1526,0.655308
img/bdw/7/bdw-0752.png,1000,1533,0.652316
img/bdw/7/bdw-0753.png,1000,1534,0.65189
img/bdw/7/bdw-0754.png,1000,1538,0.650195
img/bdw/7/bdw-0755.png,1000,1541,0.648929
img/bdw/7/bdw-0756.png,1000,1542,0.648508
img/bdw/7/bdw-0757.png,1000,1537,0.650618
img/bdw/7/bdw-0758.png,1000,1543,0.648088
img/bdw/7/bdw-0759.png,1000,1535,0.651466
img/bdw/7/bdw-0760.png,1000,1542,0.648508
img/bdw/7/bdw-0761.png,1000,1536,0.651042
img/bdw/7/bdw-0762.png,1000,1539,0.649773
img/bdw/7/bdw-0763.png,1000,1535,0.651466
img/bdw/7/bdw-0764.png,1000,1542,0.648508
img/bdw/7/bdw-0765.png,1000,1530,0.653595
img/bdw/7/bdw-0766.png,1000,1533,0.652316
img/bdw/7/bdw-0767.png,1000,1532,0.652742
img/bdw/7/bdw-0768.png,1000,1541,0.648929
img/bdw/7/bdw-0769.png,1000,1534,0.65189
img/bdw/7/bdw-0770.png,1000,1535,0.651466
img/bdw/7/bdw-0771.png,1000,1530,0.653595
img/bdw/7/bdw-0772.png,1000,1538,0.650195
img/bdw/7/bdw-0773.png,1000,1533,0.652316
img/bdw/7/bdw-0774.png,1000,1541,0.648929
img/bdw/7/bdw-0775.png,1000,1536,0.651042
img/bdw/7/bdw-0776.png,1000,1544,0.647668
img/bdw/7/bdw-0777.png,1000,1535,0.651466
img/bdw/7/bdw-0778.png,1000,1544,0.647668
img/bdw/7/bdw-0779.png,1000,1539,0.649773
img/bdw/7/bdw-0780.png,1000,1543,0.648088
img/bdw/7/bdw-0781.png,1000,1543,0.648088
img/bdw/7/bdw-0782.png,1000,1547,0.646412
img/bdw/7/bdw-0783.png,1000,1544,0.647668
img/bdw/7/bdw-0784.png,1000,1541,0.648929
img/bdw/7/bdw-0785.png,1000,1541,0.648929
img/bdw/7/bdw-0786.png,1000,1541,0.648929
img/bdw/7/bdw-0787.png,1000,1542,0.648508
img/bdw/7/bdw-0788.png,1000,1547,0.646412
img/bdw/7/bdw-0789.png,1000,1535,0.651466
img/bdw/7/bdw-0790.png,1000,1544,0.647668
img/bdw/7/bdw-0791.png,1000,1542,0.648508
img/bdw/7/bdw-0792.png,1000,552,1.81159
img/bdw/7/bdw-0793.png,1000,1225,0.816327
img/bdw/7/bdw-0794.png,1000,1544,0.647668
img/bdw/7/bdw-0795.png,1000,1540,0.649351
img/bdw/7/bdw-0796.png,1000,1544,0.647668
img/bdw/7/bdw-0797.png,1000,1537,0.650618
img/bdw/7/bdw-0798.png,1000,1546,0.646831
img/bdw/7/bdw-0799.png,1000,1538,0.650195
img/bdw/8/bdw-0800.png,1000,1543,0.648088
img/bdw/8/bdw-0801.png,1000,1545,0.647249
img/bdw/8/bdw-0802.png,1000,1542,0.648508
img/bdw/8/bdw-0803.png,1000,1537,0.650618
img/bdw/8/bdw-0804.png,1000,1540,0.649351
img/bdw/8/bdw-0805.png,1000,1541,0.648929
img/bdw/8/bdw-0806.png,1000,1520,0.657895
img/bdw/8/bdw-0807.png,1000,1542,0.648508
img/bdw/8/bdw-0808.png,1000,1537,0.650618
img/bdw/8/bdw-0809.png,1000,1548,0.645995
img/bdw/8/bdw-0810.png,1000,1542,0.648508
img/bdw/8/bdw-0811.png,1000,1545,0.647249
img/bdw/8/bdw-0812.png,1000,1551,0.644745
img/bdw/8/bdw-0813.png,1000,1539,0.649773
img/bdw/8/bdw-0814.png,1000,1552,0.64433
img/bdw/8/bdw-0815.png,1000,1540,0.649351
img/bdw/8/bdw-0816.png,1000,1546,0.646831
img/bdw/8/bdw-0817.png,1000,1543,0.648088
img/bdw/8/bdw-0818.png,1000,1539,0.649773
img/bdw/8/bdw-0819.png,1000,1542,0.648508
img/bdw/8/bdw-0820.png,1000,1544,0.647668
img/bdw/8/bdw-0821.png,1000,1536,0.651042
img/bdw/8/bdw-0822.png,1000,1545,0.647249
img/bdw/8/bdw-0823.png,1000,1523,0.656599
img/bdw/8/bdw-0824.png,1000,1555,0.643087
img/bdw/8/bdw-0825.png,1000,1544,0.647668
img/bdw/8/bdw-0826.png,1000,758,1.31926
img/bdw/8/bdw-0827.png,1000,1187,0.84246
img/bdw/8/bdw-0828.png,1000,1543,0.648088
img/bdw/8/bdw-0829.png,1000,1534,0.65189
img/bdw/8/bdw-0830.png,1000,1534,0.65189
img/bdw/8/bdw-0831.png,1000,1535,0.651466
img/bdw/8/bdw-0832.png,1000,1536,0.651042
img/bdw/8/bdw-0833.png,1000,1541,0.648929
img/bdw/8/bdw-0834.png,1000,1537,0.650618
img/bdw/8/bdw-0835.png,1000,1527,0.654879
img/bdw/8/bdw-0836.png,1000,1552,0.64433
img/bdw/8/bdw-0837.png,1000,1538,0.650195
img/bdw/8/bdw-0838.png,1000,1544,0.647668
img/bdw/8/bdw-0839.png,1000,1535,0.651466
img/bdw/8/bdw-0840.png,1000,1543,0.648088
img/bdw/8/bdw-0841.png,1000,1534,0.65189
img/bdw/8/bdw-0842.png,1000,1538,0.650195
img/bdw/8/bdw-0843.png,1000,1539,0.649773
img/bdw/8/bdw-0844.png,1000,1525,0.655738
img/bdw/8/bdw-0845.png,1000,1535,0.651466
img/bdw/8/bdw-0846.png,1000,1543,0.648088
img/bdw/8/bdw-0847.png,1000,1535,0.651466
img/bdw/8/bdw-0848.png,1000,1531,0.653168
img/bdw/8/bdw-0849.png,1000,1539,0.649773
img/bdw/8/bdw-0850.png,1000,1534,0.65189
img/bdw/8/bdw-0851.png,1000,1514,0.660502
img/bdw/8/bdw-0852.png,1000,1527,0.654879
img/bdw/8/bdw-0853.png,1000,1536,0.651042
img/bdw/8/bdw-0854.png,1000,1536,0.651042
img/bdw/8/bdw-0855.png,1000,1533,0.652316
img/bdw/8/bdw-0856.png,1000,1530,0.653595
img/bdw/8/bdw-0857.png,1000,1535,0.651466
img/bdw/8/bdw-0858.png,1000,1532,0.652742
img/bdw/8/bdw-0859.png,1000,1534,0.65189
img/bdw/8/bdw-0860.png,1000,1403,0.712758
img/bdw/8/bdw-0861.png,1000,1199,0.834028
img/bdw/8/bdw-0862.png,1000,1539,0.649773
img/bdw/8/bdw-0863.png,1000,1505,0.664452
img/bdw/8/bdw-0864.png,1000,1534,0.65189
img/bdw/8/bdw-0865.png,1000,1543,0.648088
img/bdw/8/bdw-0866.png,1000,1537,0.650618
img/bdw/8/bdw-0867.png,1000,1533,0.652316
img/bdw/8/bdw-0868.png,1000,1539,0.649773
img/bdw/8/bdw-0869.png,1000,1533,0.652316
img/bdw/8/bdw-0870.png,1000,1547,0.646412
img/bdw/8/bdw-0871.png,1000,1535,0.651466
img/bdw/8/bdw-0872.png,1000,1545,0.647249
img/bdw/8/bdw-0873.png,1000,1537,0.650618
img/bdw/8/bdw-0874.png,1000,1542,0.648508
img/bdw/8/bdw-0875.png,1000,1541,0.648929
img/bdw/8/bdw-0876.png,1000,1536,0.651042
img/bdw/8/bdw-0877.png,1000,1534,0.65189
img/bdw/8/bdw-0878.png,1000,1540,0.649351
img/bdw/8/bdw-0879.png,1000,1538,0.650195
img/bdw/8/bdw-0880.png,1000,1538,0.650195
img/bdw/8/bdw-0881.png,1000,1547,0.646412
img/bdw/8/bdw-0882.png,1000,1544,0.647668
img/bdw/8/bdw-0883.png,1000,1535,0.651466
img/bdw/8/bdw-0884.png,1000,1539,0.649773
img/bdw/8/bdw-0885.png,1000,1540,0.649351
img/bdw/8/bdw-0886.png,1000,1546,0.646831
img/bdw/8/bdw-0887.png,1000,1544,0.647668
img/bdw/8/bdw-0888.png,1000,1547,0.646412
img/bdw/8/bdw-0889.png,1000,1544,0.647668
img/bdw/8/bdw-0890.png,1000,1545,0.647249
img/bdw/8/bdw-0891.png,1000,1538,0.650195
img/bdw/8/bdw-0892.png,1000,1547,0.646412
img/bdw/8/bdw-0893.png,1000,1540,0.649351
img/bdw/8/bdw-0894.png,1000,1546,0.646831
img/bdw/8/bdw-0895.png,1000,1544,0.647668
img/bdw/8/bdw-0896.png,1000,1539,0.649773
img/bdw/8/bdw-0897.png,1000,1534,0.65189
img/bdw/8/bdw-0898.png,1000,1544,0.647668
img/bdw/8/bdw-0899.png,1000,1531,0.653168
img/bdw/9/bdw-0900.png,1000,1541,0.648929
img/bdw/9/bdw-0901.png,1000,1540,0.649351
img/bdw/9/bdw-0902.png,1000,1531,0.653168
img/bdw/9/bdw-0903.png,1000,1535,0.651466
img/bdw/9/bdw-0904.png,1000,1542,0.648508
img/bdw/9/bdw-0905.png,1000,1530,0.653595
img/bdw/9/bdw-0906.png,1000,1540,0.649351
img/bdw/9/bdw-0907.png,1000,1533,0.652316
img/bdw/9/bdw-0908.png,1000,1536,0.651042
img/bdw/9/bdw-0909.png,1000,1535,0.651466
img/bdw/9/bdw-0910.png,1000,1535,0.651466
img/bdw/9/bdw-0911.png,1000,1537,0.650618
img/bdw/9/bdw-0912.png,1000,1541,0.648929
img/bdw/9/bdw-0913.png,1000,1028,0.972763
img/bdw/9/bdw-0914.png,1000,1177,0.849618
img/bdw/9/bdw-0915.png,1000,1537,0.650618
img/bdw/9/bdw-0916.png,1000,1541,0.648929
img/bdw/9/bdw-0917.png,1000,1537,0.650618
img/bdw/9/bdw-0918.png,1000,1533,0.652316
img/bdw/9/bdw-0919.png,1000,1534,0.65189
img/bdw/9/bdw-0920.png,1000,1539,0.649773
img/bdw/9/bdw-0921.png,1000,1534,0.65189
img/bdw/9/bdw-0922.png,1000,1533,0.652316
img/bdw/9/bdw-0923.png,1000,1533,0.652316
img/bdw/9/bdw-0924.png,1000,1543,0.648088
img/bdw/9/bdw-0925.png,1000,1539,0.649773
img/bdw/9/bdw-0926.png,1000,1540,0.649351
img/bdw/9/bdw-0927.png,1000,1538,0.650195
img/bdw/9/bdw-0928.png,1000,1536,0.651042
img/bdw/9/bdw-0929.png,1000,1541,0.648929
img/bdw/9/bdw-0930.png,1000,1542,0.648508
img/bdw/9/bdw-0931.png,1000,1536,0.651042
img/bdw/9/bdw-0932.png,1000,1538,0.650195
img/bdw/9/bdw-0933.png,1000,1535,0.651466
img/bdw/9/bdw-0934.png,1000,1542,0.648508
img/bdw/9/bdw-0935.png,1000,1543,0.648088
img/bdw/9/bdw-0936.png,1000,1542,0.648508
img/bdw/9/bdw-0937.png,1000,1534,0.65189
img/bdw/9/bdw-0938.png,1000,1486,0.672948
img/bdw/9/bdw-0939.png,1000,1185,0.843882
img/bdw/9/bdw-0940.png,1000,1542,0.648508
img/bdw/9/bdw-0941.png,1000,1541,0.648929
img/bdw/9/bdw-0942.png,1000,1542,0.648508
img/bdw/9/bdw-0943.png,1000,1538,0.650195
img/bdw/9/bdw-0944.png,1000,1537,0.650618
img/bdw/9/bdw-0945.png,1000,1539,0.649773
img/bdw/9/bdw-0946.png,1000,1546,0.646831
img/bdw/9/bdw-0947.png,1000,1534,0.65189
img/bdw/9/bdw-0948.png,1000,1538,0.650195
img/bdw/9/bdw-0949.png,1000,1537,0.650618
img/bdw/9/bdw-0950.png,1000,1543,0.648088
img/bdw/9/bdw-0951.png,1000,1543,0.648088
img/bdw/9/bdw-0952.png,1000,1528,0.65445
img/bdw/9/bdw-0953.png,1000,1538,0.650195
img/bdw/9/bdw-0954.png,1000,1547,0.646412
img/bdw/9/bdw-0955.png,1000,1539,0.649773
img/bdw/9/bdw-0956.png,1000,1542,0.648508
img/bdw/9/bdw-0957.png,1000,1540,0.649351
img/bdw/9/bdw-0958.png,1000,1541,0.648929
img/bdw/9/bdw-0959.png,1000,1500,0.666667
img/bdw/9/bdw-0960.png,1000,1544,0.647668
img/bdw/9/bdw-0961.png,1000,1549,0.645578
img/bdw/9/bdw-0962.png,1000,1543,0.648088
img/bdw/9/bdw-0963.png,1000,1536,0.651042
img/bdw/9/bdw-0964.png,1000,1542,0.648508
img/bdw/9/bdw-0965.png,1000,1542,0.648508
img/bdw/9/bdw-0966.png,1000,1540,0.649351
img/bdw/9/bdw-0967.png,1000,1546,0.646831
img/bdw/9/bdw-0968.png,1000,1545,0.647249
img/bdw/9/bdw-0969.png,1000,1542,0.648508
img/bdw/9/bdw-0970.png,1000,1540,0.649351
img/bdw/9/bdw-0971.png,1000,1533,0.652316
img/bdw/9/bdw-0972.png,1000,1537,0.650618
img/bdw/9/bdw-0973.png,1000,1542,0.648508
img/bdw/9/bdw-0974.png,1000,1541,0.648929
img/bdw/9/bdw-0975.png,1000,1541,0.648929
img/bdw/9/bdw-0976.png,1000,1541,0.648929
img/bdw/9/bdw-0977.png,1000,548,1.82482
img/bdw/9/bdw-0978.png,1000,1214,0.823723
img/bdw/9/bdw-0979.png,1000,1536,0.651042
img/bdw/9/bdw-0980.png,1000,1539,0.649773
img/bdw/9/bdw-0981.png,1000,1546,0.646831
img/bdw/9/bdw-0982.png,1000,1540,0.649351
img/bdw/9/bdw-0983.png,1000,1539,0.649773
img/bdw/9/bdw-0984.png,1000,626,1.59744
img/bdw/9/bdw-0985.png,1000,79,12.6582
img/bdw/9/bdw-0986.png,1000,616,1.62338
img/bdw/9/bdw-0987.png,1000,1545,0.647249
img/bdw/9/bdw-0988.png,1000,1527,0.654879
img/bdw/9/bdw-0989.png,1000,1518,0.658762
img/bdw/9/bdw-0990.png,1000,1591,0.628536
img/bdw/9/bdw-0991.png,1000,1653,0.604961
img/bdw/9/bdw-0992.png,1000,1587,0.63012
img/bdw/9/bdw-0993.png,1000,1630,0.613497
img/bdw/9/bdw-0994.png,1000,1107,0.903342
img/bdw/9/bdw-0995.png,1000,1533,0.652316
img/bdw/9/bdw-0996.png,1000,1667,0.59988
img/bdw/9/bdw-0997.png,1000,1528,0.65445
