img/ha/0/ha-0001.png,1,1,1
img/ha/0/ha-0002.png,1000,1826,0.547645
img/ha/0/ha-0003.png,1,1,1
img/ha/0/ha-0004.png,740,612,1.20915
img/ha/0/ha-0005.png,1000,1000,1
img/ha/0/ha-0006.png,356,392,0.908163
img/ha/0/ha-0007.png,952,1008,0.944444
img/ha/0/ha-0008.png,556,32,17.375
img/ha/0/ha-0009.png,1000,1907,0.524384
img/ha/0/ha-0010.png,1,1,1
img/ha/0/ha-0011.png,1000,1736,0.576037
img/ha/0/ha-0012.png,1000,1671,0.598444
img/ha/0/ha-0013.png,1000,1733,0.577034
img/ha/0/ha-0014.png,1000,1730,0.578035
img/ha/0/ha-0015.png,1000,1701,0.587889
img/ha/0/ha-0016.png,1000,1255,0.796813
img/ha/0/ha-0017.png,1000,1453,0.688231
img/ha/0/ha-0018.png,1000,1584,0.631313
img/ha/0/ha-0019.png,1000,1362,0.734214
img/ha/0/ha-0020.png,1000,1715,0.58309
img/ha/0/ha-0021.png,1000,1628,0.614251
img/ha/0/ha-0022.png,1000,1687,0.592768
img/ha/0/ha-0023.png,1000,1710,0.584795
img/ha/0/ha-0024.png,1000,1712,0.584112
img/ha/0/ha-0025.png,1000,1707,0.585823
img/ha/0/ha-0026.png,1000,1717,0.582411
img/ha/0/ha-0027.png,1000,1722,0.58072
img/ha/0/ha-0028.png,1000,1714,0.583431
img/ha/0/ha-0029.png,1000,1721,0.581058
img/ha/0/ha-0030.png,1000,1709,0.585138
img/ha/0/ha-0031.png,1000,1724,0.580046
img/ha/0/ha-0032.png,1000,1727,0.579039
img/ha/0/ha-0033.png,1000,1723,0.580383
img/ha/0/ha-0034.png,1000,1735,0.576369
img/ha/0/ha-0035.png,1000,1727,0.579039
img/ha/0/ha-0036.png,1000,1723,0.580383
img/ha/0/ha-0037.png,1000,1741,0.574383
img/ha/0/ha-0038.png,1000,1580,0.632911
img/ha/0/ha-0039.png,1000,1698,0.588928
img/ha/0/ha-0040.png,1000,1706,0.586166
img/ha/0/ha-0041.png,1000,1708,0.58548
img/ha/0/ha-0042.png,1000,1722,0.58072
img/ha/0/ha-0043.png,1000,1717,0.582411
img/ha/0/ha-0044.png,1000,1464,0.68306
img/ha/0/ha-0045.png,1000,1720,0.581395
img/ha/0/ha-0046.png,1000,1706,0.586166
img/ha/0/ha-0047.png,1000,1707,0.585823
img/ha/0/ha-0048.png,1000,1700,0.588235
img/ha/0/ha-0049.png,1000,1714,0.583431
img/ha/0/ha-0050.png,1000,1706,0.586166
img/ha/0/ha-0051.png,1000,1712,0.584112
img/ha/0/ha-0052.png,1000,1723,0.580383
img/ha/0/ha-0053.png,1000,1734,0.576701
img/ha/0/ha-0054.png,1000,1699,0.588582
img/ha/0/ha-0055.png,1000,1732,0.577367
img/ha/0/ha-0056.png,1000,1714,0.583431
img/ha/0/ha-0057.png,1000,1713,0.583771
img/ha/0/ha-0058.png,1000,1711,0.584454
img/ha/0/ha-0059.png,1000,1735,0.576369
img/ha/0/ha-0060.png,1000,1715,0.58309
img/ha/0/ha-0061.png,1000,1725,0.57971
img/ha/0/ha-0062.png,1000,1721,0.581058
img/ha/0/ha-0063.png,1000,1730,0.578035
img/ha/0/ha-0064.png,1000,1714,0.583431
img/ha/0/ha-0065.png,1000,1712,0.584112
img/ha/0/ha-0066.png,1000,1723,0.580383
img/ha/0/ha-0067.png,1000,1716,0.582751
img/ha/0/ha-0068.png,1000,1704,0.586854
img/ha/0/ha-0069.png,1000,1766,0.566251
img/ha/0/ha-0070.png,1000,1730,0.578035
img/ha/0/ha-0071.png,1000,1715,0.58309
img/ha/0/ha-0072.png,1000,1450,0.689655
img/ha/0/ha-0073.png,1000,1611,0.620732
img/ha/0/ha-0074.png,1000,1741,0.574383
img/ha/0/ha-0075.png,1000,1740,0.574713
img/ha/0/ha-0076.png,1000,1740,0.574713
img/ha/0/ha-0077.png,1000,1735,0.576369
img/ha/0/ha-0078.png,1000,1707,0.585823
img/ha/0/ha-0079.png,1000,1711,0.584454
img/ha/0/ha-0080.png,1000,1709,0.585138
img/ha/0/ha-0081.png,1000,1713,0.583771
img/ha/0/ha-0082.png,1000,1443,0.693001
img/ha/0/ha-0083.png,1000,1597,0.626174
img/ha/0/ha-0084.png,1000,1717,0.582411
img/ha/0/ha-0085.png,1000,1714,0.583431
img/ha/0/ha-0086.png,1000,1721,0.581058
img/ha/0/ha-0087.png,1000,1722,0.58072
img/ha/0/ha-0088.png,1000,1712,0.584112
img/ha/0/ha-0089.png,1000,1726,0.579374
img/ha/0/ha-0090.png,1000,1716,0.582751
img/ha/0/ha-0091.png,1000,1444,0.692521
img/ha/0/ha-0092.png,1000,1617,0.618429
img/ha/0/ha-0093.png,1000,1734,0.576701
img/ha/0/ha-0094.png,1000,1710,0.584795
img/ha/0/ha-0095.png,1000,1712,0.584112
img/ha/0/ha-0096.png,1000,1717,0.582411
img/ha/0/ha-0097.png,1000,1728,0.578704
img/ha/0/ha-0098.png,1000,1714,0.583431
img/ha/0/ha-0099.png,1000,1727,0.579039
img/ha/1/ha-0100.png,1000,1707,0.585823
img/ha/1/ha-0101.png,1000,1720,0.581395
img/ha/1/ha-0102.png,1000,1720,0.581395
img/ha/1/ha-0103.png,1000,1718,0.582072
img/ha/1/ha-0104.png,1000,1723,0.580383
img/ha/1/ha-0105.png,1000,1698,0.588928
img/ha/1/ha-0106.png,1000,1707,0.585823
img/ha/1/ha-0107.png,1000,1708,0.58548
img/ha/1/ha-0108.png,1000,1707,0.585823
img/ha/1/ha-0109.png,1000,1723,0.580383
img/ha/1/ha-0110.png,1000,1715,0.58309
img/ha/1/ha-0111.png,1000,1711,0.584454
img/ha/1/ha-0112.png,1000,1712,0.584112
img/ha/1/ha-0113.png,1000,1720,0.581395
img/ha/1/ha-0114.png,1000,1711,0.584454
img/ha/1/ha-0115.png,1000,1726,0.579374
img/ha/1/ha-0116.png,1000,1700,0.588235
img/ha/1/ha-0117.png,1000,1713,0.583771
img/ha/1/ha-0118.png,1000,1720,0.581395
img/ha/1/ha-0119.png,1000,1736,0.576037
img/ha/1/ha-0120.png,1000,1711,0.584454
img/ha/1/ha-0121.png,1000,1719,0.581734
img/ha/1/ha-0122.png,1000,1282,0.780031
img/ha/1/ha-0123.png,1000,1496,0.668449
img/ha/1/ha-0124.png,1000,1716,0.582751
img/ha/1/ha-0125.png,1000,1729,0.578369
img/ha/1/ha-0126.png,1000,1699,0.588582
img/ha/1/ha-0127.png,1000,1695,0.589971
img/ha/1/ha-0128.png,1000,1662,0.601685
img/ha/1/ha-0129.png,1000,1729,0.578369
img/ha/1/ha-0130.png,1000,1727,0.579039
img/ha/1/ha-0131.png,1000,1712,0.584112
img/ha/1/ha-0132.png,1000,1709,0.585138
img/ha/1/ha-0133.png,1000,1721,0.581058
img/ha/1/ha-0134.png,1000,1728,0.578704
img/ha/1/ha-0135.png,1000,1732,0.577367
img/ha/1/ha-0136.png,1000,1714,0.583431
img/ha/1/ha-0137.png,1000,1717,0.582411
img/ha/1/ha-0138.png,1000,1720,0.581395
img/ha/1/ha-0139.png,1000,1720,0.581395
img/ha/1/ha-0140.png,1000,1717,0.582411
img/ha/1/ha-0141.png,1000,1735,0.576369
img/ha/1/ha-0142.png,1000,1450,0.689655
img/ha/1/ha-0143.png,1000,1732,0.577367
img/ha/1/ha-0144.png,1000,1715,0.58309
img/ha/1/ha-0145.png,1000,1712,0.584112
img/ha/1/ha-0146.png,1000,1726,0.579374
img/ha/1/ha-0147.png,1000,1718,0.582072
img/ha/1/ha-0148.png,1000,1714,0.583431
img/ha/1/ha-0149.png,1000,1721,0.581058
img/ha/1/ha-0150.png,1000,1721,0.581058
img/ha/1/ha-0151.png,1000,1714,0.583431
img/ha/1/ha-0152.png,1000,1660,0.60241
img/ha/1/ha-0153.png,1000,1721,0.581058
img/ha/1/ha-0154.png,1000,1728,0.578704
img/ha/1/ha-0155.png,1000,1466,0.682128
img/ha/1/ha-0156.png,1000,1712,0.584112
img/ha/1/ha-0157.png,1000,1740,0.574713
img/ha/1/ha-0158.png,1000,1656,0.603865
img/ha/1/ha-0159.png,1000,1714,0.583431
img/ha/1/ha-0160.png,1000,1706,0.586166
img/ha/1/ha-0161.png,1000,1718,0.582072
img/ha/1/ha-0162.png,1000,1724,0.580046
img/ha/1/ha-0163.png,1000,1723,0.580383
img/ha/1/ha-0164.png,1000,1691,0.591366
img/ha/1/ha-0165.png,1000,1510,0.662252
img/ha/1/ha-0166.png,1000,1604,0.623441
img/ha/1/ha-0167.png,1000,1722,0.58072
img/ha/1/ha-0168.png,1000,1712,0.584112
img/ha/1/ha-0169.png,1000,1688,0.592417
img/ha/1/ha-0170.png,1000,1699,0.588582
img/ha/1/ha-0171.png,1000,1709,0.585138
img/ha/1/ha-0172.png,1000,1713,0.583771
img/ha/1/ha-0173.png,1000,1735,0.576369
img/ha/1/ha-0174.png,1000,1698,0.588928
img/ha/1/ha-0175.png,1000,1710,0.584795
img/ha/1/ha-0176.png,1000,1711,0.584454
img/ha/1/ha-0177.png,1000,1716,0.582751
img/ha/1/ha-0178.png,1000,1709,0.585138
img/ha/1/ha-0179.png,1000,1724,0.580046
img/ha/1/ha-0180.png,1000,1702,0.587544
img/ha/1/ha-0181.png,1000,1731,0.577701
img/ha/1/ha-0182.png,1000,1709,0.585138
img/ha/1/ha-0183.png,1000,1712,0.584112
img/ha/1/ha-0184.png,1000,1727,0.579039
img/ha/1/ha-0185.png,1000,1665,0.600601
img/ha/1/ha-0186.png,1000,1713,0.583771
img/ha/1/ha-0187.png,1000,1719,0.581734
img/ha/1/ha-0188.png,1000,1719,0.581734
img/ha/1/ha-0189.png,1000,1726,0.579374
img/ha/1/ha-0190.png,1000,1713,0.583771
img/ha/1/ha-0191.png,1000,1697,0.589275
img/ha/1/ha-0192.png,1000,1705,0.58651
img/ha/1/ha-0193.png,1000,1707,0.585823
img/ha/1/ha-0194.png,1000,1704,0.586854
img/ha/1/ha-0195.png,1000,1707,0.585823
img/ha/1/ha-0196.png,1000,1707,0.585823
img/ha/1/ha-0197.png,1000,1716,0.582751
img/ha/1/ha-0198.png,1000,1705,0.58651
img/ha/1/ha-0199.png,1000,1710,0.584795
img/ha/2/ha-0200.png,1000,1712,0.584112
img/ha/2/ha-0201.png,1000,1710,0.584795
img/ha/2/ha-0202.png,1000,1700,0.588235
img/ha/2/ha-0203.png,1000,1704,0.586854
img/ha/2/ha-0204.png,1000,1697,0.589275
img/ha/2/ha-0205.png,1000,974,1.02669
img/ha/2/ha-0206.png,1000,1589,0.629327
img/ha/2/ha-0207.png,1000,1713,0.583771
img/ha/2/ha-0208.png,1000,1711,0.584454
img/ha/2/ha-0209.png,1000,1733,0.577034
img/ha/2/ha-0210.png,1000,1720,0.581395
img/ha/2/ha-0211.png,1000,1720,0.581395
img/ha/2/ha-0212.png,1000,1719,0.581734
img/ha/2/ha-0213.png,1000,1717,0.582411
img/ha/2/ha-0214.png,1000,1709,0.585138
img/ha/2/ha-0215.png,1000,1708,0.58548
img/ha/2/ha-0216.png,1000,1722,0.58072
img/ha/2/ha-0217.png,1000,1711,0.584454
img/ha/2/ha-0218.png,1000,1704,0.586854
img/ha/2/ha-0219.png,1000,1711,0.584454
img/ha/2/ha-0220.png,1000,1714,0.583431
img/ha/2/ha-0221.png,1000,1735,0.576369
img/ha/2/ha-0222.png,1000,1701,0.587889
img/ha/2/ha-0223.png,1000,1712,0.584112
img/ha/2/ha-0224.png,1000,1708,0.58548
img/ha/2/ha-0225.png,1000,1718,0.582072
img/ha/2/ha-0226.png,1000,1708,0.58548
img/ha/2/ha-0227.png,1000,1711,0.584454
img/ha/2/ha-0228.png,1000,1697,0.589275
img/ha/2/ha-0229.png,1000,1704,0.586854
img/ha/2/ha-0230.png,1000,1713,0.583771
img/ha/2/ha-0231.png,1000,1722,0.58072
img/ha/2/ha-0232.png,1000,1713,0.583771
img/ha/2/ha-0233.png,1000,1702,0.587544
img/ha/2/ha-0234.png,1000,1700,0.588235
img/ha/2/ha-0235.png,1000,1714,0.583431
img/ha/2/ha-0236.png,1000,1422,0.703235
img/ha/2/ha-0237.png,1000,1615,0.619195
img/ha/2/ha-0238.png,1000,1701,0.587889
img/ha/2/ha-0239.png,1000,1721,0.581058
img/ha/2/ha-0240.png,1000,1713,0.583771
img/ha/2/ha-0241.png,1000,1734,0.576701
img/ha/2/ha-0242.png,1000,1716,0.582751
img/ha/2/ha-0243.png,1000,1717,0.582411
img/ha/2/ha-0244.png,1000,1696,0.589623
img/ha/2/ha-0245.png,1000,1620,0.617284
img/ha/2/ha-0246.png,1000,1501,0.666223
img/ha/2/ha-0247.png,1000,1729,0.578369
img/ha/2/ha-0248.png,1000,1716,0.582751
img/ha/2/ha-0249.png,1000,1703,0.587199
img/ha/2/ha-0250.png,1000,1705,0.58651
img/ha/2/ha-0251.png,1000,1722,0.58072
img/ha/2/ha-0252.png,1000,1729,0.578369
img/ha/2/ha-0253.png,1000,1744,0.573394
img/ha/2/ha-0254.png,1000,1692,0.591017
img/ha/2/ha-0255.png,1000,1714,0.583431
img/ha/2/ha-0256.png,1000,1662,0.601685
img/ha/2/ha-0257.png,1000,1717,0.582411
img/ha/2/ha-0258.png,1000,1735,0.576369
img/ha/2/ha-0259.png,1000,1722,0.58072
img/ha/2/ha-0260.png,1000,1663,0.601323
img/ha/2/ha-0261.png,1000,1665,0.600601
img/ha/2/ha-0262.png,1000,1715,0.58309
img/ha/2/ha-0263.png,1000,1720,0.581395
img/ha/2/ha-0264.png,1000,1726,0.579374
img/ha/2/ha-0265.png,1000,1713,0.583771
img/ha/2/ha-0266.png,1000,1716,0.582751
img/ha/2/ha-0267.png,1000,1718,0.582072
img/ha/2/ha-0268.png,1000,1720,0.581395
img/ha/2/ha-0269.png,1000,1732,0.577367
img/ha/2/ha-0270.png,1000,1701,0.587889
img/ha/2/ha-0271.png,1000,1707,0.585823
img/ha/2/ha-0272.png,1000,1715,0.58309
img/ha/2/ha-0273.png,1000,1719,0.581734
img/ha/2/ha-0274.png,1000,1716,0.582751
img/ha/2/ha-0275.png,1000,1716,0.582751
img/ha/2/ha-0276.png,1000,1721,0.581058
img/ha/2/ha-0277.png,1000,1720,0.581395
img/ha/2/ha-0278.png,1000,1725,0.57971
img/ha/2/ha-0279.png,1000,1726,0.579374
img/ha/2/ha-0280.png,1000,1710,0.584795
img/ha/2/ha-0281.png,1000,1718,0.582072
img/ha/2/ha-0282.png,1000,1704,0.586854
img/ha/2/ha-0283.png,1000,1715,0.58309
img/ha/2/ha-0284.png,1000,1717,0.582411
img/ha/2/ha-0285.png,1000,1684,0.593824
img/ha/2/ha-0286.png,1000,1710,0.584795
img/ha/2/ha-0287.png,1000,1702,0.587544
img/ha/2/ha-0288.png,1000,1701,0.587889
img/ha/2/ha-0289.png,1000,1468,0.681199
img/ha/2/ha-0290.png,1000,1707,0.585823
img/ha/2/ha-0291.png,1000,1716,0.582751
img/ha/2/ha-0292.png,1000,1709,0.585138
img/ha/2/ha-0293.png,1000,1579,0.633312
img/ha/2/ha-0294.png,1000,1499,0.667111
img/ha/2/ha-0295.png,1000,1663,0.601323
img/ha/2/ha-0296.png,1000,1722,0.58072
img/ha/2/ha-0297.png,1000,1715,0.58309
img/ha/2/ha-0298.png,1000,1699,0.588582
img/ha/2/ha-0299.png,1000,1709,0.585138
img/ha/3/ha-0300.png,1000,1704,0.586854
img/ha/3/ha-0301.png,1000,1767,0.565931
img/ha/3/ha-0302.png,1000,1736,0.576037
img/ha/3/ha-0303.png,1000,1733,0.577034
img/ha/3/ha-0304.png,1000,1734,0.576701
img/ha/3/ha-0305.png,1000,1729,0.578369
img/ha/3/ha-0306.png,1000,1718,0.582072
img/ha/3/ha-0307.png,1000,1724,0.580046
img/ha/3/ha-0308.png,1000,1737,0.575705
img/ha/3/ha-0309.png,1000,1735,0.576369
img/ha/3/ha-0310.png,1000,1739,0.575043
img/ha/3/ha-0311.png,1000,1731,0.577701
img/ha/3/ha-0312.png,1000,1725,0.57971
img/ha/3/ha-0313.png,1000,1728,0.578704
img/ha/3/ha-0314.png,1000,1727,0.579039
img/ha/3/ha-0315.png,1000,1726,0.579374
img/ha/3/ha-0316.png,1000,1597,0.626174
img/ha/3/ha-0317.png,1000,1729,0.578369
img/ha/3/ha-0318.png,1000,1703,0.587199
img/ha/3/ha-0319.png,1000,1700,0.588235
img/ha/3/ha-0320.png,1000,1678,0.595948
img/ha/3/ha-0321.png,1000,1705,0.58651
img/ha/3/ha-0322.png,1000,1714,0.583431
img/ha/3/ha-0323.png,1000,1704,0.586854
img/ha/3/ha-0324.png,1000,1701,0.587889
img/ha/3/ha-0325.png,1000,1710,0.584795
img/ha/3/ha-0326.png,1000,1709,0.585138
img/ha/3/ha-0327.png,1000,1703,0.587199
img/ha/3/ha-0328.png,1000,1721,0.581058
img/ha/3/ha-0329.png,1000,1703,0.587199
img/ha/3/ha-0330.png,1000,1708,0.58548
img/ha/3/ha-0331.png,1000,1713,0.583771
img/ha/3/ha-0332.png,1000,1681,0.594884
img/ha/3/ha-0333.png,1000,1730,0.578035
img/ha/3/ha-0334.png,1000,1695,0.589971
img/ha/3/ha-0335.png,1000,1694,0.590319
img/ha/3/ha-0336.png,1000,1703,0.587199
img/ha/3/ha-0337.png,1000,1668,0.59952
img/ha/3/ha-0338.png,1000,1710,0.584795
img/ha/3/ha-0339.png,1000,1695,0.589971
img/ha/3/ha-0340.png,1000,1704,0.586854
img/ha/3/ha-0341.png,1000,1720,0.581395
img/ha/3/ha-0342.png,1000,1706,0.586166
img/ha/3/ha-0343.png,1000,1714,0.583431
img/ha/3/ha-0344.png,1000,1712,0.584112
img/ha/3/ha-0345.png,1000,1712,0.584112
img/ha/3/ha-0346.png,1000,1705,0.58651
img/ha/3/ha-0347.png,1000,1709,0.585138
img/ha/3/ha-0348.png,1000,1710,0.584795
img/ha/3/ha-0349.png,1000,1738,0.575374
img/ha/3/ha-0350.png,1000,1712,0.584112
img/ha/3/ha-0351.png,1000,1713,0.583771
img/ha/3/ha-0352.png,1000,1711,0.584454
img/ha/3/ha-0353.png,1000,1724,0.580046
img/ha/3/ha-0354.png,1000,1707,0.585823
img/ha/3/ha-0355.png,1000,1709,0.585138
img/ha/3/ha-0356.png,1000,1705,0.58651
img/ha/3/ha-0357.png,1000,1724,0.580046
img/ha/3/ha-0358.png,1000,1710,0.584795
img/ha/3/ha-0359.png,1000,1713,0.583771
img/ha/3/ha-0360.png,1000,1610,0.621118
img/ha/3/ha-0361.png,1000,1710,0.584795
img/ha/3/ha-0362.png,1000,1712,0.584112
img/ha/3/ha-0363.png,1000,1723,0.580383
img/ha/3/ha-0364.png,1000,1717,0.582411
img/ha/3/ha-0365.png,1000,1722,0.58072
img/ha/3/ha-0366.png,1000,1689,0.592066
img/ha/3/ha-0367.png,1000,1714,0.583431
img/ha/3/ha-0368.png,1000,1719,0.581734
img/ha/3/ha-0369.png,1000,1711,0.584454
img/ha/3/ha-0370.png,1000,1710,0.584795
img/ha/3/ha-0371.png,1000,1707,0.585823
img/ha/3/ha-0372.png,1000,1705,0.58651
img/ha/3/ha-0373.png,1000,1719,0.581734
img/ha/3/ha-0374.png,1000,1713,0.583771
img/ha/3/ha-0375.png,1000,1712,0.584112
img/ha/3/ha-0376.png,1000,1726,0.579374
img/ha/3/ha-0377.png,1000,1710,0.584795
img/ha/3/ha-0378.png,1000,1703,0.587199
img/ha/3/ha-0379.png,1000,1704,0.586854
img/ha/3/ha-0380.png,1000,1706,0.586166
img/ha/3/ha-0381.png,1000,1737,0.575705
img/ha/3/ha-0382.png,1000,1713,0.583771
img/ha/3/ha-0383.png,1000,1717,0.582411
img/ha/3/ha-0384.png,1000,1713,0.583771
img/ha/3/ha-0385.png,1000,1725,0.57971
img/ha/3/ha-0386.png,1000,1719,0.581734
img/ha/3/ha-0387.png,1000,1711,0.584454
img/ha/3/ha-0388.png,1000,1720,0.581395
img/ha/3/ha-0389.png,1000,1717,0.582411
img/ha/3/ha-0390.png,1000,1706,0.586166
img/ha/3/ha-0391.png,1000,1720,0.581395
img/ha/3/ha-0392.png,1000,1708,0.58548
img/ha/3/ha-0393.png,1000,1704,0.586854
img/ha/3/ha-0394.png,1000,1702,0.587544
img/ha/3/ha-0395.png,1000,1703,0.587199
img/ha/3/ha-0396.png,1000,1703,0.587199
img/ha/3/ha-0397.png,1000,1722,0.58072
img/ha/3/ha-0398.png,1000,1659,0.602773
img/ha/3/ha-0399.png,1000,1704,0.586854
img/ha/4/ha-0400.png,1000,1714,0.583431
img/ha/4/ha-0401.png,1000,1716,0.582751
img/ha/4/ha-0402.png,1000,1705,0.58651
img/ha/4/ha-0403.png,1000,1712,0.584112
img/ha/4/ha-0404.png,1000,1704,0.586854
img/ha/4/ha-0405.png,1000,1722,0.58072
img/ha/4/ha-0406.png,1000,1711,0.584454
img/ha/4/ha-0407.png,1000,1706,0.586166
img/ha/4/ha-0408.png,1000,1722,0.58072
img/ha/4/ha-0409.png,1000,1718,0.582072
img/ha/4/ha-0410.png,1000,1697,0.589275
img/ha/4/ha-0411.png,1000,1711,0.584454
img/ha/4/ha-0412.png,1000,1700,0.588235
img/ha/4/ha-0413.png,1000,1727,0.579039
img/ha/4/ha-0414.png,1000,1704,0.586854
img/ha/4/ha-0415.png,1000,1710,0.584795
img/ha/4/ha-0416.png,1000,1705,0.58651
img/ha/4/ha-0417.png,1000,1690,0.591716
img/ha/4/ha-0418.png,1000,1710,0.584795
img/ha/4/ha-0419.png,1000,1716,0.582751
img/ha/4/ha-0420.png,1000,1698,0.588928
img/ha/4/ha-0421.png,1000,1713,0.583771
img/ha/4/ha-0422.png,1000,1706,0.586166
img/ha/4/ha-0423.png,1000,1643,0.608643
img/ha/4/ha-0424.png,1000,1608,0.621891
img/ha/4/ha-0425.png,1000,1708,0.58548
img/ha/4/ha-0426.png,1000,1707,0.585823
img/ha/4/ha-0427.png,1000,1712,0.584112
img/ha/4/ha-0428.png,1000,1705,0.58651
img/ha/4/ha-0429.png,1000,1719,0.581734
img/ha/4/ha-0430.png,1000,1651,0.605694
img/ha/4/ha-0431.png,1000,1708,0.58548
img/ha/4/ha-0432.png,1000,1717,0.582411
img/ha/4/ha-0433.png,1000,1720,0.581395
img/ha/4/ha-0434.png,1000,1705,0.58651
img/ha/4/ha-0435.png,1000,1712,0.584112
img/ha/4/ha-0436.png,1000,1162,0.860585
img/ha/4/ha-0437.png,1000,1622,0.616523
img/ha/4/ha-0438.png,1000,1711,0.584454
img/ha/4/ha-0439.png,1000,1719,0.581734
img/ha/4/ha-0440.png,1000,1723,0.580383
img/ha/4/ha-0441.png,1000,1708,0.58548
img/ha/4/ha-0442.png,1000,1708,0.58548
img/ha/4/ha-0443.png,1000,1714,0.583431
img/ha/4/ha-0444.png,1000,1702,0.587544
img/ha/4/ha-0445.png,1000,1734,0.576701
img/ha/4/ha-0446.png,1000,1701,0.587889
img/ha/4/ha-0447.png,1000,1710,0.584795
img/ha/4/ha-0448.png,1000,1712,0.584112
img/ha/4/ha-0449.png,1000,1711,0.584454
img/ha/4/ha-0450.png,1000,1711,0.584454
img/ha/4/ha-0451.png,1000,1713,0.583771
img/ha/4/ha-0452.png,1000,1703,0.587199
img/ha/4/ha-0453.png,1000,1715,0.58309
img/ha/4/ha-0454.png,1000,1716,0.582751
img/ha/4/ha-0455.png,1000,1712,0.584112
img/ha/4/ha-0456.png,1000,1640,0.609756
img/ha/4/ha-0457.png,1000,1603,0.62383
img/ha/4/ha-0458.png,1000,1699,0.588582
img/ha/4/ha-0459.png,1000,1713,0.583771
img/ha/4/ha-0460.png,1000,1319,0.75815
img/ha/4/ha-0461.png,1000,1619,0.617665
img/ha/4/ha-0462.png,1000,1705,0.58651
img/ha/4/ha-0463.png,1000,1704,0.586854
img/ha/4/ha-0464.png,1000,1709,0.585138
img/ha/4/ha-0465.png,1000,1715,0.58309
img/ha/4/ha-0466.png,1000,1685,0.593472
img/ha/4/ha-0467.png,1000,1710,0.584795
img/ha/4/ha-0468.png,1000,1699,0.588582
img/ha/4/ha-0469.png,1000,1721,0.581058
img/ha/4/ha-0470.png,1000,1713,0.583771
img/ha/4/ha-0471.png,1000,1711,0.584454
img/ha/4/ha-0472.png,1000,1708,0.58548
img/ha/4/ha-0473.png,1000,1710,0.584795
img/ha/4/ha-0474.png,1000,1705,0.58651
img/ha/4/ha-0475.png,1000,1715,0.58309
img/ha/4/ha-0476.png,1000,1712,0.584112
img/ha/4/ha-0477.png,1000,1722,0.58072
img/ha/4/ha-0478.png,1000,1699,0.588582
img/ha/4/ha-0479.png,1000,1703,0.587199
img/ha/4/ha-0480.png,1000,1702,0.587544
img/ha/4/ha-0481.png,1000,1723,0.580383
img/ha/4/ha-0482.png,1000,1731,0.577701
img/ha/4/ha-0483.png,1000,1708,0.58548
img/ha/4/ha-0484.png,1000,1702,0.587544
img/ha/4/ha-0485.png,1000,1728,0.578704
img/ha/4/ha-0486.png,1000,1716,0.582751
img/ha/4/ha-0487.png,1000,1699,0.588582
img/ha/4/ha-0488.png,1000,1705,0.58651
img/ha/4/ha-0489.png,1000,1714,0.583431
img/ha/4/ha-0490.png,1000,1704,0.586854
img/ha/4/ha-0491.png,1000,1709,0.585138
img/ha/4/ha-0492.png,1000,1713,0.583771
img/ha/4/ha-0493.png,1000,1723,0.580383
img/ha/4/ha-0494.png,1000,1709,0.585138
img/ha/4/ha-0495.png,1000,1709,0.585138
img/ha/4/ha-0496.png,1000,1705,0.58651
img/ha/4/ha-0497.png,1000,1701,0.587889
img/ha/4/ha-0498.png,1000,1698,0.588928
img/ha/4/ha-0499.png,1000,1697,0.589275
img/ha/5/ha-0500.png,1000,1692,0.591017
img/ha/5/ha-0501.png,1000,1705,0.58651
img/ha/5/ha-0502.png,1000,1717,0.582411
img/ha/5/ha-0503.png,1000,1706,0.586166
img/ha/5/ha-0504.png,1000,1714,0.583431
img/ha/5/ha-0505.png,1000,1708,0.58548
img/ha/5/ha-0506.png,1000,1695,0.589971
img/ha/5/ha-0507.png,1000,1712,0.584112
img/ha/5/ha-0508.png,1000,1708,0.58548
img/ha/5/ha-0509.png,1000,1735,0.576369
img/ha/5/ha-0510.png,1000,1700,0.588235
img/ha/5/ha-0511.png,1000,1699,0.588582
img/ha/5/ha-0512.png,1000,1706,0.586166
img/ha/5/ha-0513.png,1000,1696,0.589623
img/ha/5/ha-0514.png,1000,1693,0.590667
img/ha/5/ha-0515.png,1000,1660,0.60241
img/ha/5/ha-0516.png,1000,1703,0.587199
img/ha/5/ha-0517.png,1000,1706,0.586166
img/ha/5/ha-0518.png,1000,1705,0.58651
img/ha/5/ha-0519.png,1000,1707,0.585823
img/ha/5/ha-0520.png,1000,1700,0.588235
img/ha/5/ha-0521.png,1000,1698,0.588928
img/ha/5/ha-0522.png,1000,1715,0.58309
img/ha/5/ha-0523.png,1000,1708,0.58548
img/ha/5/ha-0524.png,1000,1708,0.58548
img/ha/5/ha-0525.png,1000,1717,0.582411
img/ha/5/ha-0526.png,1000,1496,0.668449
img/ha/5/ha-0527.png,1000,1604,0.623441
img/ha/5/ha-0528.png,1000,1697,0.589275
img/ha/5/ha-0529.png,1000,1654,0.604595
img/ha/5/ha-0530.png,1000,1703,0.587199
img/ha/5/ha-0531.png,1000,1722,0.58072
img/ha/5/ha-0532.png,1000,1696,0.589623
img/ha/5/ha-0533.png,1000,1708,0.58548
img/ha/5/ha-0534.png,1000,1715,0.58309
img/ha/5/ha-0535.png,1000,1702,0.587544
img/ha/5/ha-0536.png,1000,1703,0.587199
img/ha/5/ha-0537.png,1000,1717,0.582411
img/ha/5/ha-0538.png,1000,1700,0.588235
img/ha/5/ha-0539.png,1000,1703,0.587199
img/ha/5/ha-0540.png,1000,1724,0.580046
img/ha/5/ha-0541.png,1000,1718,0.582072
img/ha/5/ha-0542.png,1000,1699,0.588582
img/ha/5/ha-0543.png,1000,1684,0.593824
img/ha/5/ha-0544.png,1000,1652,0.605327
img/ha/5/ha-0545.png,1000,1702,0.587544
img/ha/5/ha-0546.png,1000,1708,0.58548
img/ha/5/ha-0547.png,1000,1721,0.581058
img/ha/5/ha-0548.png,1000,1698,0.588928
img/ha/5/ha-0549.png,1000,1706,0.586166
img/ha/5/ha-0550.png,1000,1715,0.58309
img/ha/5/ha-0551.png,1000,1715,0.58309
img/ha/5/ha-0552.png,1000,1705,0.58651
img/ha/5/ha-0553.png,1000,1699,0.588582
img/ha/5/ha-0554.png,1000,1715,0.58309
img/ha/5/ha-0555.png,1000,1720,0.581395
img/ha/5/ha-0556.png,1000,1704,0.586854
img/ha/5/ha-0557.png,1000,1732,0.577367
img/ha/5/ha-0558.png,1000,1713,0.583771
img/ha/5/ha-0559.png,1000,1708,0.58548
img/ha/5/ha-0560.png,1000,1709,0.585138
img/ha/5/ha-0561.png,1000,1711,0.584454
img/ha/5/ha-0562.png,1000,1713,0.583771
img/ha/5/ha-0563.png,1000,1734,0.576701
img/ha/5/ha-0564.png,1000,1715,0.58309
img/ha/5/ha-0565.png,1000,1708,0.58548
img/ha/5/ha-0566.png,1000,1719,0.581734
img/ha/5/ha-0567.png,1000,1715,0.58309
img/ha/5/ha-0568.png,1000,1722,0.58072
img/ha/5/ha-0569.png,1000,1706,0.586166
img/ha/5/ha-0570.png,1000,1713,0.583771
img/ha/5/ha-0571.png,1000,1724,0.580046
img/ha/5/ha-0572.png,1000,1725,0.57971
img/ha/5/ha-0573.png,1000,1732,0.577367
img/ha/5/ha-0574.png,1000,1705,0.58651
img/ha/5/ha-0575.png,1000,1698,0.588928
img/ha/5/ha-0576.png,1000,1713,0.583771
img/ha/5/ha-0577.png,1000,1701,0.587889
img/ha/5/ha-0578.png,1000,1704,0.586854
img/ha/5/ha-0579.png,1000,1717,0.582411
img/ha/5/ha-0580.png,1000,1711,0.584454
img/ha/5/ha-0581.png,1000,1700,0.588235
img/ha/5/ha-0582.png,1000,1710,0.584795
img/ha/5/ha-0583.png,1000,1724,0.580046
img/ha/5/ha-0584.png,1000,1720,0.581395
img/ha/5/ha-0585.png,1000,1706,0.586166
img/ha/5/ha-0586.png,1000,1711,0.584454
img/ha/5/ha-0587.png,1000,1715,0.58309
img/ha/5/ha-0588.png,1000,1709,0.585138
img/ha/5/ha-0589.png,1000,1738,0.575374
img/ha/5/ha-0590.png,1000,1693,0.590667
img/ha/5/ha-0591.png,1000,1704,0.586854
img/ha/5/ha-0592.png,1000,1701,0.587889
img/ha/5/ha-0593.png,1000,1714,0.583431
img/ha/5/ha-0594.png,1000,1470,0.680272
img/ha/5/ha-0595.png,1000,1606,0.622665
img/ha/5/ha-0596.png,1000,1700,0.588235
img/ha/5/ha-0597.png,1000,1698,0.588928
img/ha/5/ha-0598.png,1000,1706,0.586166
img/ha/5/ha-0599.png,1000,1700,0.588235
img/ha/6/ha-0600.png,1000,1721,0.581058
img/ha/6/ha-0601.png,1000,1712,0.584112
img/ha/6/ha-0602.png,1000,1713,0.583771
img/ha/6/ha-0603.png,1000,1711,0.584454
img/ha/6/ha-0604.png,1000,1712,0.584112
img/ha/6/ha-0605.png,1000,1736,0.576037
img/ha/6/ha-0606.png,1000,1708,0.58548
img/ha/6/ha-0607.png,1000,1721,0.581058
img/ha/6/ha-0608.png,1000,1696,0.589623
img/ha/6/ha-0609.png,1000,1710,0.584795
img/ha/6/ha-0610.png,1000,1711,0.584454
img/ha/6/ha-0611.png,1000,1712,0.584112
img/ha/6/ha-0612.png,1000,1709,0.585138
img/ha/6/ha-0613.png,1000,1689,0.592066
img/ha/6/ha-0614.png,1000,1704,0.586854
img/ha/6/ha-0615.png,1000,1694,0.590319
img/ha/6/ha-0616.png,1000,1702,0.587544
img/ha/6/ha-0617.png,1000,1696,0.589623
img/ha/6/ha-0618.png,1000,1705,0.58651
img/ha/6/ha-0619.png,1000,1724,0.580046
img/ha/6/ha-0620.png,1000,1701,0.587889
img/ha/6/ha-0621.png,1000,1723,0.580383
img/ha/6/ha-0622.png,1000,1704,0.586854
img/ha/6/ha-0623.png,1000,1715,0.58309
img/ha/6/ha-0624.png,1000,1683,0.594177
img/ha/6/ha-0625.png,1000,1707,0.585823
img/ha/6/ha-0626.png,1000,1719,0.581734
img/ha/6/ha-0627.png,1000,1718,0.582072
img/ha/6/ha-0628.png,1000,1699,0.588582
img/ha/6/ha-0629.png,1000,1707,0.585823
img/ha/6/ha-0630.png,1000,1711,0.584454
img/ha/6/ha-0631.png,1000,1714,0.583431
img/ha/6/ha-0632.png,1000,1705,0.58651
img/ha/6/ha-0633.png,1000,1702,0.587544
img/ha/6/ha-0634.png,1000,1712,0.584112
img/ha/6/ha-0635.png,1000,1710,0.584795
img/ha/6/ha-0636.png,1000,1710,0.584795
img/ha/6/ha-0637.png,1000,1712,0.584112
img/ha/6/ha-0638.png,1000,1702,0.587544
img/ha/6/ha-0639.png,1000,1686,0.59312
img/ha/6/ha-0640.png,1000,1707,0.585823
img/ha/6/ha-0641.png,1000,1711,0.584454
img/ha/6/ha-0642.png,1000,1709,0.585138
img/ha/6/ha-0643.png,1000,1715,0.58309
img/ha/6/ha-0644.png,1000,1697,0.589275
img/ha/6/ha-0645.png,1000,1699,0.588582
img/ha/6/ha-0646.png,1000,1708,0.58548
img/ha/6/ha-0647.png,1000,1700,0.588235
img/ha/6/ha-0648.png,1000,1712,0.584112
img/ha/6/ha-0649.png,1000,1704,0.586854
img/ha/6/ha-0650.png,1000,1187,0.84246
img/ha/6/ha-0651.png,1000,1614,0.619579
img/ha/6/ha-0652.png,1000,1704,0.586854
img/ha/6/ha-0653.png,1000,1731,0.577701
img/ha/6/ha-0654.png,1000,1689,0.592066
img/ha/6/ha-0655.png,1000,1658,0.603136
img/ha/6/ha-0656.png,1000,1702,0.587544
img/ha/6/ha-0657.png,1000,1713,0.583771
img/ha/6/ha-0658.png,1000,1704,0.586854
img/ha/6/ha-0659.png,1000,1662,0.601685
img/ha/6/ha-0660.png,1000,1712,0.584112
img/ha/6/ha-0661.png,1000,1721,0.581058
img/ha/6/ha-0662.png,1000,1730,0.578035
img/ha/6/ha-0663.png,1000,1707,0.585823
img/ha/6/ha-0664.png,1000,1715,0.58309
img/ha/6/ha-0665.png,1000,1718,0.582072
img/ha/6/ha-0666.png,1000,1709,0.585138
img/ha/6/ha-0667.png,1000,1720,0.581395
img/ha/6/ha-0668.png,1000,1715,0.58309
img/ha/6/ha-0669.png,1000,1730,0.578035
img/ha/6/ha-0670.png,1000,1662,0.601685
img/ha/6/ha-0671.png,1000,1712,0.584112
img/ha/6/ha-0672.png,1000,1702,0.587544
img/ha/6/ha-0673.png,1000,1723,0.580383
img/ha/6/ha-0674.png,1000,1699,0.588582
img/ha/6/ha-0675.png,1000,1707,0.585823
img/ha/6/ha-0676.png,1000,1716,0.582751
img/ha/6/ha-0677.png,1000,1728,0.578704
img/ha/6/ha-0678.png,1000,1715,0.58309
img/ha/6/ha-0679.png,1000,1655,0.60423
img/ha/6/ha-0680.png,1000,1723,0.580383
img/ha/6/ha-0681.png,1000,1718,0.582072
img/ha/6/ha-0682.png,1000,1725,0.57971
img/ha/6/ha-0683.png,1000,1719,0.581734
img/ha/6/ha-0684.png,1000,1245,0.803213
img/ha/6/ha-0685.png,1000,1492,0.670241
img/ha/6/ha-0686.png,1000,1709,0.585138
img/ha/6/ha-0687.png,1000,1711,0.584454
img/ha/6/ha-0688.png,1000,1703,0.587199
img/ha/6/ha-0689.png,1000,1712,0.584112
img/ha/6/ha-0690.png,1000,1706,0.586166
img/ha/6/ha-0691.png,1000,1713,0.583771
img/ha/6/ha-0692.png,1000,1700,0.588235
img/ha/6/ha-0693.png,1000,1694,0.590319
img/ha/6/ha-0694.png,1000,1709,0.585138
img/ha/6/ha-0695.png,1000,1463,0.683527
img/ha/6/ha-0696.png,1000,1715,0.58309
img/ha/6/ha-0697.png,1000,1692,0.591017
img/ha/6/ha-0698.png,1000,1710,0.584795
img/ha/6/ha-0699.png,1000,1648,0.606796
img/ha/7/ha-0700.png,1000,1703,0.587199
img/ha/7/ha-0701.png,1000,1729,0.578369
img/ha/7/ha-0702.png,1000,1711,0.584454
img/ha/7/ha-0703.png,1000,1691,0.591366
img/ha/7/ha-0704.png,1000,1712,0.584112
img/ha/7/ha-0705.png,1000,1703,0.587199
img/ha/7/ha-0706.png,1000,1714,0.583431
img/ha/7/ha-0707.png,1000,1723,0.580383
img/ha/7/ha-0708.png,1000,1691,0.591366
img/ha/7/ha-0709.png,1000,1706,0.586166
img/ha/7/ha-0710.png,1000,1713,0.583771
img/ha/7/ha-0711.png,1000,1712,0.584112
img/ha/7/ha-0712.png,1000,1718,0.582072
img/ha/7/ha-0713.png,1000,1727,0.579039
img/ha/7/ha-0714.png,1000,1704,0.586854
img/ha/7/ha-0715.png,1000,1713,0.583771
img/ha/7/ha-0716.png,1000,1399,0.714796
img/ha/7/ha-0717.png,1000,1512,0.661376
img/ha/7/ha-0718.png,1000,1712,0.584112
img/ha/7/ha-0719.png,1000,1698,0.588928
img/ha/7/ha-0720.png,1000,1693,0.590667
img/ha/7/ha-0721.png,1000,1710,0.584795
img/ha/7/ha-0722.png,1000,1701,0.587889
img/ha/7/ha-0723.png,1000,1670,0.598802
img/ha/7/ha-0724.png,1000,1715,0.58309
img/ha/7/ha-0725.png,1000,1722,0.58072
img/ha/7/ha-0726.png,1000,1736,0.576037
img/ha/7/ha-0727.png,1000,1715,0.58309
img/ha/7/ha-0728.png,1000,1726,0.579374
img/ha/7/ha-0729.png,1000,1702,0.587544
img/ha/7/ha-0730.png,1000,1704,0.586854
img/ha/7/ha-0731.png,1000,1714,0.583431
img/ha/7/ha-0732.png,1000,1706,0.586166
img/ha/7/ha-0733.png,1000,1726,0.579374
img/ha/7/ha-0734.png,1000,1690,0.591716
img/ha/7/ha-0735.png,1000,1452,0.688705
img/ha/7/ha-0736.png,1000,1701,0.587889
img/ha/7/ha-0737.png,1000,1709,0.585138
img/ha/7/ha-0738.png,1000,1707,0.585823
img/ha/7/ha-0739.png,1000,1710,0.584795
img/ha/7/ha-0740.png,1000,1652,0.605327
img/ha/7/ha-0741.png,1000,1704,0.586854
img/ha/7/ha-0742.png,1000,1718,0.582072
img/ha/7/ha-0743.png,1000,1724,0.580046
img/ha/7/ha-0744.png,1000,1706,0.586166
img/ha/7/ha-0745.png,1000,1704,0.586854
img/ha/7/ha-0746.png,1000,1665,0.600601
img/ha/7/ha-0747.png,1000,1703,0.587199
img/ha/7/ha-0748.png,1000,1702,0.587544
img/ha/7/ha-0749.png,1000,1717,0.582411
img/ha/7/ha-0750.png,1000,1707,0.585823
img/ha/7/ha-0751.png,1000,1707,0.585823
img/ha/7/ha-0752.png,1000,1703,0.587199
img/ha/7/ha-0753.png,1000,1711,0.584454
img/ha/7/ha-0754.png,1000,1710,0.584795
img/ha/7/ha-0755.png,1000,1715,0.58309
img/ha/7/ha-0756.png,1000,1708,0.58548
img/ha/7/ha-0757.png,1000,1712,0.584112
img/ha/7/ha-0758.png,1000,1704,0.586854
img/ha/7/ha-0759.png,1000,1711,0.584454
img/ha/7/ha-0760.png,1000,1715,0.58309
img/ha/7/ha-0761.png,1000,1712,0.584112
img/ha/7/ha-0762.png,1000,1714,0.583431
img/ha/7/ha-0763.png,1000,1718,0.582072
img/ha/7/ha-0764.png,1000,1714,0.583431
img/ha/7/ha-0765.png,1000,1736,0.576037
img/ha/7/ha-0766.png,1000,1720,0.581395
img/ha/7/ha-0767.png,1000,1709,0.585138
img/ha/7/ha-0768.png,1000,1709,0.585138
img/ha/7/ha-0769.png,1000,1721,0.581058
img/ha/7/ha-0770.png,1000,1711,0.584454
img/ha/7/ha-0771.png,1000,1713,0.583771
img/ha/7/ha-0772.png,1000,1698,0.588928
img/ha/7/ha-0773.png,1000,1708,0.58548
img/ha/7/ha-0774.png,1000,1723,0.580383
img/ha/7/ha-0775.png,1000,1718,0.582072
img/ha/7/ha-0776.png,1000,1729,0.578369
img/ha/7/ha-0777.png,1000,1710,0.584795
img/ha/7/ha-0778.png,1000,1719,0.581734
img/ha/7/ha-0779.png,1000,1713,0.583771
img/ha/7/ha-0780.png,1000,1728,0.578704
img/ha/7/ha-0781.png,1000,1713,0.583771
img/ha/7/ha-0782.png,1000,1708,0.58548
img/ha/7/ha-0783.png,1000,1709,0.585138
img/ha/7/ha-0784.png,1000,1713,0.583771
img/ha/7/ha-0785.png,1000,1706,0.586166
img/ha/7/ha-0786.png,1000,1699,0.588582
img/ha/7/ha-0787.png,1000,1715,0.58309
img/ha/7/ha-0788.png,1000,1710,0.584795
img/ha/7/ha-0789.png,1000,1716,0.582751
img/ha/7/ha-0790.png,1000,1711,0.584454
img/ha/7/ha-0791.png,1000,1713,0.583771
img/ha/7/ha-0792.png,1000,1718,0.582072
img/ha/7/ha-0793.png,1000,1711,0.584454
img/ha/7/ha-0794.png,1000,1704,0.586854
img/ha/7/ha-0795.png,1000,1696,0.589623
img/ha/7/ha-0796.png,1000,1708,0.58548
img/ha/7/ha-0797.png,1000,1727,0.579039
img/ha/7/ha-0798.png,1000,1702,0.587544
img/ha/7/ha-0799.png,1000,1699,0.588582
img/ha/8/ha-0800.png,1000,1704,0.586854
img/ha/8/ha-0801.png,1000,1708,0.58548
img/ha/8/ha-0802.png,1000,1693,0.590667
img/ha/8/ha-0803.png,1000,1708,0.58548
img/ha/8/ha-0804.png,1000,1700,0.588235
img/ha/8/ha-0805.png,1000,1702,0.587544
img/ha/8/ha-0806.png,1000,1708,0.58548
img/ha/8/ha-0807.png,1000,1700,0.588235
img/ha/8/ha-0808.png,1000,1709,0.585138
img/ha/8/ha-0809.png,1000,1714,0.583431
img/ha/8/ha-0810.png,1000,1719,0.581734
img/ha/8/ha-0811.png,1000,1722,0.58072
img/ha/8/ha-0812.png,1000,1709,0.585138
img/ha/8/ha-0813.png,1000,1722,0.58072
img/ha/8/ha-0814.png,1000,1703,0.587199
img/ha/8/ha-0815.png,1000,1699,0.588582
img/ha/8/ha-0816.png,1000,1699,0.588582
img/ha/8/ha-0817.png,1000,1703,0.587199
img/ha/8/ha-0818.png,1000,1696,0.589623
img/ha/8/ha-0819.png,1000,1711,0.584454
img/ha/8/ha-0820.png,1000,1708,0.58548
img/ha/8/ha-0821.png,1000,1461,0.684463
img/ha/8/ha-0822.png,1000,1705,0.58651
img/ha/8/ha-0823.png,1000,1695,0.589971
img/ha/8/ha-0824.png,1000,1707,0.585823
img/ha/8/ha-0825.png,1000,1710,0.584795
img/ha/8/ha-0826.png,1000,1713,0.583771
img/ha/8/ha-0827.png,1000,1719,0.581734
img/ha/8/ha-0828.png,1000,1711,0.584454
img/ha/8/ha-0829.png,1000,1722,0.58072
img/ha/8/ha-0830.png,1000,1649,0.606428
img/ha/8/ha-0831.png,1000,1697,0.589275
img/ha/8/ha-0832.png,1000,1699,0.588582
img/ha/8/ha-0833.png,1000,1695,0.589971
img/ha/8/ha-0834.png,1000,1708,0.58548
img/ha/8/ha-0835.png,1000,1716,0.582751
img/ha/8/ha-0836.png,1000,1704,0.586854
img/ha/8/ha-0837.png,1000,1691,0.591366
img/ha/8/ha-0838.png,1000,1708,0.58548
img/ha/8/ha-0839.png,1000,1704,0.586854
img/ha/8/ha-0840.png,1000,1716,0.582751
img/ha/8/ha-0841.png,1000,1707,0.585823
img/ha/8/ha-0842.png,1000,1706,0.586166
img/ha/8/ha-0843.png,1000,1708,0.58548
img/ha/8/ha-0844.png,1000,1680,0.595238
img/ha/8/ha-0845.png,1000,1720,0.581395
img/ha/8/ha-0846.png,1000,1713,0.583771
img/ha/8/ha-0847.png,1000,1696,0.589623
img/ha/8/ha-0848.png,1000,1706,0.586166
img/ha/8/ha-0849.png,1000,1721,0.581058
img/ha/8/ha-0850.png,1000,1704,0.586854
img/ha/8/ha-0851.png,1000,1717,0.582411
img/ha/8/ha-0852.png,1000,1708,0.58548
img/ha/8/ha-0853.png,1000,1462,0.683995
img/ha/8/ha-0854.png,1000,1704,0.586854
img/ha/8/ha-0855.png,1000,1451,0.68918
img/ha/8/ha-0856.png,1000,1719,0.581734
img/ha/8/ha-0857.png,1000,1658,0.603136
img/ha/8/ha-0858.png,1000,1726,0.579374
img/ha/8/ha-0859.png,1000,1710,0.584795
img/ha/8/ha-0860.png,1000,1710,0.584795
img/ha/8/ha-0861.png,1000,1733,0.577034
img/ha/8/ha-0862.png,1000,1724,0.580046
img/ha/8/ha-0863.png,1000,1712,0.584112
img/ha/8/ha-0864.png,1000,1720,0.581395
img/ha/8/ha-0865.png,1000,1724,0.580046
img/ha/8/ha-0866.png,1000,1718,0.582072
img/ha/8/ha-0867.png,1000,1717,0.582411
img/ha/8/ha-0868.png,1000,1703,0.587199
img/ha/8/ha-0869.png,1000,1720,0.581395
img/ha/8/ha-0870.png,1000,1721,0.581058
img/ha/8/ha-0871.png,1000,1723,0.580383
img/ha/8/ha-0872.png,1000,1725,0.57971
img/ha/8/ha-0873.png,1000,1728,0.578704
img/ha/8/ha-0874.png,1000,1717,0.582411
img/ha/8/ha-0875.png,1000,1726,0.579374
img/ha/8/ha-0876.png,1000,1725,0.57971
img/ha/8/ha-0877.png,1000,1734,0.576701
img/ha/8/ha-0878.png,1000,1711,0.584454
img/ha/8/ha-0879.png,1000,1717,0.582411
img/ha/8/ha-0880.png,1000,1710,0.584795
img/ha/8/ha-0881.png,1000,1463,0.683527
img/ha/8/ha-0882.png,1000,1701,0.587889
img/ha/8/ha-0883.png,1000,1718,0.582072
img/ha/8/ha-0884.png,1000,1706,0.586166
img/ha/8/ha-0885.png,1000,1711,0.584454
img/ha/8/ha-0886.png,1000,1703,0.587199
img/ha/8/ha-0887.png,1000,1706,0.586166
img/ha/8/ha-0888.png,1000,1718,0.582072
img/ha/8/ha-0889.png,1000,1715,0.58309
img/ha/8/ha-0890.png,1000,1718,0.582072
img/ha/8/ha-0891.png,1000,1708,0.58548
img/ha/8/ha-0892.png,1000,1710,0.584795
img/ha/8/ha-0893.png,1000,1733,0.577034
img/ha/8/ha-0894.png,1000,1714,0.583431
img/ha/8/ha-0895.png,1000,1463,0.683527
img/ha/8/ha-0896.png,1000,1704,0.586854
img/ha/8/ha-0897.png,1000,1707,0.585823
img/ha/8/ha-0898.png,1000,1699,0.588582
img/ha/8/ha-0899.png,1000,1722,0.58072
img/ha/9/ha-0900.png,1000,1712,0.584112
img/ha/9/ha-0901.png,1000,1716,0.582751
img/ha/9/ha-0902.png,1000,1724,0.580046
img/ha/9/ha-0903.png,1000,1717,0.582411
img/ha/9/ha-0904.png,1000,1716,0.582751
img/ha/9/ha-0905.png,1000,1711,0.584454
img/ha/9/ha-0906.png,1000,1713,0.583771
img/ha/9/ha-0907.png,1000,1710,0.584795
img/ha/9/ha-0908.png,1000,1722,0.58072
img/ha/9/ha-0909.png,1000,1728,0.578704
img/ha/9/ha-0910.png,1000,1722,0.58072
img/ha/9/ha-0911.png,1000,1424,0.702247
img/ha/9/ha-0912.png,1000,1608,0.621891
img/ha/9/ha-0913.png,1000,1728,0.578704
img/ha/9/ha-0914.png,1000,1735,0.576369
img/ha/9/ha-0915.png,1000,1722,0.58072
img/ha/9/ha-0916.png,1000,1718,0.582072
img/ha/9/ha-0917.png,1000,1733,0.577034
img/ha/9/ha-0918.png,784,352,2.22727
img/ha/9/ha-0919.png,1000,1727,0.579039
img/ha/9/ha-0920.png,1000,1698,0.588928
img/ha/9/ha-0921.png,1000,1733,0.577034
img/ha/9/ha-0922.png,1000,1725,0.57971
img/ha/9/ha-0923.png,1000,2548,0.392465
img/ha/9/ha-0924.png,1000,1712,0.584112
img/ha/9/ha-0925.png,1000,2391,0.418235
img/ha/9/ha-0926.png,1000,2419,0.413394
img/ha/9/ha-0927.png,1000,2616,0.382263
img/ha/9/ha-0928.png,1000,1749,0.571755
img/ha/9/ha-0929.png,1000,1444,0.692521
img/ha/9/ha-0930.png,996,2056,0.484436
img/ha/9/ha-0931.png,1,1,1
img/ha/9/ha-0932.png,1,1,1
img/ha/9/ha-0933.png,1,1,1
img/ha/9/ha-0934.png,1,1,1
img/ha/9/ha-0935.png,1,1,1
img/ha/9/ha-0936.png,1,1,1
