img/hw4/0/hw4-0001.png,1000,853,1.17233
img/hw4/0/hw4-0002.png,1000,33,30.303
img/hw4/0/hw4-0003.png,1000,1768,0.565611
img/hw4/0/hw4-0004.png,1000,1613,0.619963
img/hw4/0/hw4-0005.png,1000,1628,0.614251
img/hw4/0/hw4-0006.png,1000,1625,0.615385
img/hw4/0/hw4-0007.png,1000,1633,0.61237
img/hw4/0/hw4-0008.png,1000,1634,0.611995
img/hw4/0/hw4-0009.png,1000,1632,0.612745
img/hw4/0/hw4-0010.png,1000,1631,0.613121
img/hw4/0/hw4-0011.png,1000,1633,0.61237
img/hw4/0/hw4-0012.png,1000,1632,0.612745
img/hw4/0/hw4-0013.png,1000,1000,1
img/hw4/0/hw4-0014.png,1000,1357,0.73692
img/hw4/0/hw4-0015.png,1000,1548,0.645995
img/hw4/0/hw4-0016.png,1000,1630,0.613497
img/hw4/0/hw4-0017.png,1000,1548,0.645995
img/hw4/0/hw4-0018.png,1000,1633,0.61237
img/hw4/0/hw4-0019.png,1000,1612,0.620347
img/hw4/0/hw4-0020.png,1000,1624,0.615764
img/hw4/0/hw4-0021.png,1000,1626,0.615006
img/hw4/0/hw4-0022.png,1000,1625,0.615385
img/hw4/0/hw4-0023.png,1000,1622,0.616523
img/hw4/0/hw4-0024.png,1000,1623,0.616143
img/hw4/0/hw4-0025.png,1000,1631,0.613121
img/hw4/0/hw4-0026.png,1000,1626,0.615006
img/hw4/0/hw4-0027.png,1000,1626,0.615006
img/hw4/0/hw4-0028.png,1000,1621,0.616903
img/hw4/0/hw4-0029.png,1000,1625,0.615385
img/hw4/0/hw4-0030.png,1000,1747,0.57241
img/hw4/0/hw4-0031.png,1000,1627,0.614628
img/hw4/0/hw4-0032.png,1000,1625,0.615385
img/hw4/0/hw4-0033.png,1000,1626,0.615006
img/hw4/0/hw4-0034.png,1000,1624,0.615764
img/hw4/0/hw4-0035.png,1000,1619,0.617665
img/hw4/0/hw4-0036.png,1000,1627,0.614628
img/hw4/0/hw4-0037.png,1000,1628,0.614251
img/hw4/0/hw4-0038.png,1000,1623,0.616143
img/hw4/0/hw4-0039.png,1000,1628,0.614251
img/hw4/0/hw4-0040.png,1000,1625,0.615385
img/hw4/0/hw4-0041.png,1000,1621,0.616903
img/hw4/0/hw4-0042.png,1000,1625,0.615385
img/hw4/0/hw4-0043.png,1000,1638,0.610501
img/hw4/0/hw4-0044.png,1000,1633,0.61237
img/hw4/0/hw4-0045.png,1000,1638,0.610501
img/hw4/0/hw4-0046.png,1000,1632,0.612745
img/hw4/0/hw4-0047.png,1000,1626,0.615006
img/hw4/0/hw4-0048.png,1000,1633,0.61237
img/hw4/0/hw4-0049.png,1000,1632,0.612745
img/hw4/0/hw4-0050.png,1000,1732,0.577367
img/hw4/0/hw4-0051.png,1000,1634,0.611995
img/hw4/0/hw4-0052.png,1000,1620,0.617284
img/hw4/0/hw4-0053.png,1000,1623,0.616143
img/hw4/0/hw4-0054.png,1000,1624,0.615764
img/hw4/0/hw4-0055.png,1000,1629,0.613874
img/hw4/0/hw4-0056.png,1000,1630,0.613497
img/hw4/0/hw4-0057.png,1000,1622,0.616523
img/hw4/0/hw4-0058.png,1000,1623,0.616143
img/hw4/0/hw4-0059.png,1000,1620,0.617284
img/hw4/0/hw4-0060.png,1000,1683,0.594177
img/hw4/0/hw4-0061.png,1000,1627,0.614628
img/hw4/0/hw4-0062.png,1000,1747,0.57241
img/hw4/0/hw4-0063.png,1000,1629,0.613874
img/hw4/0/hw4-0064.png,1000,1621,0.616903
img/hw4/0/hw4-0065.png,1000,1617,0.618429
img/hw4/0/hw4-0066.png,1000,1759,0.568505
img/hw4/0/hw4-0067.png,1000,1616,0.618812
img/hw4/0/hw4-0068.png,1000,1623,0.616143
img/hw4/0/hw4-0069.png,1000,1617,0.618429
img/hw4/0/hw4-0070.png,1000,1620,0.617284
img/hw4/0/hw4-0071.png,1000,1622,0.616523
img/hw4/0/hw4-0072.png,1000,1623,0.616143
img/hw4/0/hw4-0073.png,1000,1622,0.616523
img/hw4/0/hw4-0074.png,1000,1591,0.628536
img/hw4/0/hw4-0075.png,1000,1630,0.613497
img/hw4/0/hw4-0076.png,1000,1622,0.616523
img/hw4/0/hw4-0077.png,1000,1622,0.616523
img/hw4/0/hw4-0078.png,1000,1615,0.619195
img/hw4/0/hw4-0079.png,1000,1625,0.615385
img/hw4/0/hw4-0080.png,1000,1775,0.56338
img/hw4/0/hw4-0081.png,1000,1621,0.616903
img/hw4/0/hw4-0082.png,1000,1764,0.566893
img/hw4/0/hw4-0083.png,1000,1622,0.616523
img/hw4/0/hw4-0084.png,1000,1659,0.602773
img/hw4/0/hw4-0085.png,1000,1601,0.62461
img/hw4/0/hw4-0086.png,1000,1621,0.616903
img/hw4/0/hw4-0087.png,1000,1620,0.617284
img/hw4/0/hw4-0088.png,1000,1624,0.615764
img/hw4/0/hw4-0089.png,1000,1630,0.613497
img/hw4/0/hw4-0090.png,1000,1622,0.616523
img/hw4/0/hw4-0091.png,1000,1632,0.612745
img/hw4/0/hw4-0092.png,1000,1629,0.613874
img/hw4/0/hw4-0093.png,1000,1628,0.614251
img/hw4/0/hw4-0094.png,1000,1734,0.576701
img/hw4/0/hw4-0095.png,1000,1553,0.643915
img/hw4/0/hw4-0096.png,1000,1614,0.619579
img/hw4/0/hw4-0097.png,1000,1618,0.618047
img/hw4/0/hw4-0098.png,1000,1633,0.61237
img/hw4/0/hw4-0099.png,1000,1634,0.611995
img/hw4/10/hw4-1000.png,1000,1709,0.585138
img/hw4/10/hw4-1001.png,1000,1611,0.620732
img/hw4/10/hw4-1002.png,1000,1770,0.564972
img/hw4/10/hw4-1003.png,1000,1633,0.61237
img/hw4/10/hw4-1004.png,1000,1615,0.619195
img/hw4/10/hw4-1005.png,1000,1608,0.621891
img/hw4/10/hw4-1006.png,1000,1679,0.595593
img/hw4/10/hw4-1007.png,1000,1631,0.613121
img/hw4/10/hw4-1008.png,1000,1751,0.571102
img/hw4/10/hw4-1009.png,1000,1648,0.606796
img/hw4/10/hw4-1010.png,1000,1687,0.592768
img/hw4/10/hw4-1011.png,1000,1626,0.615006
img/hw4/10/hw4-1012.png,1000,1620,0.617284
img/hw4/10/hw4-1013.png,1000,1610,0.621118
img/hw4/10/hw4-1014.png,1000,1680,0.595238
img/hw4/10/hw4-1015.png,1000,1645,0.607903
img/hw4/10/hw4-1016.png,1000,1685,0.593472
img/hw4/10/hw4-1017.png,1000,1639,0.610128
img/hw4/10/hw4-1018.png,1000,1646,0.607533
img/hw4/10/hw4-1019.png,1000,1633,0.61237
img/hw4/10/hw4-1020.png,1000,1646,0.607533
img/hw4/10/hw4-1021.png,1000,1638,0.610501
img/hw4/10/hw4-1022.png,1000,1695,0.589971
img/hw4/10/hw4-1023.png,1000,1655,0.60423
img/hw4/10/hw4-1024.png,1000,1679,0.595593
img/hw4/10/hw4-1025.png,1000,1668,0.59952
img/hw4/10/hw4-1026.png,1000,1687,0.592768
img/hw4/10/hw4-1027.png,1000,1634,0.611995
img/hw4/10/hw4-1028.png,1000,1738,0.575374
img/hw4/10/hw4-1029.png,1000,1615,0.619195
img/hw4/10/hw4-1030.png,1000,1753,0.570451
img/hw4/10/hw4-1031.png,1000,1613,0.619963
img/hw4/10/hw4-1032.png,1000,1647,0.607165
img/hw4/10/hw4-1033.png,1000,1601,0.62461
img/hw4/10/hw4-1034.png,1000,1623,0.616143
img/hw4/10/hw4-1035.png,1000,1657,0.6035
img/hw4/10/hw4-1036.png,1000,1732,0.577367
img/hw4/10/hw4-1037.png,1000,1638,0.610501
img/hw4/10/hw4-1038.png,1000,1622,0.616523
img/hw4/10/hw4-1039.png,1000,1614,0.619579
img/hw4/10/hw4-1040.png,1000,1781,0.561482
img/hw4/10/hw4-1041.png,1000,1630,0.613497
img/hw4/10/hw4-1042.png,1000,1762,0.567537
img/hw4/10/hw4-1043.png,1000,1632,0.612745
img/hw4/10/hw4-1044.png,1000,1625,0.615385
img/hw4/10/hw4-1045.png,1000,1594,0.627353
img/hw4/10/hw4-1046.png,1000,1782,0.561167
img/hw4/10/hw4-1047.png,1000,1603,0.62383
img/hw4/10/hw4-1048.png,1000,1786,0.55991
img/hw4/10/hw4-1049.png,1000,1625,0.615385
img/hw4/10/hw4-1050.png,1000,1774,0.563698
img/hw4/10/hw4-1051.png,1000,1626,0.615006
img/hw4/10/hw4-1052.png,1000,1765,0.566572
img/hw4/10/hw4-1053.png,1000,1614,0.619579
img/hw4/10/hw4-1054.png,1000,1796,0.556793
img/hw4/10/hw4-1055.png,1000,1632,0.612745
img/hw4/10/hw4-1056.png,1000,1796,0.556793
img/hw4/10/hw4-1057.png,1000,1616,0.618812
img/hw4/10/hw4-1058.png,1000,1764,0.566893
img/hw4/10/hw4-1059.png,1000,1612,0.620347
img/hw4/10/hw4-1060.png,1000,1755,0.569801
img/hw4/10/hw4-1061.png,1000,1630,0.613497
img/hw4/10/hw4-1062.png,1000,1804,0.554324
img/hw4/10/hw4-1063.png,1000,1619,0.617665
img/hw4/10/hw4-1064.png,1000,1797,0.556483
img/hw4/10/hw4-1065.png,1000,1624,0.615764
img/hw4/10/hw4-1066.png,1000,1765,0.566572
img/hw4/10/hw4-1067.png,1000,1617,0.618429
img/hw4/10/hw4-1068.png,1000,1755,0.569801
img/hw4/10/hw4-1069.png,1000,1682,0.59453
img/hw4/10/hw4-1070.png,1000,1763,0.567215
img/hw4/10/hw4-1071.png,1000,1673,0.597729
img/hw4/10/hw4-1072.png,1000,1785,0.560224
img/hw4/10/hw4-1073.png,1000,1649,0.606428
img/hw4/10/hw4-1074.png,1000,1612,0.620347
img/hw4/10/hw4-1075.png,1000,1622,0.616523
img/hw4/10/hw4-1076.png,1000,1752,0.570776
img/hw4/10/hw4-1077.png,1000,1677,0.596303
img/hw4/10/hw4-1078.png,1000,1808,0.553097
img/hw4/10/hw4-1079.png,1000,1622,0.616523
img/hw4/10/hw4-1080.png,1000,1816,0.550661
img/hw4/10/hw4-1081.png,1000,1608,0.621891
img/hw4/10/hw4-1082.png,1000,1734,0.576701
img/hw4/10/hw4-1083.png,1000,1619,0.617665
img/hw4/10/hw4-1084.png,1000,1628,0.614251
img/hw4/10/hw4-1085.png,1000,1652,0.605327
img/hw4/10/hw4-1086.png,1000,1732,0.577367
img/hw4/10/hw4-1087.png,1000,1667,0.59988
img/hw4/10/hw4-1088.png,1000,1770,0.564972
img/hw4/10/hw4-1089.png,1000,1657,0.6035
img/hw4/10/hw4-1090.png,1000,1758,0.568828
img/hw4/10/hw4-1091.png,1000,1623,0.616143
img/hw4/10/hw4-1092.png,1000,1759,0.568505
img/hw4/10/hw4-1093.png,1000,1680,0.595238
img/hw4/10/hw4-1094.png,1000,1785,0.560224
img/hw4/10/hw4-1095.png,1000,1617,0.618429
img/hw4/10/hw4-1096.png,1000,1762,0.567537
img/hw4/10/hw4-1097.png,1000,1664,0.600962
img/hw4/10/hw4-1098.png,1000,1754,0.570125
img/hw4/10/hw4-1099.png,1000,1617,0.618429
img/hw4/11/hw4-1100.png,1000,1813,0.551572
img/hw4/11/hw4-1101.png,1000,1621,0.616903
img/hw4/11/hw4-1102.png,1000,1776,0.563063
img/hw4/11/hw4-1103.png,1000,1677,0.596303
img/hw4/11/hw4-1104.png,1000,1761,0.567859
img/hw4/11/hw4-1105.png,1000,1654,0.604595
img/hw4/11/hw4-1106.png,1000,1671,0.598444
img/hw4/11/hw4-1107.png,1000,1622,0.616523
img/hw4/11/hw4-1108.png,1000,1761,0.567859
img/hw4/11/hw4-1109.png,1000,1626,0.615006
img/hw4/11/hw4-1110.png,1000,1830,0.546448
img/hw4/11/hw4-1111.png,1000,1672,0.598086
img/hw4/11/hw4-1112.png,1000,1754,0.570125
img/hw4/11/hw4-1113.png,1000,1637,0.610874
img/hw4/11/hw4-1114.png,1000,1819,0.549753
img/hw4/11/hw4-1115.png,1000,1618,0.618047
img/hw4/11/hw4-1116.png,1000,1767,0.565931
img/hw4/11/hw4-1117.png,1000,1619,0.617665
img/hw4/11/hw4-1118.png,1000,1807,0.553403
img/hw4/11/hw4-1119.png,1000,1618,0.618047
img/hw4/11/hw4-1120.png,1000,1799,0.555864
img/hw4/11/hw4-1121.png,1000,1608,0.621891
img/hw4/11/hw4-1122.png,1000,1768,0.565611
img/hw4/11/hw4-1123.png,1000,1628,0.614251
img/hw4/11/hw4-1124.png,1000,1616,0.618812
img/hw4/11/hw4-1125.png,1000,1615,0.619195
img/hw4/11/hw4-1126.png,1000,1758,0.568828
img/hw4/11/hw4-1127.png,1000,1620,0.617284
img/hw4/11/hw4-1128.png,1000,1750,0.571429
img/hw4/11/hw4-1129.png,1000,1620,0.617284
img/hw4/11/hw4-1130.png,1000,1811,0.552181
img/hw4/11/hw4-1131.png,1000,1618,0.618047
img/hw4/11/hw4-1132.png,1000,1757,0.569152
img/hw4/11/hw4-1133.png,1000,1625,0.615385
img/hw4/11/hw4-1134.png,1000,1764,0.566893
img/hw4/11/hw4-1135.png,1000,1627,0.614628
img/hw4/11/hw4-1136.png,1000,1620,0.617284
img/hw4/11/hw4-1137.png,1000,1626,0.615006
img/hw4/11/hw4-1138.png,1000,1784,0.560538
img/hw4/11/hw4-1139.png,1000,1633,0.61237
img/hw4/11/hw4-1140.png,1000,1729,0.578369
img/hw4/11/hw4-1141.png,1000,1623,0.616143
img/hw4/11/hw4-1142.png,1000,1751,0.571102
img/hw4/11/hw4-1143.png,1000,1621,0.616903
img/hw4/11/hw4-1144.png,1000,1776,0.563063
img/hw4/11/hw4-1145.png,1000,1622,0.616523
img/hw4/11/hw4-1146.png,1000,1781,0.561482
img/hw4/11/hw4-1147.png,1000,1627,0.614628
img/hw4/11/hw4-1148.png,1000,1813,0.551572
img/hw4/11/hw4-1149.png,1000,1626,0.615006
img/hw4/11/hw4-1150.png,1000,1748,0.572082
img/hw4/11/hw4-1151.png,1000,1629,0.613874
img/hw4/11/hw4-1152.png,1000,1509,0.662691
img/hw4/11/hw4-1153.png,1000,1622,0.616523
img/hw4/11/hw4-1154.png,1000,1609,0.621504
img/hw4/11/hw4-1155.png,1000,1616,0.618812
img/hw4/11/hw4-1156.png,1000,1750,0.571429
img/hw4/11/hw4-1157.png,1000,1621,0.616903
img/hw4/11/hw4-1158.png,1000,1744,0.573394
img/hw4/11/hw4-1159.png,1000,1617,0.618429
img/hw4/11/hw4-1160.png,1000,1617,0.618429
img/hw4/11/hw4-1161.png,1000,1621,0.616903
img/hw4/11/hw4-1162.png,1000,1608,0.621891
img/hw4/11/hw4-1163.png,1000,1613,0.619963
img/hw4/11/hw4-1164.png,1000,1613,0.619963
img/hw4/11/hw4-1165.png,1000,1612,0.620347
img/hw4/11/hw4-1166.png,1000,1614,0.619579
img/hw4/11/hw4-1167.png,1000,1622,0.616523
img/hw4/11/hw4-1168.png,1000,1612,0.620347
img/hw4/11/hw4-1169.png,1000,1627,0.614628
img/hw4/11/hw4-1170.png,1000,1613,0.619963
img/hw4/11/hw4-1171.png,1000,1614,0.619579
img/hw4/11/hw4-1172.png,1000,1704,0.586854
img/hw4/11/hw4-1173.png,1000,1611,0.620732
img/hw4/11/hw4-1174.png,1000,1772,0.564334
img/hw4/11/hw4-1175.png,1000,1622,0.616523
img/hw4/11/hw4-1176.png,1000,1618,0.618047
img/hw4/11/hw4-1177.png,1000,1618,0.618047
img/hw4/11/hw4-1178.png,1000,1602,0.62422
img/hw4/11/hw4-1179.png,1000,1615,0.619195
img/hw4/11/hw4-1180.png,1000,1613,0.619963
img/hw4/11/hw4-1181.png,1000,1618,0.618047
img/hw4/11/hw4-1182.png,1000,1774,0.563698
img/hw4/11/hw4-1183.png,1000,1623,0.616143
img/hw4/11/hw4-1184.png,1000,1734,0.576701
img/hw4/11/hw4-1185.png,1000,1611,0.620732
img/hw4/11/hw4-1186.png,1000,1763,0.567215
img/hw4/11/hw4-1187.png,1000,1612,0.620347
img/hw4/11/hw4-1188.png,1000,1621,0.616903
img/hw4/11/hw4-1189.png,1000,1611,0.620732
img/hw4/11/hw4-1190.png,1000,1756,0.569476
img/hw4/11/hw4-1191.png,1000,1610,0.621118
img/hw4/11/hw4-1192.png,1000,1626,0.615006
img/hw4/11/hw4-1193.png,1000,1606,0.622665
img/hw4/11/hw4-1194.png,1000,1615,0.619195
img/hw4/11/hw4-1195.png,1000,1618,0.618047
img/hw4/11/hw4-1196.png,1000,1618,0.618047
img/hw4/11/hw4-1197.png,1000,1612,0.620347
img/hw4/11/hw4-1198.png,1000,1778,0.56243
img/hw4/11/hw4-1199.png,1000,1621,0.616903
img/hw4/12/hw4-1200.png,1000,1624,0.615764
img/hw4/12/hw4-1201.png,1000,1617,0.618429
img/hw4/12/hw4-1202.png,1000,1615,0.619195
img/hw4/12/hw4-1203.png,1000,1615,0.619195
img/hw4/12/hw4-1204.png,1000,1596,0.626566
img/hw4/12/hw4-1205.png,1000,1612,0.620347
img/hw4/12/hw4-1206.png,1000,1738,0.575374
img/hw4/12/hw4-1207.png,1000,1624,0.615764
img/hw4/12/hw4-1208.png,1000,1730,0.578035
img/hw4/12/hw4-1209.png,1000,1609,0.621504
img/hw4/12/hw4-1210.png,1000,1749,0.571755
img/hw4/12/hw4-1211.png,1000,1611,0.620732
img/hw4/12/hw4-1212.png,1000,1606,0.622665
img/hw4/12/hw4-1213.png,1000,1614,0.619579
img/hw4/12/hw4-1214.png,1000,1611,0.620732
img/hw4/12/hw4-1215.png,1000,1612,0.620347
img/hw4/12/hw4-1216.png,1000,1620,0.617284
img/hw4/12/hw4-1217.png,1000,1609,0.621504
img/hw4/12/hw4-1218.png,1000,1602,0.62422
img/hw4/12/hw4-1219.png,1000,1618,0.618047
img/hw4/12/hw4-1220.png,1000,1619,0.617665
img/hw4/12/hw4-1221.png,1000,1612,0.620347
img/hw4/12/hw4-1222.png,1000,1612,0.620347
img/hw4/12/hw4-1223.png,1000,1615,0.619195
img/hw4/12/hw4-1224.png,1000,1768,0.565611
img/hw4/12/hw4-1225.png,1000,1606,0.622665
img/hw4/12/hw4-1226.png,1000,1612,0.620347
img/hw4/12/hw4-1227.png,1000,1618,0.618047
img/hw4/12/hw4-1228.png,1000,1606,0.622665
img/hw4/12/hw4-1229.png,1000,1606,0.622665
img/hw4/12/hw4-1230.png,1000,1613,0.619963
img/hw4/12/hw4-1231.png,1000,1611,0.620732
img/hw4/12/hw4-1232.png,1000,1610,0.621118
img/hw4/12/hw4-1233.png,1000,1606,0.622665
img/hw4/12/hw4-1234.png,1000,1621,0.616903
img/hw4/12/hw4-1235.png,1000,1613,0.619963
img/hw4/12/hw4-1236.png,1000,1763,0.567215
img/hw4/12/hw4-1237.png,1000,1612,0.620347
img/hw4/12/hw4-1238.png,1000,1615,0.619195
img/hw4/12/hw4-1239.png,1000,1618,0.618047
img/hw4/12/hw4-1240.png,1000,1608,0.621891
img/hw4/12/hw4-1241.png,1000,1612,0.620347
img/hw4/12/hw4-1242.png,1000,1612,0.620347
img/hw4/12/hw4-1243.png,1000,1531,0.653168
img/hw4/12/hw4-1244.png,1000,1608,0.621891
img/hw4/12/hw4-1245.png,1000,1609,0.621504
img/hw4/12/hw4-1246.png,1000,1609,0.621504
img/hw4/12/hw4-1247.png,1000,1619,0.617665
img/hw4/12/hw4-1248.png,1000,1613,0.619963
img/hw4/12/hw4-1249.png,1000,1605,0.623053
img/hw4/12/hw4-1250.png,1000,1612,0.620347
img/hw4/12/hw4-1251.png,1000,1621,0.616903
img/hw4/12/hw4-1252.png,1000,1723,0.580383
img/hw4/12/hw4-1253.png,1000,1613,0.619963
img/hw4/12/hw4-1254.png,1000,1601,0.62461
img/hw4/12/hw4-1255.png,1000,1612,0.620347
img/hw4/12/hw4-1256.png,1000,1603,0.62383
img/hw4/12/hw4-1257.png,1000,1615,0.619195
img/hw4/12/hw4-1258.png,1000,1612,0.620347
img/hw4/12/hw4-1259.png,1000,1608,0.621891
img/hw4/12/hw4-1260.png,1000,1615,0.619195
img/hw4/12/hw4-1261.png,1000,1610,0.621118
img/hw4/12/hw4-1262.png,1000,1608,0.621891
img/hw4/12/hw4-1263.png,1000,1611,0.620732
img/hw4/12/hw4-1264.png,1000,1611,0.620732
img/hw4/12/hw4-1265.png,1000,1615,0.619195
img/hw4/12/hw4-1266.png,1000,1605,0.623053
img/hw4/12/hw4-1267.png,1000,1611,0.620732
img/hw4/12/hw4-1268.png,1000,1606,0.622665
img/hw4/12/hw4-1269.png,1000,1610,0.621118
img/hw4/12/hw4-1270.png,1000,1616,0.618812
img/hw4/12/hw4-1271.png,1000,1621,0.616903
img/hw4/12/hw4-1272.png,1000,1613,0.619963
img/hw4/12/hw4-1273.png,1000,1616,0.618812
img/hw4/12/hw4-1274.png,1000,1617,0.618429
img/hw4/12/hw4-1275.png,1000,1624,0.615764
img/hw4/12/hw4-1276.png,1000,1617,0.618429
img/hw4/12/hw4-1277.png,1000,1619,0.617665
img/hw4/12/hw4-1278.png,1000,1615,0.619195
img/hw4/12/hw4-1279.png,1000,1613,0.619963
img/hw4/12/hw4-1280.png,1000,1612,0.620347
img/hw4/12/hw4-1281.png,1000,1612,0.620347
img/hw4/12/hw4-1282.png,1000,1598,0.625782
img/hw4/12/hw4-1283.png,1000,1619,0.617665
img/hw4/12/hw4-1284.png,1000,1602,0.62422
img/hw4/12/hw4-1285.png,1000,1612,0.620347
img/hw4/12/hw4-1286.png,1000,1612,0.620347
img/hw4/12/hw4-1287.png,1000,1623,0.616143
img/hw4/12/hw4-1288.png,1000,1613,0.619963
img/hw4/12/hw4-1289.png,1000,1609,0.621504
img/hw4/12/hw4-1290.png,1000,1619,0.617665
img/hw4/12/hw4-1291.png,1000,1615,0.619195
img/hw4/12/hw4-1292.png,1000,1613,0.619963
img/hw4/12/hw4-1293.png,1000,1618,0.618047
img/hw4/12/hw4-1294.png,1000,1613,0.619963
img/hw4/12/hw4-1295.png,1000,1607,0.622278
img/hw4/12/hw4-1296.png,1000,1621,0.616903
img/hw4/12/hw4-1297.png,1000,1592,0.628141
img/hw4/12/hw4-1298.png,1000,1620,0.617284
img/hw4/12/hw4-1299.png,1000,1609,0.621504
img/hw4/13/hw4-1300.png,1000,1592,0.628141
img/hw4/13/hw4-1301.png,1000,1614,0.619579
img/hw4/13/hw4-1302.png,1000,1618,0.618047
img/hw4/13/hw4-1303.png,1000,1621,0.616903
img/hw4/13/hw4-1304.png,1000,1604,0.623441
img/hw4/13/hw4-1305.png,1000,1605,0.623053
img/hw4/13/hw4-1306.png,1000,1365,0.732601
img/hw4/13/hw4-1307.png,1000,1618,0.618047
img/hw4/13/hw4-1308.png,1000,1615,0.619195
img/hw4/13/hw4-1309.png,1000,1612,0.620347
img/hw4/13/hw4-1310.png,1000,1604,0.623441
img/hw4/13/hw4-1311.png,1000,1624,0.615764
img/hw4/13/hw4-1312.png,1000,1623,0.616143
img/hw4/13/hw4-1313.png,1000,1616,0.618812
img/hw4/13/hw4-1314.png,1000,929,1.07643
img/hw4/13/hw4-1315.png,1000,1195,0.83682
img/hw4/13/hw4-1316.png,1000,1552,0.64433
img/hw4/13/hw4-1317.png,1000,1768,0.565611
img/hw4/1/hw4-0100.png,1000,1623,0.616143
img/hw4/1/hw4-0101.png,1000,1629,0.613874
img/hw4/1/hw4-0102.png,1000,1645,0.607903
img/hw4/1/hw4-0103.png,1000,1638,0.610501
img/hw4/1/hw4-0104.png,1000,1626,0.615006
img/hw4/1/hw4-0105.png,1000,1628,0.614251
img/hw4/1/hw4-0106.png,1000,1624,0.615764
img/hw4/1/hw4-0107.png,1000,1622,0.616523
img/hw4/1/hw4-0108.png,1000,1624,0.615764
img/hw4/1/hw4-0109.png,1000,1616,0.618812
img/hw4/1/hw4-0110.png,1000,1617,0.618429
img/hw4/1/hw4-0111.png,1000,1675,0.597015
img/hw4/1/hw4-0112.png,1000,1636,0.611247
img/hw4/1/hw4-0113.png,1000,1623,0.616143
img/hw4/1/hw4-0114.png,1000,1642,0.609013
img/hw4/1/hw4-0115.png,1000,1622,0.616523
img/hw4/1/hw4-0116.png,1000,1622,0.616523
img/hw4/1/hw4-0117.png,1000,1623,0.616143
img/hw4/1/hw4-0118.png,1000,1635,0.611621
img/hw4/1/hw4-0119.png,1000,1637,0.610874
img/hw4/1/hw4-0120.png,1000,1645,0.607903
img/hw4/1/hw4-0121.png,1000,1537,0.650618
img/hw4/1/hw4-0122.png,1000,1628,0.614251
img/hw4/1/hw4-0123.png,1000,1622,0.616523
img/hw4/1/hw4-0124.png,1000,1635,0.611621
img/hw4/1/hw4-0125.png,1000,1620,0.617284
img/hw4/1/hw4-0126.png,1000,1627,0.614628
img/hw4/1/hw4-0127.png,1000,1623,0.616143
img/hw4/1/hw4-0128.png,1000,1633,0.61237
img/hw4/1/hw4-0129.png,1000,1629,0.613874
img/hw4/1/hw4-0130.png,1000,1642,0.609013
img/hw4/1/hw4-0131.png,1000,1630,0.613497
img/hw4/1/hw4-0132.png,1000,1637,0.610874
img/hw4/1/hw4-0133.png,1000,1621,0.616903
img/hw4/1/hw4-0134.png,1000,1642,0.609013
img/hw4/1/hw4-0135.png,1000,1768,0.565611
img/hw4/1/hw4-0136.png,1000,1633,0.61237
img/hw4/1/hw4-0137.png,1000,1632,0.612745
img/hw4/1/hw4-0138.png,1000,1643,0.608643
img/hw4/1/hw4-0139.png,1000,1610,0.621118
img/hw4/1/hw4-0140.png,1000,1646,0.607533
img/hw4/1/hw4-0141.png,1000,1753,0.570451
img/hw4/1/hw4-0142.png,1000,1640,0.609756
img/hw4/1/hw4-0143.png,1000,1627,0.614628
img/hw4/1/hw4-0144.png,1000,1650,0.606061
img/hw4/1/hw4-0145.png,1000,1649,0.606428
img/hw4/1/hw4-0146.png,1000,1644,0.608273
img/hw4/1/hw4-0147.png,1000,1701,0.587889
img/hw4/1/hw4-0148.png,1000,1643,0.608643
img/hw4/1/hw4-0149.png,1000,1612,0.620347
img/hw4/1/hw4-0150.png,1000,1635,0.611621
img/hw4/1/hw4-0151.png,1000,1663,0.601323
img/hw4/1/hw4-0152.png,1000,1646,0.607533
img/hw4/1/hw4-0153.png,1000,1625,0.615385
img/hw4/1/hw4-0154.png,1000,1637,0.610874
img/hw4/1/hw4-0155.png,1000,1855,0.539084
img/hw4/1/hw4-0156.png,1000,1638,0.610501
img/hw4/1/hw4-0157.png,1000,1663,0.601323
img/hw4/1/hw4-0158.png,1000,1666,0.60024
img/hw4/1/hw4-0159.png,1000,1814,0.551268
img/hw4/1/hw4-0160.png,1000,1645,0.607903
img/hw4/1/hw4-0161.png,1000,1827,0.547345
img/hw4/1/hw4-0162.png,1000,1618,0.618047
img/hw4/1/hw4-0163.png,1000,1822,0.548847
img/hw4/1/hw4-0164.png,1000,1640,0.609756
img/hw4/1/hw4-0165.png,1000,1625,0.615385
img/hw4/1/hw4-0166.png,1000,1635,0.611621
img/hw4/1/hw4-0167.png,1000,1810,0.552486
img/hw4/1/hw4-0168.png,1000,1631,0.613121
img/hw4/1/hw4-0169.png,1000,1511,0.661813
img/hw4/1/hw4-0170.png,1000,1636,0.611247
img/hw4/1/hw4-0171.png,1000,1617,0.618429
img/hw4/1/hw4-0172.png,1000,1641,0.609385
img/hw4/1/hw4-0173.png,1000,1600,0.625
img/hw4/1/hw4-0174.png,1000,1614,0.619579
img/hw4/1/hw4-0175.png,1000,1653,0.604961
img/hw4/1/hw4-0176.png,1000,1637,0.610874
img/hw4/1/hw4-0177.png,1000,1656,0.603865
img/hw4/1/hw4-0178.png,1000,1650,0.606061
img/hw4/1/hw4-0179.png,1000,1641,0.609385
img/hw4/1/hw4-0180.png,1000,1626,0.615006
img/hw4/1/hw4-0181.png,1000,1787,0.559597
img/hw4/1/hw4-0182.png,1000,1628,0.614251
img/hw4/1/hw4-0183.png,1000,1620,0.617284
img/hw4/1/hw4-0184.png,1000,1615,0.619195
img/hw4/1/hw4-0185.png,1000,1622,0.616523
img/hw4/1/hw4-0186.png,1000,1604,0.623441
img/hw4/1/hw4-0187.png,1000,1649,0.606428
img/hw4/1/hw4-0188.png,1000,1656,0.603865
img/hw4/1/hw4-0189.png,1000,1624,0.615764
img/hw4/1/hw4-0190.png,1000,1621,0.616903
img/hw4/1/hw4-0191.png,1000,1628,0.614251
img/hw4/1/hw4-0192.png,1000,1626,0.615006
img/hw4/1/hw4-0193.png,1000,1607,0.622278
img/hw4/1/hw4-0194.png,1000,1767,0.565931
img/hw4/1/hw4-0195.png,1000,1814,0.551268
img/hw4/1/hw4-0196.png,1000,1625,0.615385
img/hw4/1/hw4-0197.png,1000,1667,0.59988
img/hw4/1/hw4-0198.png,1000,1697,0.589275
img/hw4/1/hw4-0199.png,1000,1667,0.59988
img/hw4/2/hw4-0200.png,1000,1682,0.59453
img/hw4/2/hw4-0201.png,1000,1612,0.620347
img/hw4/2/hw4-0202.png,1000,1617,0.618429
img/hw4/2/hw4-0203.png,1000,1620,0.617284
img/hw4/2/hw4-0204.png,1000,1624,0.615764
img/hw4/2/hw4-0205.png,1000,1617,0.618429
img/hw4/2/hw4-0206.png,1000,1621,0.616903
img/hw4/2/hw4-0207.png,1000,1613,0.619963
img/hw4/2/hw4-0208.png,1000,1632,0.612745
img/hw4/2/hw4-0209.png,1000,1590,0.628931
img/hw4/2/hw4-0210.png,1000,1623,0.616143
img/hw4/2/hw4-0211.png,1000,1593,0.627746
img/hw4/2/hw4-0212.png,1000,1656,0.603865
img/hw4/2/hw4-0213.png,1000,1615,0.619195
img/hw4/2/hw4-0214.png,1000,1617,0.618429
img/hw4/2/hw4-0215.png,1000,1621,0.616903
img/hw4/2/hw4-0216.png,1000,1629,0.613874
img/hw4/2/hw4-0217.png,1000,1613,0.619963
img/hw4/2/hw4-0218.png,1000,1608,0.621891
img/hw4/2/hw4-0219.png,1000,1552,0.64433
img/hw4/2/hw4-0220.png,1000,1597,0.626174
img/hw4/2/hw4-0221.png,1000,1613,0.619963
img/hw4/2/hw4-0222.png,1000,1608,0.621891
img/hw4/2/hw4-0223.png,1000,1613,0.619963
img/hw4/2/hw4-0224.png,1000,1619,0.617665
img/hw4/2/hw4-0225.png,1000,1541,0.648929
img/hw4/2/hw4-0226.png,1000,1606,0.622665
img/hw4/2/hw4-0227.png,1000,1615,0.619195
img/hw4/2/hw4-0228.png,1000,1638,0.610501
img/hw4/2/hw4-0229.png,1000,1603,0.62383
img/hw4/2/hw4-0230.png,1000,1617,0.618429
img/hw4/2/hw4-0231.png,1000,1591,0.628536
img/hw4/2/hw4-0232.png,1000,1615,0.619195
img/hw4/2/hw4-0233.png,1000,1617,0.618429
img/hw4/2/hw4-0234.png,1000,1605,0.623053
img/hw4/2/hw4-0235.png,1000,1618,0.618047
img/hw4/2/hw4-0236.png,1000,1607,0.622278
img/hw4/2/hw4-0237.png,1000,1619,0.617665
img/hw4/2/hw4-0238.png,1000,1605,0.623053
img/hw4/2/hw4-0239.png,1000,1583,0.631712
img/hw4/2/hw4-0240.png,1000,1625,0.615385
img/hw4/2/hw4-0241.png,1000,1534,0.65189
img/hw4/2/hw4-0242.png,1000,1618,0.618047
img/hw4/2/hw4-0243.png,1000,1627,0.614628
img/hw4/2/hw4-0244.png,1000,1615,0.619195
img/hw4/2/hw4-0245.png,1000,1622,0.616523
img/hw4/2/hw4-0246.png,1000,1623,0.616143
img/hw4/2/hw4-0247.png,1000,1562,0.640205
img/hw4/2/hw4-0248.png,1000,1612,0.620347
img/hw4/2/hw4-0249.png,1000,1617,0.618429
img/hw4/2/hw4-0250.png,1000,1616,0.618812
img/hw4/2/hw4-0251.png,1000,1556,0.642674
img/hw4/2/hw4-0252.png,1000,1610,0.621118
img/hw4/2/hw4-0253.png,1000,1609,0.621504
img/hw4/2/hw4-0254.png,1000,1606,0.622665
img/hw4/2/hw4-0255.png,1000,1605,0.623053
img/hw4/2/hw4-0256.png,1000,1609,0.621504
img/hw4/2/hw4-0257.png,1000,1604,0.623441
img/hw4/2/hw4-0258.png,1000,1605,0.623053
img/hw4/2/hw4-0259.png,1000,1613,0.619963
img/hw4/2/hw4-0260.png,1000,1610,0.621118
img/hw4/2/hw4-0261.png,1000,1613,0.619963
img/hw4/2/hw4-0262.png,1000,1612,0.620347
img/hw4/2/hw4-0263.png,1000,1643,0.608643
img/hw4/2/hw4-0264.png,1000,1624,0.615764
img/hw4/2/hw4-0265.png,1000,1635,0.611621
img/hw4/2/hw4-0266.png,1000,1618,0.618047
img/hw4/2/hw4-0267.png,1000,1657,0.6035
img/hw4/2/hw4-0268.png,1000,1606,0.622665
img/hw4/2/hw4-0269.png,1000,1634,0.611995
img/hw4/2/hw4-0270.png,1000,1618,0.618047
img/hw4/2/hw4-0271.png,1000,1608,0.621891
img/hw4/2/hw4-0272.png,1000,1557,0.642261
img/hw4/2/hw4-0273.png,1000,1611,0.620732
img/hw4/2/hw4-0274.png,1000,1524,0.656168
img/hw4/2/hw4-0275.png,1000,1619,0.617665
img/hw4/2/hw4-0276.png,1000,1612,0.620347
img/hw4/2/hw4-0277.png,1000,1647,0.607165
img/hw4/2/hw4-0278.png,1000,1621,0.616903
img/hw4/2/hw4-0279.png,1000,1635,0.611621
img/hw4/2/hw4-0280.png,1000,1526,0.655308
img/hw4/2/hw4-0281.png,1000,1592,0.628141
img/hw4/2/hw4-0282.png,1000,1566,0.63857
img/hw4/2/hw4-0283.png,1000,1634,0.611995
img/hw4/2/hw4-0284.png,1000,1590,0.628931
img/hw4/2/hw4-0285.png,1000,1602,0.62422
img/hw4/2/hw4-0286.png,1000,1604,0.623441
img/hw4/2/hw4-0287.png,1000,1634,0.611995
img/hw4/2/hw4-0288.png,1000,1611,0.620732
img/hw4/2/hw4-0289.png,1000,1563,0.639795
img/hw4/2/hw4-0290.png,1000,1611,0.620732
img/hw4/2/hw4-0291.png,1000,1616,0.618812
img/hw4/2/hw4-0292.png,1000,1614,0.619579
img/hw4/2/hw4-0293.png,1000,1605,0.623053
img/hw4/2/hw4-0294.png,1000,1613,0.619963
img/hw4/2/hw4-0295.png,1000,1615,0.619195
img/hw4/2/hw4-0296.png,1000,1615,0.619195
img/hw4/2/hw4-0297.png,1000,1559,0.641437
img/hw4/2/hw4-0298.png,1000,1611,0.620732
img/hw4/2/hw4-0299.png,1000,1607,0.622278
img/hw4/3/hw4-0300.png,1000,1624,0.615764
img/hw4/3/hw4-0301.png,1000,1616,0.618812
img/hw4/3/hw4-0302.png,1000,1604,0.623441
img/hw4/3/hw4-0303.png,1000,1577,0.634115
img/hw4/3/hw4-0304.png,1000,1612,0.620347
img/hw4/3/hw4-0305.png,1000,1573,0.635728
img/hw4/3/hw4-0306.png,1000,1619,0.617665
img/hw4/3/hw4-0307.png,1000,1585,0.630915
img/hw4/3/hw4-0308.png,1000,1624,0.615764
img/hw4/3/hw4-0309.png,1000,1605,0.623053
img/hw4/3/hw4-0310.png,1000,1618,0.618047
img/hw4/3/hw4-0311.png,1000,1617,0.618429
img/hw4/3/hw4-0312.png,1000,1622,0.616523
img/hw4/3/hw4-0313.png,1000,1613,0.619963
img/hw4/3/hw4-0314.png,1000,1620,0.617284
img/hw4/3/hw4-0315.png,1000,1618,0.618047
img/hw4/3/hw4-0316.png,1000,1613,0.619963
img/hw4/3/hw4-0317.png,1000,1609,0.621504
img/hw4/3/hw4-0318.png,1000,1598,0.625782
img/hw4/3/hw4-0319.png,1000,1607,0.622278
img/hw4/3/hw4-0320.png,1000,1615,0.619195
img/hw4/3/hw4-0321.png,1000,1611,0.620732
img/hw4/3/hw4-0322.png,1000,1615,0.619195
img/hw4/3/hw4-0323.png,1000,1622,0.616523
img/hw4/3/hw4-0324.png,1000,1606,0.622665
img/hw4/3/hw4-0325.png,1000,1607,0.622278
img/hw4/3/hw4-0326.png,1000,1623,0.616143
img/hw4/3/hw4-0327.png,1000,1606,0.622665
img/hw4/3/hw4-0328.png,1000,1619,0.617665
img/hw4/3/hw4-0329.png,1000,1627,0.614628
img/hw4/3/hw4-0330.png,1000,1615,0.619195
img/hw4/3/hw4-0331.png,1000,1595,0.626959
img/hw4/3/hw4-0332.png,1000,1605,0.623053
img/hw4/3/hw4-0333.png,1000,1651,0.605694
img/hw4/3/hw4-0334.png,1000,1602,0.62422
img/hw4/3/hw4-0335.png,1000,1609,0.621504
img/hw4/3/hw4-0336.png,1000,1602,0.62422
img/hw4/3/hw4-0337.png,1000,1608,0.621891
img/hw4/3/hw4-0338.png,1000,1605,0.623053
img/hw4/3/hw4-0339.png,1000,1608,0.621891
img/hw4/3/hw4-0340.png,1000,1608,0.621891
img/hw4/3/hw4-0341.png,1000,1609,0.621504
img/hw4/3/hw4-0342.png,1000,1617,0.618429
img/hw4/3/hw4-0343.png,1000,1602,0.62422
img/hw4/3/hw4-0344.png,1000,1612,0.620347
img/hw4/3/hw4-0345.png,1000,1613,0.619963
img/hw4/3/hw4-0346.png,1000,1610,0.621118
img/hw4/3/hw4-0347.png,1000,1618,0.618047
img/hw4/3/hw4-0348.png,1000,1610,0.621118
img/hw4/3/hw4-0349.png,1000,1611,0.620732
img/hw4/3/hw4-0350.png,1000,1610,0.621118
img/hw4/3/hw4-0351.png,1000,1623,0.616143
img/hw4/3/hw4-0352.png,1000,1613,0.619963
img/hw4/3/hw4-0353.png,1000,1534,0.65189
img/hw4/3/hw4-0354.png,1000,1615,0.619195
img/hw4/3/hw4-0355.png,1000,1536,0.651042
img/hw4/3/hw4-0356.png,1000,1613,0.619963
img/hw4/3/hw4-0357.png,1000,1611,0.620732
img/hw4/3/hw4-0358.png,1000,1606,0.622665
img/hw4/3/hw4-0359.png,1000,1609,0.621504
img/hw4/3/hw4-0360.png,1000,1609,0.621504
img/hw4/3/hw4-0361.png,1000,1607,0.622278
img/hw4/3/hw4-0362.png,1000,1619,0.617665
img/hw4/3/hw4-0363.png,1000,1608,0.621891
img/hw4/3/hw4-0364.png,1000,1602,0.62422
img/hw4/3/hw4-0365.png,1000,1612,0.620347
img/hw4/3/hw4-0366.png,1000,1609,0.621504
img/hw4/3/hw4-0367.png,1000,1608,0.621891
img/hw4/3/hw4-0368.png,1000,1610,0.621118
img/hw4/3/hw4-0369.png,1000,1618,0.618047
img/hw4/3/hw4-0370.png,1000,1620,0.617284
img/hw4/3/hw4-0371.png,1000,1607,0.622278
img/hw4/3/hw4-0372.png,1000,1684,0.593824
img/hw4/3/hw4-0373.png,1000,1618,0.618047
img/hw4/3/hw4-0374.png,1000,1608,0.621891
img/hw4/3/hw4-0375.png,1000,1609,0.621504
img/hw4/3/hw4-0376.png,1000,1620,0.617284
img/hw4/3/hw4-0377.png,1000,1613,0.619963
img/hw4/3/hw4-0378.png,1000,1616,0.618812
img/hw4/3/hw4-0379.png,1000,1613,0.619963
img/hw4/3/hw4-0380.png,1000,1623,0.616143
img/hw4/3/hw4-0381.png,1000,1637,0.610874
img/hw4/3/hw4-0382.png,1000,1615,0.619195
img/hw4/3/hw4-0383.png,1000,1604,0.623441
img/hw4/3/hw4-0384.png,1000,1607,0.622278
img/hw4/3/hw4-0385.png,1000,1647,0.607165
img/hw4/3/hw4-0386.png,1000,1627,0.614628
img/hw4/3/hw4-0387.png,1000,1657,0.6035
img/hw4/3/hw4-0388.png,1000,1622,0.616523
img/hw4/3/hw4-0389.png,1000,1618,0.618047
img/hw4/3/hw4-0390.png,1000,1610,0.621118
img/hw4/3/hw4-0391.png,1000,1623,0.616143
img/hw4/3/hw4-0392.png,1000,1607,0.622278
img/hw4/3/hw4-0393.png,1000,1639,0.610128
img/hw4/3/hw4-0394.png,1000,1614,0.619579
img/hw4/3/hw4-0395.png,1000,1642,0.609013
img/hw4/3/hw4-0396.png,1000,1612,0.620347
img/hw4/3/hw4-0397.png,1000,1610,0.621118
img/hw4/3/hw4-0398.png,1000,1609,0.621504
img/hw4/3/hw4-0399.png,1000,1614,0.619579
img/hw4/4/hw4-0400.png,1000,1609,0.621504
img/hw4/4/hw4-0401.png,1000,1617,0.618429
img/hw4/4/hw4-0402.png,1000,1614,0.619579
img/hw4/4/hw4-0403.png,1000,1612,0.620347
img/hw4/4/hw4-0404.png,1000,1623,0.616143
img/hw4/4/hw4-0405.png,1000,1633,0.61237
img/hw4/4/hw4-0406.png,1000,1615,0.619195
img/hw4/4/hw4-0407.png,1000,1615,0.619195
img/hw4/4/hw4-0408.png,1000,1616,0.618812
img/hw4/4/hw4-0409.png,1000,1620,0.617284
img/hw4/4/hw4-0410.png,1000,1614,0.619579
img/hw4/4/hw4-0411.png,1000,1640,0.609756
img/hw4/4/hw4-0412.png,1000,1611,0.620732
img/hw4/4/hw4-0413.png,1000,1610,0.621118
img/hw4/4/hw4-0414.png,1000,1602,0.62422
img/hw4/4/hw4-0415.png,1000,1612,0.620347
img/hw4/4/hw4-0416.png,1000,1609,0.621504
img/hw4/4/hw4-0417.png,1000,1600,0.625
img/hw4/4/hw4-0418.png,1000,1613,0.619963
img/hw4/4/hw4-0419.png,1000,1613,0.619963
img/hw4/4/hw4-0420.png,1000,1612,0.620347
img/hw4/4/hw4-0421.png,1000,1598,0.625782
img/hw4/4/hw4-0422.png,1000,1614,0.619579
img/hw4/4/hw4-0423.png,1000,1612,0.620347
img/hw4/4/hw4-0424.png,1000,1617,0.618429
img/hw4/4/hw4-0425.png,1000,1607,0.622278
img/hw4/4/hw4-0426.png,1000,1618,0.618047
img/hw4/4/hw4-0427.png,1000,1545,0.647249
img/hw4/4/hw4-0428.png,1000,1618,0.618047
img/hw4/4/hw4-0429.png,1000,1616,0.618812
img/hw4/4/hw4-0430.png,1000,1602,0.62422
img/hw4/4/hw4-0431.png,1000,1600,0.625
img/hw4/4/hw4-0432.png,1000,1616,0.618812
img/hw4/4/hw4-0433.png,1000,1619,0.617665
img/hw4/4/hw4-0434.png,1000,1610,0.621118
img/hw4/4/hw4-0435.png,1000,1613,0.619963
img/hw4/4/hw4-0436.png,1000,1614,0.619579
img/hw4/4/hw4-0437.png,1000,1613,0.619963
img/hw4/4/hw4-0438.png,1000,1601,0.62461
img/hw4/4/hw4-0439.png,1000,1613,0.619963
img/hw4/4/hw4-0440.png,1000,1616,0.618812
img/hw4/4/hw4-0441.png,1000,1615,0.619195
img/hw4/4/hw4-0442.png,1000,1607,0.622278
img/hw4/4/hw4-0443.png,1000,1612,0.620347
img/hw4/4/hw4-0444.png,1000,1627,0.614628
img/hw4/4/hw4-0445.png,1000,1605,0.623053
img/hw4/4/hw4-0446.png,1000,1613,0.619963
img/hw4/4/hw4-0447.png,1000,1774,0.563698
img/hw4/4/hw4-0448.png,1000,1617,0.618429
img/hw4/4/hw4-0449.png,1000,1603,0.62383
img/hw4/4/hw4-0450.png,1000,1613,0.619963
img/hw4/4/hw4-0451.png,1000,1601,0.62461
img/hw4/4/hw4-0452.png,1000,1613,0.619963
img/hw4/4/hw4-0453.png,1000,1613,0.619963
img/hw4/4/hw4-0454.png,1000,1618,0.618047
img/hw4/4/hw4-0455.png,1000,1614,0.619579
img/hw4/4/hw4-0456.png,1000,1614,0.619579
img/hw4/4/hw4-0457.png,1000,1612,0.620347
img/hw4/4/hw4-0458.png,1000,1603,0.62383
img/hw4/4/hw4-0459.png,1000,1611,0.620732
img/hw4/4/hw4-0460.png,1000,1617,0.618429
img/hw4/4/hw4-0461.png,1000,1607,0.622278
img/hw4/4/hw4-0462.png,1000,1615,0.619195
img/hw4/4/hw4-0463.png,1000,1613,0.619963
img/hw4/4/hw4-0464.png,1000,1616,0.618812
img/hw4/4/hw4-0465.png,1000,1619,0.617665
img/hw4/4/hw4-0466.png,1000,1616,0.618812
img/hw4/4/hw4-0467.png,1000,1608,0.621891
img/hw4/4/hw4-0468.png,1000,1617,0.618429
img/hw4/4/hw4-0469.png,1000,1622,0.616523
img/hw4/4/hw4-0470.png,1000,1607,0.622278
img/hw4/4/hw4-0471.png,1000,1548,0.645995
img/hw4/4/hw4-0472.png,1000,1611,0.620732
img/hw4/4/hw4-0473.png,1000,1597,0.626174
img/hw4/4/hw4-0474.png,1000,1609,0.621504
img/hw4/4/hw4-0475.png,1000,1535,0.651466
img/hw4/4/hw4-0476.png,1000,1622,0.616523
img/hw4/4/hw4-0477.png,1000,1571,0.636537
img/hw4/4/hw4-0478.png,1000,1617,0.618429
img/hw4/4/hw4-0479.png,1000,1589,0.629327
img/hw4/4/hw4-0480.png,1000,1621,0.616903
img/hw4/4/hw4-0481.png,1000,1611,0.620732
img/hw4/4/hw4-0482.png,1000,1609,0.621504
img/hw4/4/hw4-0483.png,1000,1607,0.622278
img/hw4/4/hw4-0484.png,1000,1607,0.622278
img/hw4/4/hw4-0485.png,1000,1547,0.646412
img/hw4/4/hw4-0486.png,1000,1618,0.618047
img/hw4/4/hw4-0487.png,1000,1612,0.620347
img/hw4/4/hw4-0488.png,1000,1618,0.618047
img/hw4/4/hw4-0489.png,1000,1612,0.620347
img/hw4/4/hw4-0490.png,1000,1617,0.618429
img/hw4/4/hw4-0491.png,1000,1618,0.618047
img/hw4/4/hw4-0492.png,1000,1751,0.571102
img/hw4/4/hw4-0493.png,1000,1618,0.618047
img/hw4/4/hw4-0494.png,1000,1609,0.621504
img/hw4/4/hw4-0495.png,1000,1614,0.619579
img/hw4/4/hw4-0496.png,1000,1659,0.602773
img/hw4/4/hw4-0497.png,1000,1621,0.616903
img/hw4/4/hw4-0498.png,1000,1623,0.616143
img/hw4/4/hw4-0499.png,1000,1613,0.619963
img/hw4/5/hw4-0500.png,1000,1617,0.618429
img/hw4/5/hw4-0501.png,1000,1626,0.615006
img/hw4/5/hw4-0502.png,1000,1597,0.626174
img/hw4/5/hw4-0503.png,1000,1605,0.623053
img/hw4/5/hw4-0504.png,1000,1630,0.613497
img/hw4/5/hw4-0505.png,1000,1551,0.644745
img/hw4/5/hw4-0506.png,1000,1617,0.618429
img/hw4/5/hw4-0507.png,1000,1618,0.618047
img/hw4/5/hw4-0508.png,1000,1628,0.614251
img/hw4/5/hw4-0509.png,1000,1627,0.614628
img/hw4/5/hw4-0510.png,1000,1617,0.618429
img/hw4/5/hw4-0511.png,1000,1618,0.618047
img/hw4/5/hw4-0512.png,1000,1620,0.617284
img/hw4/5/hw4-0513.png,1000,1615,0.619195
img/hw4/5/hw4-0514.png,1000,1640,0.609756
img/hw4/5/hw4-0515.png,1000,1609,0.621504
img/hw4/5/hw4-0516.png,1000,1616,0.618812
img/hw4/5/hw4-0517.png,1000,1608,0.621891
img/hw4/5/hw4-0518.png,1000,1618,0.618047
img/hw4/5/hw4-0519.png,1000,1620,0.617284
img/hw4/5/hw4-0520.png,1000,1624,0.615764
img/hw4/5/hw4-0521.png,1000,1616,0.618812
img/hw4/5/hw4-0522.png,1000,1613,0.619963
img/hw4/5/hw4-0523.png,1000,1619,0.617665
img/hw4/5/hw4-0524.png,1000,1620,0.617284
img/hw4/5/hw4-0525.png,1000,1618,0.618047
img/hw4/5/hw4-0526.png,1000,1614,0.619579
img/hw4/5/hw4-0527.png,1000,1620,0.617284
img/hw4/5/hw4-0528.png,1000,1626,0.615006
img/hw4/5/hw4-0529.png,1000,1620,0.617284
img/hw4/5/hw4-0530.png,1000,1625,0.615385
img/hw4/5/hw4-0531.png,1000,1620,0.617284
img/hw4/5/hw4-0532.png,1000,1628,0.614251
img/hw4/5/hw4-0533.png,1000,1591,0.628536
img/hw4/5/hw4-0534.png,1000,1624,0.615764
img/hw4/5/hw4-0535.png,1000,1604,0.623441
img/hw4/5/hw4-0536.png,1000,1667,0.59988
img/hw4/5/hw4-0537.png,1000,1329,0.752445
img/hw4/5/hw4-0538.png,1000,1628,0.614251
img/hw4/5/hw4-0539.png,1000,1577,0.634115
img/hw4/5/hw4-0540.png,1000,1614,0.619579
img/hw4/5/hw4-0541.png,1000,1625,0.615385
img/hw4/5/hw4-0542.png,1000,1622,0.616523
img/hw4/5/hw4-0543.png,1000,1618,0.618047
img/hw4/5/hw4-0544.png,1000,1624,0.615764
img/hw4/5/hw4-0545.png,1000,1617,0.618429
img/hw4/5/hw4-0546.png,1000,1616,0.618812
img/hw4/5/hw4-0547.png,1000,1541,0.648929
img/hw4/5/hw4-0548.png,1000,1625,0.615385
img/hw4/5/hw4-0549.png,1000,1622,0.616523
img/hw4/5/hw4-0550.png,1000,1623,0.616143
img/hw4/5/hw4-0551.png,1000,1611,0.620732
img/hw4/5/hw4-0552.png,1000,1623,0.616143
img/hw4/5/hw4-0553.png,1000,1617,0.618429
img/hw4/5/hw4-0554.png,1000,1613,0.619963
img/hw4/5/hw4-0555.png,1000,1613,0.619963
img/hw4/5/hw4-0556.png,1000,1627,0.614628
img/hw4/5/hw4-0557.png,1000,1629,0.613874
img/hw4/5/hw4-0558.png,1000,1630,0.613497
img/hw4/5/hw4-0559.png,1000,1627,0.614628
img/hw4/5/hw4-0560.png,1000,1627,0.614628
img/hw4/5/hw4-0561.png,1000,1628,0.614251
img/hw4/5/hw4-0562.png,1000,1622,0.616523
img/hw4/5/hw4-0563.png,1000,1618,0.618047
img/hw4/5/hw4-0564.png,1000,1623,0.616143
img/hw4/5/hw4-0565.png,1000,1639,0.610128
img/hw4/5/hw4-0566.png,1000,1620,0.617284
img/hw4/5/hw4-0567.png,1000,1620,0.617284
img/hw4/5/hw4-0568.png,1000,1623,0.616143
img/hw4/5/hw4-0569.png,1000,1626,0.615006
img/hw4/5/hw4-0570.png,1000,1621,0.616903
img/hw4/5/hw4-0571.png,1000,1624,0.615764
img/hw4/5/hw4-0572.png,1000,1631,0.613121
img/hw4/5/hw4-0573.png,1000,1623,0.616143
img/hw4/5/hw4-0574.png,1000,1634,0.611995
img/hw4/5/hw4-0575.png,1000,1630,0.613497
img/hw4/5/hw4-0576.png,1000,1631,0.613121
img/hw4/5/hw4-0577.png,1000,1601,0.62461
img/hw4/5/hw4-0578.png,1000,1635,0.611621
img/hw4/5/hw4-0579.png,1000,1623,0.616143
img/hw4/5/hw4-0580.png,1000,1692,0.591017
img/hw4/5/hw4-0581.png,1000,1788,0.559284
img/hw4/5/hw4-0582.png,1000,1638,0.610501
img/hw4/5/hw4-0583.png,1000,1645,0.607903
img/hw4/5/hw4-0584.png,1000,1619,0.617665
img/hw4/5/hw4-0585.png,1000,1615,0.619195
img/hw4/5/hw4-0586.png,1000,1747,0.57241
img/hw4/5/hw4-0587.png,1000,1634,0.611995
img/hw4/5/hw4-0588.png,1000,1641,0.609385
img/hw4/5/hw4-0589.png,1000,1592,0.628141
img/hw4/5/hw4-0590.png,1000,1620,0.617284
img/hw4/5/hw4-0591.png,1000,1626,0.615006
img/hw4/5/hw4-0592.png,1000,1649,0.606428
img/hw4/5/hw4-0593.png,1000,1717,0.582411
img/hw4/5/hw4-0594.png,1000,1714,0.583431
img/hw4/5/hw4-0595.png,1000,1619,0.617665
img/hw4/5/hw4-0596.png,1000,1645,0.607903
img/hw4/5/hw4-0597.png,1000,1642,0.609013
img/hw4/5/hw4-0598.png,1000,1631,0.613121
img/hw4/5/hw4-0599.png,1000,1629,0.613874
img/hw4/6/hw4-0600.png,1000,1625,0.615385
img/hw4/6/hw4-0601.png,1000,1610,0.621118
img/hw4/6/hw4-0602.png,1000,1639,0.610128
img/hw4/6/hw4-0603.png,1000,1625,0.615385
img/hw4/6/hw4-0604.png,1000,1623,0.616143
img/hw4/6/hw4-0605.png,1000,1615,0.619195
img/hw4/6/hw4-0606.png,1000,1638,0.610501
img/hw4/6/hw4-0607.png,1000,1629,0.613874
img/hw4/6/hw4-0608.png,1000,1622,0.616523
img/hw4/6/hw4-0609.png,1000,1610,0.621118
img/hw4/6/hw4-0610.png,1000,1622,0.616523
img/hw4/6/hw4-0611.png,1000,1615,0.619195
img/hw4/6/hw4-0612.png,1000,1626,0.615006
img/hw4/6/hw4-0613.png,1000,1620,0.617284
img/hw4/6/hw4-0614.png,1000,1613,0.619963
img/hw4/6/hw4-0615.png,1000,1617,0.618429
img/hw4/6/hw4-0616.png,1000,1628,0.614251
img/hw4/6/hw4-0617.png,1000,1620,0.617284
img/hw4/6/hw4-0618.png,1000,1625,0.615385
img/hw4/6/hw4-0619.png,1000,1625,0.615385
img/hw4/6/hw4-0620.png,1000,1630,0.613497
img/hw4/6/hw4-0621.png,1000,1629,0.613874
img/hw4/6/hw4-0622.png,1000,1627,0.614628
img/hw4/6/hw4-0623.png,1000,1635,0.611621
img/hw4/6/hw4-0624.png,1000,1630,0.613497
img/hw4/6/hw4-0625.png,1000,1749,0.571755
img/hw4/6/hw4-0626.png,1000,1628,0.614251
img/hw4/6/hw4-0627.png,1000,1612,0.620347
img/hw4/6/hw4-0628.png,1000,1616,0.618812
img/hw4/6/hw4-0629.png,1000,1606,0.622665
img/hw4/6/hw4-0630.png,1000,1613,0.619963
img/hw4/6/hw4-0631.png,1000,1624,0.615764
img/hw4/6/hw4-0632.png,1000,1615,0.619195
img/hw4/6/hw4-0633.png,1000,1622,0.616523
img/hw4/6/hw4-0634.png,1000,1621,0.616903
img/hw4/6/hw4-0635.png,1000,1612,0.620347
img/hw4/6/hw4-0636.png,1000,1622,0.616523
img/hw4/6/hw4-0637.png,1000,1550,0.645161
img/hw4/6/hw4-0638.png,1000,1630,0.613497
img/hw4/6/hw4-0639.png,1000,1628,0.614251
img/hw4/6/hw4-0640.png,1000,1632,0.612745
img/hw4/6/hw4-0641.png,1000,1625,0.615385
img/hw4/6/hw4-0642.png,1000,1623,0.616143
img/hw4/6/hw4-0643.png,1000,1646,0.607533
img/hw4/6/hw4-0644.png,1000,1627,0.614628
img/hw4/6/hw4-0645.png,1000,1617,0.618429
img/hw4/6/hw4-0646.png,1000,1628,0.614251
img/hw4/6/hw4-0647.png,1000,1619,0.617665
img/hw4/6/hw4-0648.png,1000,1633,0.61237
img/hw4/6/hw4-0649.png,1000,1621,0.616903
img/hw4/6/hw4-0650.png,1000,1626,0.615006
img/hw4/6/hw4-0651.png,1000,1621,0.616903
img/hw4/6/hw4-0652.png,1000,1627,0.614628
img/hw4/6/hw4-0653.png,1000,1616,0.618812
img/hw4/6/hw4-0654.png,1000,1628,0.614251
img/hw4/6/hw4-0655.png,1000,1614,0.619579
img/hw4/6/hw4-0656.png,1000,1630,0.613497
img/hw4/6/hw4-0657.png,1000,1625,0.615385
img/hw4/6/hw4-0658.png,1000,1615,0.619195
img/hw4/6/hw4-0659.png,1000,1597,0.626174
img/hw4/6/hw4-0660.png,1000,1630,0.613497
img/hw4/6/hw4-0661.png,1000,1615,0.619195
img/hw4/6/hw4-0662.png,1000,1618,0.618047
img/hw4/6/hw4-0663.png,1000,1628,0.614251
img/hw4/6/hw4-0664.png,1000,1625,0.615385
img/hw4/6/hw4-0665.png,1000,1588,0.629723
img/hw4/6/hw4-0666.png,1000,1622,0.616523
img/hw4/6/hw4-0667.png,1000,1615,0.619195
img/hw4/6/hw4-0668.png,1000,1621,0.616903
img/hw4/6/hw4-0669.png,1000,1609,0.621504
img/hw4/6/hw4-0670.png,1000,1623,0.616143
img/hw4/6/hw4-0671.png,1000,1615,0.619195
img/hw4/6/hw4-0672.png,1000,1615,0.619195
img/hw4/6/hw4-0673.png,1000,1622,0.616523
img/hw4/6/hw4-0674.png,1000,1631,0.613121
img/hw4/6/hw4-0675.png,1000,1591,0.628536
img/hw4/6/hw4-0676.png,1000,1626,0.615006
img/hw4/6/hw4-0677.png,1000,1620,0.617284
img/hw4/6/hw4-0678.png,1000,1633,0.61237
img/hw4/6/hw4-0679.png,1000,1618,0.618047
img/hw4/6/hw4-0680.png,1000,1634,0.611995
img/hw4/6/hw4-0681.png,1000,1618,0.618047
img/hw4/6/hw4-0682.png,1000,1634,0.611995
img/hw4/6/hw4-0683.png,1000,1629,0.613874
img/hw4/6/hw4-0684.png,1000,1626,0.615006
img/hw4/6/hw4-0685.png,1000,1580,0.632911
img/hw4/6/hw4-0686.png,1000,1626,0.615006
img/hw4/6/hw4-0687.png,1000,1629,0.613874
img/hw4/6/hw4-0688.png,1000,1630,0.613497
img/hw4/6/hw4-0689.png,1000,1722,0.58072
img/hw4/6/hw4-0690.png,1000,1638,0.610501
img/hw4/6/hw4-0691.png,1000,1617,0.618429
img/hw4/6/hw4-0692.png,1000,1625,0.615385
img/hw4/6/hw4-0693.png,1000,1625,0.615385
img/hw4/6/hw4-0694.png,1000,1641,0.609385
img/hw4/6/hw4-0695.png,1000,1625,0.615385
img/hw4/6/hw4-0696.png,1000,1626,0.615006
img/hw4/6/hw4-0697.png,1000,1645,0.607903
img/hw4/6/hw4-0698.png,1000,1610,0.621118
img/hw4/6/hw4-0699.png,1000,1622,0.616523
img/hw4/7/hw4-0700.png,1000,1625,0.615385
img/hw4/7/hw4-0701.png,1000,1610,0.621118
img/hw4/7/hw4-0702.png,1000,1618,0.618047
img/hw4/7/hw4-0703.png,1000,1620,0.617284
img/hw4/7/hw4-0704.png,1000,1617,0.618429
img/hw4/7/hw4-0705.png,1000,1607,0.622278
img/hw4/7/hw4-0706.png,1000,1631,0.613121
img/hw4/7/hw4-0707.png,1000,1604,0.623441
img/hw4/7/hw4-0708.png,1000,1621,0.616903
img/hw4/7/hw4-0709.png,1000,1619,0.617665
img/hw4/7/hw4-0710.png,1000,1622,0.616523
img/hw4/7/hw4-0711.png,1000,1629,0.613874
img/hw4/7/hw4-0712.png,1000,1616,0.618812
img/hw4/7/hw4-0713.png,1000,1607,0.622278
img/hw4/7/hw4-0714.png,1000,1630,0.613497
img/hw4/7/hw4-0715.png,1000,1633,0.61237
img/hw4/7/hw4-0716.png,1000,1618,0.618047
img/hw4/7/hw4-0717.png,1000,1607,0.622278
img/hw4/7/hw4-0718.png,1000,1627,0.614628
img/hw4/7/hw4-0719.png,1000,1618,0.618047
img/hw4/7/hw4-0720.png,1000,1623,0.616143
img/hw4/7/hw4-0721.png,1000,1611,0.620732
img/hw4/7/hw4-0722.png,1000,1631,0.613121
img/hw4/7/hw4-0723.png,1000,1542,0.648508
img/hw4/7/hw4-0724.png,1000,1623,0.616143
img/hw4/7/hw4-0725.png,1000,1621,0.616903
img/hw4/7/hw4-0726.png,1000,1621,0.616903
img/hw4/7/hw4-0727.png,1000,1609,0.621504
img/hw4/7/hw4-0728.png,1000,1614,0.619579
img/hw4/7/hw4-0729.png,1000,1613,0.619963
img/hw4/7/hw4-0730.png,1000,1618,0.618047
img/hw4/7/hw4-0731.png,1000,1599,0.625391
img/hw4/7/hw4-0732.png,1000,1620,0.617284
img/hw4/7/hw4-0733.png,1000,1618,0.618047
img/hw4/7/hw4-0734.png,1000,1622,0.616523
img/hw4/7/hw4-0735.png,1000,1622,0.616523
img/hw4/7/hw4-0736.png,1000,1623,0.616143
img/hw4/7/hw4-0737.png,1000,1618,0.618047
img/hw4/7/hw4-0738.png,1000,1625,0.615385
img/hw4/7/hw4-0739.png,1000,1622,0.616523
img/hw4/7/hw4-0740.png,1000,1622,0.616523
img/hw4/7/hw4-0741.png,1000,1547,0.646412
img/hw4/7/hw4-0742.png,1000,1631,0.613121
img/hw4/7/hw4-0743.png,1000,1629,0.613874
img/hw4/7/hw4-0744.png,1000,1622,0.616523
img/hw4/7/hw4-0745.png,1000,1622,0.616523
img/hw4/7/hw4-0746.png,1000,1619,0.617665
img/hw4/7/hw4-0747.png,1000,1622,0.616523
img/hw4/7/hw4-0748.png,1000,1620,0.617284
img/hw4/7/hw4-0749.png,1000,1597,0.626174
img/hw4/7/hw4-0750.png,1000,1650,0.606061
img/hw4/7/hw4-0751.png,1000,1780,0.561798
img/hw4/7/hw4-0752.png,1000,1628,0.614251
img/hw4/7/hw4-0753.png,1000,1632,0.612745
img/hw4/7/hw4-0754.png,1000,1768,0.565611
img/hw4/7/hw4-0755.png,1000,1617,0.618429
img/hw4/7/hw4-0756.png,1000,1628,0.614251
img/hw4/7/hw4-0757.png,1000,1626,0.615006
img/hw4/7/hw4-0758.png,1000,1632,0.612745
img/hw4/7/hw4-0759.png,1000,1623,0.616143
img/hw4/7/hw4-0760.png,1000,1649,0.606428
img/hw4/7/hw4-0761.png,1000,1629,0.613874
img/hw4/7/hw4-0762.png,1000,1630,0.613497
img/hw4/7/hw4-0763.png,1000,1612,0.620347
img/hw4/7/hw4-0764.png,1000,1629,0.613874
img/hw4/7/hw4-0765.png,1000,1622,0.616523
img/hw4/7/hw4-0766.png,1000,1625,0.615385
img/hw4/7/hw4-0767.png,1000,1615,0.619195
img/hw4/7/hw4-0768.png,1000,1631,0.613121
img/hw4/7/hw4-0769.png,1000,1625,0.615385
img/hw4/7/hw4-0770.png,1000,1638,0.610501
img/hw4/7/hw4-0771.png,1000,1624,0.615764
img/hw4/7/hw4-0772.png,1000,1613,0.619963
img/hw4/7/hw4-0773.png,1000,1607,0.622278
img/hw4/7/hw4-0774.png,1000,1627,0.614628
img/hw4/7/hw4-0775.png,1000,1619,0.617665
img/hw4/7/hw4-0776.png,1000,1634,0.611995
img/hw4/7/hw4-0777.png,1000,1628,0.614251
img/hw4/7/hw4-0778.png,1000,1623,0.616143
img/hw4/7/hw4-0779.png,1000,1674,0.597372
img/hw4/7/hw4-0780.png,1000,1636,0.611247
img/hw4/7/hw4-0781.png,1000,1628,0.614251
img/hw4/7/hw4-0782.png,1000,1622,0.616523
img/hw4/7/hw4-0783.png,1000,1633,0.61237
img/hw4/7/hw4-0784.png,1000,1626,0.615006
img/hw4/7/hw4-0785.png,1000,1615,0.619195
img/hw4/7/hw4-0786.png,1000,1748,0.572082
img/hw4/7/hw4-0787.png,1000,1609,0.621504
img/hw4/7/hw4-0788.png,1000,1609,0.621504
img/hw4/7/hw4-0789.png,1000,1836,0.544662
img/hw4/7/hw4-0790.png,1000,1729,0.578369
img/hw4/7/hw4-0791.png,1000,1669,0.599161
img/hw4/7/hw4-0792.png,1000,1623,0.616143
img/hw4/7/hw4-0793.png,1000,1642,0.609013
img/hw4/7/hw4-0794.png,1000,1628,0.614251
img/hw4/7/hw4-0795.png,1000,1610,0.621118
img/hw4/7/hw4-0796.png,1000,1622,0.616523
img/hw4/7/hw4-0797.png,1000,1619,0.617665
img/hw4/7/hw4-0798.png,1000,1788,0.559284
img/hw4/7/hw4-0799.png,1000,1590,0.628931
img/hw4/8/hw4-0800.png,1000,1618,0.618047
img/hw4/8/hw4-0801.png,1000,1632,0.612745
img/hw4/8/hw4-0802.png,1000,1734,0.576701
img/hw4/8/hw4-0803.png,1000,1618,0.618047
img/hw4/8/hw4-0804.png,1000,1786,0.55991
img/hw4/8/hw4-0805.png,1000,1620,0.617284
img/hw4/8/hw4-0806.png,1000,1616,0.618812
img/hw4/8/hw4-0807.png,1000,1658,0.603136
img/hw4/8/hw4-0808.png,1000,1622,0.616523
img/hw4/8/hw4-0809.png,1000,1585,0.630915
img/hw4/8/hw4-0810.png,1000,1610,0.621118
img/hw4/8/hw4-0811.png,1000,1633,0.61237
img/hw4/8/hw4-0812.png,1000,1626,0.615006
img/hw4/8/hw4-0813.png,1000,1639,0.610128
img/hw4/8/hw4-0814.png,1000,1646,0.607533
img/hw4/8/hw4-0815.png,1000,1820,0.549451
img/hw4/8/hw4-0816.png,1000,1632,0.612745
img/hw4/8/hw4-0817.png,1000,1617,0.618429
img/hw4/8/hw4-0818.png,1000,1625,0.615385
img/hw4/8/hw4-0819.png,1000,1648,0.606796
img/hw4/8/hw4-0820.png,1000,1623,0.616143
img/hw4/8/hw4-0821.png,1000,1643,0.608643
img/hw4/8/hw4-0822.png,1000,1772,0.564334
img/hw4/8/hw4-0823.png,1000,1619,0.617665
img/hw4/8/hw4-0824.png,1000,1622,0.616523
img/hw4/8/hw4-0825.png,1000,1636,0.611247
img/hw4/8/hw4-0826.png,1000,1731,0.577701
img/hw4/8/hw4-0827.png,1000,1732,0.577367
img/hw4/8/hw4-0828.png,1000,1734,0.576701
img/hw4/8/hw4-0829.png,1000,1616,0.618812
img/hw4/8/hw4-0830.png,1000,1614,0.619579
img/hw4/8/hw4-0831.png,1000,1640,0.609756
img/hw4/8/hw4-0832.png,1000,1798,0.556174
img/hw4/8/hw4-0833.png,1000,1781,0.561482
img/hw4/8/hw4-0834.png,1000,1737,0.575705
img/hw4/8/hw4-0835.png,1000,1651,0.605694
img/hw4/8/hw4-0836.png,1000,1733,0.577034
img/hw4/8/hw4-0837.png,1000,1632,0.612745
img/hw4/8/hw4-0838.png,1000,1631,0.613121
img/hw4/8/hw4-0839.png,1000,1630,0.613497
img/hw4/8/hw4-0840.png,1000,1646,0.607533
img/hw4/8/hw4-0841.png,1000,1641,0.609385
img/hw4/8/hw4-0842.png,1000,1653,0.604961
img/hw4/8/hw4-0843.png,1000,1830,0.546448
img/hw4/8/hw4-0844.png,1000,1648,0.606796
img/hw4/8/hw4-0845.png,1000,1654,0.604595
img/hw4/8/hw4-0846.png,1000,1613,0.619963
img/hw4/8/hw4-0847.png,1000,1565,0.638978
img/hw4/8/hw4-0848.png,1000,1787,0.559597
img/hw4/8/hw4-0849.png,1000,1635,0.611621
img/hw4/8/hw4-0850.png,1000,1638,0.610501
img/hw4/8/hw4-0851.png,1000,1637,0.610874
img/hw4/8/hw4-0852.png,1000,1634,0.611995
img/hw4/8/hw4-0853.png,1000,1618,0.618047
img/hw4/8/hw4-0854.png,1000,1622,0.616523
img/hw4/8/hw4-0855.png,1000,1599,0.625391
img/hw4/8/hw4-0856.png,1000,1757,0.569152
img/hw4/8/hw4-0857.png,1000,1604,0.623441
img/hw4/8/hw4-0858.png,1000,1622,0.616523
img/hw4/8/hw4-0859.png,1000,1613,0.619963
img/hw4/8/hw4-0860.png,1000,1612,0.620347
img/hw4/8/hw4-0861.png,1000,1632,0.612745
img/hw4/8/hw4-0862.png,1000,1620,0.617284
img/hw4/8/hw4-0863.png,1000,1641,0.609385
img/hw4/8/hw4-0864.png,1000,1612,0.620347
img/hw4/8/hw4-0865.png,1000,1604,0.623441
img/hw4/8/hw4-0866.png,1000,1623,0.616143
img/hw4/8/hw4-0867.png,1000,1627,0.614628
img/hw4/8/hw4-0868.png,1000,1636,0.611247
img/hw4/8/hw4-0869.png,1000,1813,0.551572
img/hw4/8/hw4-0870.png,1000,1743,0.573723
img/hw4/8/hw4-0871.png,1000,1650,0.606061
img/hw4/8/hw4-0872.png,1000,1637,0.610874
img/hw4/8/hw4-0873.png,1000,1639,0.610128
img/hw4/8/hw4-0874.png,1000,1619,0.617665
img/hw4/8/hw4-0875.png,1000,1684,0.593824
img/hw4/8/hw4-0876.png,1000,1626,0.615006
img/hw4/8/hw4-0877.png,1000,1653,0.604961
img/hw4/8/hw4-0878.png,1000,1812,0.551876
img/hw4/8/hw4-0879.png,1000,1666,0.60024
img/hw4/8/hw4-0880.png,1000,1631,0.613121
img/hw4/8/hw4-0881.png,1000,1644,0.608273
img/hw4/8/hw4-0882.png,1000,1620,0.617284
img/hw4/8/hw4-0883.png,1000,1756,0.569476
img/hw4/8/hw4-0884.png,1000,1636,0.611247
img/hw4/8/hw4-0885.png,1000,1730,0.578035
img/hw4/8/hw4-0886.png,1000,1762,0.567537
img/hw4/8/hw4-0887.png,1000,1639,0.610128
img/hw4/8/hw4-0888.png,1000,1691,0.591366
img/hw4/8/hw4-0889.png,1000,1743,0.573723
img/hw4/8/hw4-0890.png,1000,1617,0.618429
img/hw4/8/hw4-0891.png,1000,1601,0.62461
img/hw4/8/hw4-0892.png,1000,1628,0.614251
img/hw4/8/hw4-0893.png,1000,1659,0.602773
img/hw4/8/hw4-0894.png,1000,1615,0.619195
img/hw4/8/hw4-0895.png,1000,1642,0.609013
img/hw4/8/hw4-0896.png,1000,1624,0.615764
img/hw4/8/hw4-0897.png,1000,1617,0.618429
img/hw4/8/hw4-0898.png,1000,1755,0.569801
img/hw4/8/hw4-0899.png,1000,1617,0.618429
img/hw4/9/hw4-0900.png,1000,1619,0.617665
img/hw4/9/hw4-0901.png,1000,1640,0.609756
img/hw4/9/hw4-0902.png,1000,1617,0.618429
img/hw4/9/hw4-0903.png,1000,1632,0.612745
img/hw4/9/hw4-0904.png,1000,1624,0.615764
img/hw4/9/hw4-0905.png,1000,1665,0.600601
img/hw4/9/hw4-0906.png,1000,1608,0.621891
img/hw4/9/hw4-0907.png,1000,1620,0.617284
img/hw4/9/hw4-0908.png,1000,1621,0.616903
img/hw4/9/hw4-0909.png,1000,1620,0.617284
img/hw4/9/hw4-0910.png,1000,1773,0.564016
img/hw4/9/hw4-0911.png,1000,1696,0.589623
img/hw4/9/hw4-0912.png,1000,1628,0.614251
img/hw4/9/hw4-0913.png,1000,1646,0.607533
img/hw4/9/hw4-0914.png,1000,1738,0.575374
img/hw4/9/hw4-0915.png,1000,1622,0.616523
img/hw4/9/hw4-0916.png,1000,1613,0.619963
img/hw4/9/hw4-0917.png,1000,1647,0.607165
img/hw4/9/hw4-0918.png,1000,1629,0.613874
img/hw4/9/hw4-0919.png,1000,1620,0.617284
img/hw4/9/hw4-0920.png,1000,1634,0.611995
img/hw4/9/hw4-0921.png,1000,1807,0.553403
img/hw4/9/hw4-0922.png,1000,1632,0.612745
img/hw4/9/hw4-0923.png,1000,1631,0.613121
img/hw4/9/hw4-0924.png,1000,1621,0.616903
img/hw4/9/hw4-0925.png,1000,1621,0.616903
img/hw4/9/hw4-0926.png,1000,1616,0.618812
img/hw4/9/hw4-0927.png,1000,1609,0.621504
img/hw4/9/hw4-0928.png,1000,1606,0.622665
img/hw4/9/hw4-0929.png,1000,1623,0.616143
img/hw4/9/hw4-0930.png,1000,1622,0.616523
img/hw4/9/hw4-0931.png,1000,1627,0.614628
img/hw4/9/hw4-0932.png,1000,1624,0.615764
img/hw4/9/hw4-0933.png,1000,1620,0.617284
img/hw4/9/hw4-0934.png,1000,1628,0.614251
img/hw4/9/hw4-0935.png,1000,1635,0.611621
img/hw4/9/hw4-0936.png,1000,1792,0.558036
img/hw4/9/hw4-0937.png,1000,1850,0.540541
img/hw4/9/hw4-0938.png,1000,1615,0.619195
img/hw4/9/hw4-0939.png,1000,1691,0.591366
img/hw4/9/hw4-0940.png,1000,1621,0.616903
img/hw4/9/hw4-0941.png,1000,1632,0.612745
img/hw4/9/hw4-0942.png,1000,1623,0.616143
img/hw4/9/hw4-0943.png,1000,1622,0.616523
img/hw4/9/hw4-0944.png,1000,1691,0.591366
img/hw4/9/hw4-0945.png,1000,1638,0.610501
img/hw4/9/hw4-0946.png,1000,1678,0.595948
img/hw4/9/hw4-0947.png,1000,1657,0.6035
img/hw4/9/hw4-0948.png,1000,1622,0.616523
img/hw4/9/hw4-0949.png,1000,1628,0.614251
img/hw4/9/hw4-0950.png,1000,1681,0.594884
img/hw4/9/hw4-0951.png,1000,1637,0.610874
img/hw4/9/hw4-0952.png,1000,1625,0.615385
img/hw4/9/hw4-0953.png,1000,1624,0.615764
img/hw4/9/hw4-0954.png,1000,1759,0.568505
img/hw4/9/hw4-0955.png,1000,1676,0.596659
img/hw4/9/hw4-0956.png,1000,1737,0.575705
img/hw4/9/hw4-0957.png,1000,1645,0.607903
img/hw4/9/hw4-0958.png,1000,1622,0.616523
img/hw4/9/hw4-0959.png,1000,1639,0.610128
img/hw4/9/hw4-0960.png,1000,1708,0.58548
img/hw4/9/hw4-0961.png,1000,1633,0.61237
img/hw4/9/hw4-0962.png,1000,1659,0.602773
img/hw4/9/hw4-0963.png,1000,1655,0.60423
img/hw4/9/hw4-0964.png,1000,1627,0.614628
img/hw4/9/hw4-0965.png,1000,1750,0.571429
img/hw4/9/hw4-0966.png,1000,1630,0.613497
img/hw4/9/hw4-0967.png,1000,1597,0.626174
img/hw4/9/hw4-0968.png,1000,1637,0.610874
img/hw4/9/hw4-0969.png,1000,1641,0.609385
img/hw4/9/hw4-0970.png,1000,1667,0.59988
img/hw4/9/hw4-0971.png,1000,1650,0.606061
img/hw4/9/hw4-0972.png,1000,1627,0.614628
img/hw4/9/hw4-0973.png,1000,1777,0.562746
img/hw4/9/hw4-0974.png,1000,1743,0.573723
img/hw4/9/hw4-0975.png,1000,1746,0.572738
img/hw4/9/hw4-0976.png,1000,1693,0.590667
img/hw4/9/hw4-0977.png,1000,1626,0.615006
img/hw4/9/hw4-0978.png,1000,1627,0.614628
img/hw4/9/hw4-0979.png,1000,1619,0.617665
img/hw4/9/hw4-0980.png,1000,1630,0.613497
img/hw4/9/hw4-0981.png,1000,1661,0.602047
img/hw4/9/hw4-0982.png,1000,1660,0.60241
img/hw4/9/hw4-0983.png,1000,1632,0.612745
img/hw4/9/hw4-0984.png,1000,1667,0.59988
img/hw4/9/hw4-0985.png,1000,1636,0.611247
img/hw4/9/hw4-0986.png,1000,1623,0.616143
img/hw4/9/hw4-0987.png,1000,1616,0.618812
img/hw4/9/hw4-0988.png,1000,1765,0.566572
img/hw4/9/hw4-0989.png,1000,1621,0.616903
img/hw4/9/hw4-0990.png,1000,1606,0.622665
img/hw4/9/hw4-0991.png,1000,1601,0.62461
img/hw4/9/hw4-0992.png,1000,1619,0.617665
img/hw4/9/hw4-0993.png,1000,1593,0.627746
img/hw4/9/hw4-0994.png,1000,1723,0.580383
img/hw4/9/hw4-0995.png,1000,1633,0.61237
img/hw4/9/hw4-0996.png,1000,1616,0.618812
img/hw4/9/hw4-0997.png,1000,1628,0.614251
img/hw4/9/hw4-0998.png,1000,1621,0.616903
img/hw4/9/hw4-0999.png,1000,1630,0.613497
